seed,state_id,candidate_id,candidate_type,predicted_q_mean,predicted_q_last,cumulative_reward,TotalThroughput,FairIdx,ProbCollision,finite_check
0,0,0,deterministic_actor,-0.5744009613990784,-0.5734475255012512,0.25360156076682294,0.10209327191114426,0.5580279231071472,0.0,True
0,0,1,actor_stochastic,-0.015898771584033966,-0.017816372215747833,0.07576820453495478,0.0611906573176384,0.4439536929130554,0.0,True
0,0,2,actor_stochastic,0.07010047882795334,0.07506292313337326,0.09475850958843718,0.08078588545322418,0.4999774396419525,0.0,True
0,0,3,actor_stochastic,0.08774309605360031,0.07996337860822678,0.0,0.019724423065781593,0.250003844499588,0.0,True
0,0,4,actor_stochastic,-0.03851253539323807,-0.009563274681568146,0.01999016406204476,0.04038180410861969,0.2500018775463104,0.0,True
0,0,5,actor_stochastic,-0.04280192404985428,-0.008554764091968536,0.01998200821001239,0.04037337750196457,0.2500018775463104,0.0,True
0,0,6,actor_stochastic,0.10766177624464035,0.126569926738739,0.100638115229936,0.06111521273851395,0.7492011785507202,0.0,True
0,0,7,actor_stochastic,0.0620681568980217,0.09210222214460373,0.020075104896110873,0.040469586849212646,0.2500018775463104,0.0,True
0,0,8,actor_stochastic,-0.005427904427051544,0.016791515052318573,0.019981053040920054,0.04037239030003548,0.2500018775463104,0.0,True
0,0,9,actor_stochastic,0.07403021305799484,0.08174245804548264,0.3002126819585825,0.10064715147018433,0.6913074851036072,0.0,True
0,0,10,actor_stochastic,-0.020694918930530548,0.0034391209483146667,0.01953118454863275,0.039907507598400116,0.2500019073486328,0.0,True
0,0,11,actor_stochastic,-0.07503623515367508,-0.09191209822893143,0.019976609428186153,0.04036779701709747,0.2500019073486328,0.0,True
0,0,12,actor_stochastic,0.09729164093732834,0.1009322926402092,0.09507533040911186,0.08121754229068756,0.5000001192092896,0.0,True
0,0,13,actor_stochastic,0.029593877494335175,0.002563886344432831,0.1538134537421955,0.08219773322343826,0.6507123708724976,0.0,True
0,0,14,actor_stochastic,0.2463250756263733,0.24139946699142456,0.2544709999723625,0.08248952776193619,0.6602385640144348,0.0,True
0,0,15,actor_stochastic,-0.3104481101036072,-0.3088887333869934,0.0,0.019724423065781593,0.250003844499588,0.0,True
0,0,16,random_baseline,0.04712133854627609,0.0860711857676506,0.13540968480504267,0.10194867849349976,0.36341696977615356,0.0,True
0,0,17,random_baseline,-0.0580415204167366,-0.042992182075977325,0.0602209702839827,0.08195541799068451,0.25000086426734924,0.0,True
0,0,18,random_baseline,-0.07951003313064575,-0.03285390883684158,0.07638881296325438,0.06159403175115585,0.4427672028541565,0.0,True
0,0,19,random_baseline,0.08816652745008469,0.10516899079084396,0.0,0.019724423065781593,0.250003844499588,0.0,True
0,0,20,random_baseline,0.007025294005870819,0.041604213416576385,0.1082866132794273,0.08265215903520584,0.39270347356796265,0.0,True
0,0,21,random_baseline,-0.1257762312889099,-0.09831172972917557,0.13584020304810918,0.10228482633829117,0.36300522089004517,0.0,True
0,0,22,random_baseline,0.03656022995710373,0.025891952216625214,0.04085342881114963,0.06194143742322922,0.25000113248825073,0.0,True
0,0,23,random_baseline,-0.12761276960372925,-0.12645822763442993,0.29523065378892777,0.10260062664747238,0.5567375421524048,0.0,True
0,0,24,random_baseline,-0.027498789131641388,-0.008255787193775177,0.01953663870258028,0.03991314396262169,0.2500019073486328,0.0,True
0,0,25,random_baseline,0.057242922484874725,0.05273502320051193,0.07306457073304254,0.05949067696928978,0.449038028717041,0.0,True
0,0,26,random_baseline,-0.04039568454027176,-0.016687698662281036,0.2479787133445961,0.10034643113613129,0.561893105506897,0.0,True
0,0,27,random_baseline,0.135484516620636,0.14955157041549683,0.020083821390871347,0.04047859087586403,0.2500018775463104,0.0,True
0,0,28,random_baseline,0.15316182374954224,0.1775190234184265,0.0402336555790129,0.06130097061395645,0.2500011622905731,0.0,True
0,0,29,random_baseline,-0.04993755370378494,-0.04705030471086502,0.0385468684910419,0.039641644805669785,0.49999070167541504,0.0,True
0,0,30,random_baseline,-0.08125900477170944,-0.10159964114427567,0.291168864131757,0.1231292188167572,0.4487125277519226,0.0,True
0,0,31,random_baseline,0.12539464235305786,0.16582173109054565,0.019772150177477087,0.04015651345252991,0.2500019073486328,0.0,True
0,1,0,deterministic_actor,-0.5769462585449219,-0.5836392045021057,0.0,0.040385838598012924,0.2500033974647522,0.0,True
0,1,1,actor_stochastic,0.3993526101112366,0.3859226107597351,0.03550307682650099,0.06072814017534256,0.4508855938911438,0.0,True
0,1,2,actor_stochastic,-0.10701042413711548,-0.15362483263015747,0.0,0.040385838598012924,0.2500033974647522,0.0,True
0,1,3,actor_stochastic,0.2561860680580139,0.3187853693962097,0.0,0.040385838598012924,0.2500033974647522,0.0,True
0,1,4,actor_stochastic,0.06781613081693649,0.05841296166181564,0.0,0.040385838598012924,0.2500033974647522,0.0,True
0,1,5,actor_stochastic,0.2746350169181824,0.3030015826225281,0.0,0.040385838598012924,0.2500033974647522,0.0,True
0,1,6,actor_stochastic,0.27127528190612793,0.34623950719833374,0.0,0.040385838598012924,0.2500033974647522,0.0,True
0,1,7,actor_stochastic,-0.35622638463974,-0.38567811250686646,0.0,0.040385838598012924,0.2500033974647522,0.0,True
0,1,8,actor_stochastic,0.176372230052948,0.17525094747543335,0.03576617976800461,0.06084725260734558,0.4515827000141144,0.0,True
0,1,9,actor_stochastic,0.20370012521743774,0.2274886965751648,0.0,0.040385838598012924,0.2500033974647522,0.0,True
0,1,10,actor_stochastic,0.17770451307296753,0.2105969786643982,0.0,0.040385838598012924,0.2500033974647522,0.0,True
0,1,11,actor_stochastic,0.271690309047699,0.2654830813407898,0.276033282380692,0.12330659478902817,0.45452433824539185,0.0,True
0,1,12,actor_stochastic,0.30522364377975464,0.30394572019577026,0.07379031236230707,0.08052562177181244,0.4999975860118866,0.0,True
0,1,13,actor_stochastic,0.2848411202430725,0.3060377836227417,0.07633271408286765,0.0818570926785469,0.4999143183231354,0.0,True
0,1,14,actor_stochastic,0.21572822332382202,0.2402469515800476,0.0,0.040385838598012924,0.2500033974647522,0.0,True
0,1,15,actor_stochastic,0.22218292951583862,0.2479807734489441,0.0,0.040385838598012924,0.2500033974647522,0.0,True
0,1,16,random_baseline,0.3291492462158203,0.3224415183067322,0.0,0.040385838598012924,0.2500033974647522,0.0,True
0,1,17,random_baseline,0.18017202615737915,0.16962307691574097,0.0,0.040385838598012924,0.2500033974647522,0.0,True
0,1,18,random_baseline,0.07699819654226303,0.08099263161420822,0.0,0.040385838598012924,0.2500033974647522,0.0,True
0,1,19,random_baseline,-0.4096803665161133,-0.4550808072090149,0.0,0.040385838598012924,0.2500033974647522,0.0,True
0,1,20,random_baseline,0.10920732468366623,0.138805091381073,0.039908628148528,0.08162632584571838,0.2500016689300537,0.0,True
0,1,21,random_baseline,0.1814594864845276,0.22835081815719604,0.0,0.040385838598012924,0.2500033974647522,0.0,True
0,1,22,random_baseline,0.15967124700546265,0.17503947019577026,0.0,0.040385838598012924,0.2500033974647522,0.0,True
0,1,23,random_baseline,0.28930848836898804,0.30075424909591675,0.0,0.040385838598012924,0.2500033974647522,0.0,True
0,1,24,random_baseline,-0.03694457560777664,-0.02425510436296463,0.036742517160875315,0.06128866225481033,0.4541131854057312,0.0,True
0,1,25,random_baseline,0.11983829736709595,0.10843246430158615,0.04029002670566265,0.08202045410871506,0.2500016689300537,0.0,True
0,1,26,random_baseline,0.3596964478492737,0.3372604250907898,0.07636035400008061,0.08174373209476471,0.49993154406547546,0.0,True
0,1,27,random_baseline,-0.1821081042289734,-0.2033270001411438,0.0,0.040385838598012924,0.2500033974647522,0.0,True
0,1,28,random_baseline,0.146367609500885,0.16976851224899292,0.0,0.040385838598012924,0.2500033974647522,0.0,True
0,1,29,random_baseline,0.2410711646080017,0.2657281756401062,0.03996189612921353,0.08168137073516846,0.2500016689300537,0.0,True
0,1,30,random_baseline,-0.2130131721496582,-0.25591737031936646,0.0,0.040385838598012924,0.2500033974647522,0.0,True
0,1,31,random_baseline,0.18964189291000366,0.16861027479171753,0.0,0.040385838598012924,0.2500033974647522,0.0,True
0,2,0,deterministic_actor,-0.5694330930709839,-0.5794273018836975,0.0,0.040385838598012924,0.2500041425228119,0.0,True
0,2,1,actor_stochastic,0.2612507939338684,0.25514763593673706,0.03417485652431745,0.06012556701898575,0.44726574420928955,0.0,True
0,2,2,actor_stochastic,0.21365898847579956,0.209852397441864,0.0,0.040385838598012924,0.2500041425228119,0.0,True
0,2,3,actor_stochastic,0.16768836975097656,0.19551652669906616,0.0,0.040385838598012924,0.2500041425228119,0.0,True
0,2,4,actor_stochastic,0.08135741204023361,0.0478321835398674,0.0,0.040385838598012924,0.2500041425228119,0.0,True
0,2,5,actor_stochastic,0.27478688955307007,0.262525737285614,0.0,0.040385838598012924,0.2500041425228119,0.0,True
0,2,6,actor_stochastic,0.15920883417129517,0.1170617863535881,0.0,0.040385838598012924,0.2500041425228119,0.0,True
0,2,7,actor_stochastic,-0.026139475405216217,-0.0661514475941658,0.03544742784459979,0.06070290133357048,0.4507378041744232,0.0,True
0,2,8,actor_stochastic,0.04834156483411789,0.007914595305919647,0.0,0.040385838598012924,0.2500041425228119,0.0,True
0,2,9,actor_stochastic,0.27194470167160034,0.2706896662712097,0.0,0.040385838598012924,0.2500041425228119,0.0,True
0,2,10,actor_stochastic,0.3029109835624695,0.2732669711112976,0.0,0.040385838598012924,0.2500041425228119,0.0,True
0,2,11,actor_stochastic,0.22004705667495728,0.18965977430343628,0.035559821714969485,0.060753803700208664,0.4510369300842285,0.0,True
0,2,12,actor_stochastic,0.24962657690048218,0.2539660334587097,0.0,0.040385838598012924,0.2500041425228119,0.0,True
0,2,13,actor_stochastic,0.03006630390882492,0.06382577866315842,0.0,0.040385838598012924,0.2500041425228119,0.0,True
0,2,14,actor_stochastic,0.23361116647720337,0.25056618452072144,0.0,0.040385838598012924,0.2500041425228119,0.0,True
0,2,15,actor_stochastic,0.0534169003367424,0.06916873902082443,0.0,0.040385838598012924,0.2500041425228119,0.0,True
0,2,16,random_baseline,0.15786808729171753,0.14082783460617065,0.0,0.040385838598012924,0.2500041425228119,0.0,True
0,2,17,random_baseline,-0.013730593025684357,-0.027516193687915802,0.0,0.040385838598012924,0.2500041425228119,0.0,True
0,2,18,random_baseline,-0.07448632270097733,-0.08335907012224197,0.0,0.040385838598012924,0.2500041425228119,0.0,True
0,2,19,random_baseline,0.20030587911605835,0.20698803663253784,0.0,0.040385838598012924,0.2500041425228119,0.0,True
0,2,20,random_baseline,0.12306922674179077,0.12759512662887573,0.0,0.040385838598012924,0.2500041425228119,0.0,True
0,2,21,random_baseline,0.16622096300125122,0.19429892301559448,0.0,0.040385838598012924,0.2500041425228119,0.0,True
0,2,22,random_baseline,0.23717814683914185,0.23845213651657104,0.0,0.040385838598012924,0.2500041425228119,0.0,True
0,2,23,random_baseline,0.02599196881055832,0.007520847022533417,0.0,0.040385838598012924,0.2500041425228119,0.0,True
0,2,24,random_baseline,0.09950923919677734,0.05631320923566818,0.0,0.040385838598012924,0.2500041425228119,0.0,True
0,2,25,random_baseline,0.04791989177465439,0.0083421990275383,0.0,0.040385838598012924,0.2500041425228119,0.0,True
0,2,26,random_baseline,0.22681695222854614,0.19929760694503784,0.0,0.040385838598012924,0.2500041425228119,0.0,True
0,2,27,random_baseline,0.3666035532951355,0.3826577067375183,0.034812565709410236,0.06041513383388519,0.44902509450912476,0.0,True
0,2,28,random_baseline,0.02939193695783615,0.04192274063825607,0.0,0.040385838598012924,0.2500041425228119,0.0,True
0,2,29,random_baseline,0.12248915433883667,0.11673944443464279,0.0,0.040385838598012924,0.2500041425228119,0.0,True
0,2,30,random_baseline,0.203372061252594,0.24123603105545044,0.0,0.040385838598012924,0.2500041425228119,0.0,True
0,2,31,random_baseline,0.17594832181930542,0.21003836393356323,0.0,0.040385838598012924,0.2500041425228119,0.0,True
0,3,0,deterministic_actor,-0.5744009613990784,-0.5734475255012512,0.25360156076682294,0.10209327191114426,0.5580279231071472,0.0,True
0,3,1,actor_stochastic,0.036429695785045624,0.06304376572370529,0.02031818850859473,0.04072078317403793,0.2500018775463104,0.0,True
0,3,2,actor_stochastic,0.08237933367490768,0.07585339993238449,0.09479580732647261,0.08083899319171906,0.49997031688690186,0.0,True
0,3,3,actor_stochastic,0.15620166063308716,0.21201342344284058,0.15121775174054528,0.08101056516170502,0.6599290370941162,0.0,True
0,3,4,actor_stochastic,-0.10779792815446854,-0.14210540056228638,0.07561337254795611,0.061078399419784546,0.44428545236587524,0.0,True
0,3,5,actor_stochastic,0.07190971821546555,0.03876321762800217,0.09790190185615699,0.06029604375362396,0.7498068809509277,0.0,True
0,3,6,actor_stochastic,0.11879986524581909,0.10171812027692795,0.09550375374025605,0.08133678138256073,0.4999767243862152,0.0,True
0,3,7,actor_stochastic,0.008758120238780975,0.07562702149152756,0.0,0.019724423065781593,0.250003844499588,0.0,True
0,3,8,actor_stochastic,-0.1804986596107483,-0.17461568117141724,0.0,0.019724423065781593,0.250003844499588,0.0,True
0,3,9,actor_stochastic,0.03490810841321945,0.04168146103620529,0.09752059097154772,0.060201942920684814,0.7497168183326721,0.0,True
0,3,10,actor_stochastic,-0.011174149811267853,0.03448360413312912,0.15270292662771046,0.08173743635416031,0.6510547995567322,0.0,True
0,3,11,actor_stochastic,0.1588115096092224,0.13569754362106323,0.08040717703429973,0.10281538218259811,0.2500007152557373,0.0,True
0,3,12,actor_stochastic,0.07545559853315353,0.06066363304853439,0.019762358540694802,0.040146395564079285,0.2500019073486328,0.0,True
0,3,13,actor_stochastic,0.06654553860425949,0.06307762116193771,0.07528813516484464,0.06089790537953377,0.44481971859931946,0.0,True
0,3,14,actor_stochastic,0.2509611248970032,0.31721657514572144,0.07676470891583537,0.06187214329838753,0.44195377826690674,0.0,True
0,3,15,actor_stochastic,0.06422656029462814,0.09863965958356857,0.019705406006771453,0.04008754342794418,0.2500019073486328,0.0,True
0,3,16,random_baseline,-0.21375644207000732,-0.2213403582572937,0.28929435170956663,0.1230354756116867,0.4491759240627289,0.0,True
0,3,17,random_baseline,0.07356362789869308,0.1216847226023674,0.07428332727294157,0.060262419283390045,0.44671356678009033,0.0,True
0,3,18,random_baseline,0.04038851708173752,0.06226175278425217,0.019882432985722422,0.040270477533340454,0.2500018775463104,0.0,True
0,3,19,random_baseline,-0.3361494541168213,-0.321011483669281,0.13660613330157506,0.10287877172231674,0.36228427290916443,0.0,True
0,3,20,random_baseline,0.15236824750900269,0.1430484652519226,0.30235440178076756,0.1018465906381607,0.6893824934959412,0.0,True
0,3,21,random_baseline,-0.1881365180015564,-0.19705730676651,0.04050189659193833,0.04067016392946243,0.4995519518852234,0.0,True
0,3,22,random_baseline,-0.21938449144363403,-0.2169225811958313,0.10977182969568344,0.10104915499687195,0.48399606347084045,0.0,True
0,3,23,random_baseline,0.13067814707756042,0.14385217428207397,0.020722199655763114,0.04113827645778656,0.25000184774398804,0.0,True
0,3,24,random_baseline,-0.04613883048295975,-0.05028612166643143,0.0,0.019724423065781593,0.250003844499588,0.0,True
0,3,25,random_baseline,-0.06382016092538834,-0.07552153617143631,0.0,0.019724423065781593,0.250003844499588,0.0,True
0,3,26,random_baseline,0.0668892189860344,0.04641025513410568,0.20240401983317066,0.09979631006717682,0.6925609707832336,0.0,True
0,3,27,random_baseline,-0.2277734875679016,-0.2586262822151184,0.0557646519554153,0.06067811697721481,0.45284274220466614,0.0,True
0,3,28,random_baseline,0.06966166943311691,0.0839502140879631,0.03848787180297409,0.039610959589481354,0.4999942481517792,0.0,True
0,3,29,random_baseline,0.08787339180707932,0.1269800066947937,0.019613760531685235,0.039992839097976685,0.2500019073486328,0.0,True
0,3,30,random_baseline,-0.08573395758867264,-0.07167894393205643,0.019512166532139733,0.03988785296678543,0.2500019073486328,0.0,True
0,3,31,random_baseline,0.12306147813796997,0.11071031540632248,0.30113131929389236,0.10162718594074249,0.6895714998245239,0.0,True
0,4,0,deterministic_actor,-0.8665933012962341,-0.8679918646812439,0.06512147454088953,0.0792175680398941,0.3993554711341858,0.0,True
0,4,1,actor_stochastic,-0.3601277470588684,-0.3848598599433899,0.0951157635935156,0.10047683119773865,0.36525410413742065,0.0,True
0,4,2,actor_stochastic,-0.22108471393585205,-0.25086861848831177,0.03533663515140419,0.059965990483760834,0.44760459661483765,0.0,True
0,4,3,actor_stochastic,0.236838698387146,0.3152468800544739,0.0,0.03957061469554901,0.4999998211860657,0.0,True
0,4,4,actor_stochastic,0.0009488388895988464,0.04454200714826584,0.0,0.03957061469554901,0.4999998211860657,0.0,True
0,4,5,actor_stochastic,0.14593714475631714,0.1414443850517273,0.08656074316741938,0.079559825360775,0.667587161064148,0.0,True
0,4,6,actor_stochastic,0.47538620233535767,0.5505674481391907,0.0,0.03957061469554901,0.4999998211860657,0.0,True
0,4,7,actor_stochastic,0.14392328262329102,0.15438789129257202,0.06490860795643054,0.07906254380941391,0.3996681272983551,0.0,True
0,4,8,actor_stochastic,-0.05643636733293533,-0.09271986037492752,0.036891689655643316,0.06101324409246445,0.4444792568683624,0.0,True
0,4,9,actor_stochastic,0.12204152345657349,0.10968511551618576,0.06831747724535447,0.08156798779964447,0.39474794268608093,0.0,True
0,4,10,actor_stochastic,-0.08896476775407791,-0.10179264098405838,0.08603445422623018,0.07968010008335114,0.6631434559822083,0.0,True
0,4,11,actor_stochastic,-0.1774258017539978,-0.18839913606643677,0.095828227449528,0.10103508085012436,0.3645510673522949,0.0,True
0,4,12,actor_stochastic,-0.04907674342393875,-0.04992849379777908,0.06709857535363706,0.0806911289691925,0.3964381515979767,0.0,True
0,4,13,actor_stochastic,-0.03325317054986954,-0.05735547095537186,0.08634225169830553,0.07982747256755829,0.663194477558136,0.0,True
0,4,14,actor_stochastic,-0.38580018281936646,-0.39999228715896606,0.0,0.03957061469554901,0.4999998211860657,0.0,True
0,4,15,actor_stochastic,-0.3104115128517151,-0.32572728395462036,0.0,0.03957061469554901,0.4999998211860657,0.0,True
0,4,16,random_baseline,0.004912547767162323,0.0691329762339592,0.0,0.03957061469554901,0.4999998211860657,0.0,True
0,4,17,random_baseline,-0.09904486685991287,-0.09465772658586502,0.27015758970243137,0.14032286405563354,0.6433513760566711,0.0,True
0,4,18,random_baseline,0.10650300234556198,0.10406320542097092,0.0,0.03957061469554901,0.4999998211860657,0.0,True
0,4,19,random_baseline,-0.22441750764846802,-0.21337205171585083,0.0,0.03957061469554901,0.4999998211860657,0.0,True
0,4,20,random_baseline,-0.35836541652679443,-0.3822861313819885,0.1255394588324389,0.12354900687932968,0.34168124198913574,0.0,True
0,4,21,random_baseline,0.03313349932432175,0.09631054848432541,0.0,0.03957061469554901,0.4999998211860657,0.0,True
0,4,22,random_baseline,-0.2794261574745178,-0.31872159242630005,0.06680144162925439,0.08046583831310272,0.39687785506248474,0.0,True
0,4,23,random_baseline,-0.056184835731983185,-0.06902439147233963,0.0,0.03957061469554901,0.4999998211860657,0.0,True
0,4,24,random_baseline,0.11334878206253052,0.1493207812309265,0.0858509117943402,0.07955268025398254,0.6635814309120178,0.0,True
0,4,25,random_baseline,-0.2800818085670471,-0.3157272934913635,0.035992277982281315,0.06040578708052635,0.4462859630584717,0.0,True
0,4,26,random_baseline,0.2259100079536438,0.21774452924728394,0.13642460041625373,0.12234718352556229,0.49713531136512756,0.0,True
0,4,27,random_baseline,-0.2302677035331726,-0.2541723847389221,0.06712443644145341,0.08068805932998657,0.39644408226013184,0.0,True
0,4,28,random_baseline,0.5225329399108887,0.569184422492981,0.0,0.03957061469554901,0.4999998211860657,0.0,True
0,4,29,random_baseline,-0.577717661857605,-0.6159534454345703,0.09591855783673346,0.10110511630773544,0.3644634485244751,0.0,True
0,4,30,random_baseline,0.15333324670791626,0.1524830460548401,0.0,0.03957061469554901,0.4999998211860657,0.0,True
0,4,31,random_baseline,0.026769213378429413,0.06185644119977951,0.0,0.03957061469554901,0.4999998211860657,0.0,True
0,5,0,deterministic_actor,-1.1465013027191162,-1.1543760299682617,0.0,0.03957061469554901,0.5000008344650269,0.0,True
0,5,1,actor_stochastic,-0.16677339375019073,-0.19823825359344482,0.0,0.03957061469554901,0.5000008344650269,0.0,True
0,5,2,actor_stochastic,-0.12793880701065063,-0.1370742917060852,0.0,0.03957061469554901,0.5000008344650269,0.0,True
0,5,3,actor_stochastic,-0.17538443207740784,-0.1998003125190735,0.03494475280597108,0.059704262763261795,0.44839388132095337,0.0,True
0,5,4,actor_stochastic,-0.06166226416826248,-0.08116132766008377,0.06643376151517051,0.08016440272331238,0.3974701464176178,0.0,True
0,5,5,actor_stochastic,0.06292449682950974,0.07004421204328537,0.0,0.03957061469554901,0.5000008344650269,0.0,True
0,5,6,actor_stochastic,-0.28828561305999756,-0.3077583909034729,0.035682383291111924,0.06019751727581024,0.44690993428230286,0.0,True
0,5,7,actor_stochastic,-0.05605608969926834,-0.04582197219133377,0.034383567892507606,0.059331148862838745,0.44952359795570374,0.0,True
0,5,8,actor_stochastic,-0.02351946383714676,0.006310157477855682,0.0,0.03957061469554901,0.5000008344650269,0.0,True
0,5,9,actor_stochastic,-0.05719286948442459,-0.08028490096330643,0.03476023444044327,0.05958137288689613,0.4487653970718384,0.0,True
0,5,10,actor_stochastic,0.10556095093488693,0.12946146726608276,0.0,0.03957061469554901,0.5000008344650269,0.0,True
0,5,11,actor_stochastic,0.26279085874557495,0.25363558530807495,0.06706655873167011,0.08063304424285889,0.3965516686439514,0.0,True
0,5,12,actor_stochastic,-0.01787550002336502,-0.031590767204761505,0.0,0.03957061469554901,0.5000008344650269,0.0,True
0,5,13,actor_stochastic,0.00034486502408981323,-0.008370228111743927,0.03444756883603743,0.05937361717224121,0.4493946433067322,0.0,True
0,5,14,actor_stochastic,-0.3295937180519104,-0.3669646382331848,0.0,0.03957061469554901,0.5000008344650269,0.0,True
0,5,15,actor_stochastic,0.06290798634290695,0.07938354462385178,0.0,0.03957061469554901,0.5000008344650269,0.0,True
0,5,16,random_baseline,-0.2705145478248596,-0.28669100999832153,0.06632594968783795,0.08008526265621185,0.39762619137763977,0.0,True
0,5,17,random_baseline,-0.029866226017475128,-0.04249650985002518,0.0,0.03957061469554901,0.5000008344650269,0.0,True
0,5,18,random_baseline,0.17836052179336548,0.20917266607284546,0.0,0.03957061469554901,0.5000008344650269,0.0,True
0,5,19,random_baseline,-0.16926437616348267,-0.18347913026809692,0.06718275020669193,0.08072573691606522,0.3963712155818939,0.0,True
0,5,20,random_baseline,-0.9252898693084717,-0.9551236033439636,0.0,0.03957061469554901,0.5000008344650269,0.0,True
0,5,21,random_baseline,-0.07517636567354202,-0.07121426612138748,0.0,0.03957061469554901,0.5000008344650269,0.0,True
0,5,22,random_baseline,-0.6394569277763367,-0.656183660030365,0.0,0.03957061469554901,0.5000008344650269,0.0,True
0,5,23,random_baseline,0.21970614790916443,0.24031180143356323,0.0,0.03957061469554901,0.5000008344650269,0.0,True
0,5,24,random_baseline,-0.4483107328414917,-0.4818282723426819,0.0,0.03957061469554901,0.5000008344650269,0.0,True
0,5,25,random_baseline,0.0941200777888298,0.10159128159284592,0.0,0.03957061469554901,0.5000008344650269,0.0,True
0,5,26,random_baseline,-0.3605439066886902,-0.38989192247390747,0.0,0.03957061469554901,0.5000008344650269,0.0,True
0,5,27,random_baseline,-0.0548219159245491,-0.019263572990894318,0.0,0.03957061469554901,0.5000008344650269,0.0,True
0,5,28,random_baseline,-0.020590580999851227,-0.027062363922595978,0.03494023997808556,0.05970124900341034,0.4484030604362488,0.0,True
0,5,29,random_baseline,-0.04193884879350662,-0.051521606743335724,0.06819765428204441,0.08146099746227264,0.39495277404785156,0.0,True
0,5,30,random_baseline,-0.0067127421498298645,-0.017144031822681427,0.03434229489759755,0.059303779155015945,0.449606716632843,0.0,True
0,5,31,random_baseline,-0.07566221803426743,-0.06534583121538162,0.0,0.03957061469554901,0.5000008344650269,0.0,True
0,6,0,deterministic_actor,-0.5744009613990784,-0.5734475255012512,0.25360156076682294,0.10209327191114426,0.5580279231071472,0.0,True
0,6,1,actor_stochastic,0.11931532621383667,0.09981649369001389,0.07629000602714738,0.06152966246008873,0.44295600056648254,0.0,True
0,6,2,actor_stochastic,0.11744469404220581,0.17029112577438354,0.0,0.019724423065781593,0.250003844499588,0.0,True
0,6,3,actor_stochastic,0.13889676332473755,0.14015358686447144,0.09473937390618642,0.08069635927677155,0.4999556541442871,0.0,True
0,6,4,actor_stochastic,0.27356499433517456,0.26936644315719604,0.2537297287702465,0.08251812309026718,0.6598421335220337,0.0,True
0,6,5,actor_stochastic,0.014369957149028778,0.031087331473827362,0.12699993544633487,0.08147920668125153,0.6556754112243652,0.0,True
0,6,6,actor_stochastic,-0.038218602538108826,-0.05643809586763382,0.12784108411223621,0.08168695867061615,0.6577900052070618,0.0,True
0,6,7,actor_stochastic,-0.05824819952249527,-0.06436879187822342,0.054810022741263856,0.060197003185749054,0.45067429542541504,0.0,True
0,6,8,actor_stochastic,0.08927982300519943,0.09766023606061935,0.019147122361746653,0.03951062262058258,0.2500019371509552,0.0,True
0,6,9,actor_stochastic,0.10837149620056152,0.09423678368330002,0.056914315623797104,0.061602454632520676,0.452897310256958,0.0,True
0,6,10,actor_stochastic,0.036700181663036346,0.06525009125471115,0.0,0.019724423065781593,0.250003844499588,0.0,True
0,6,11,actor_stochastic,0.04240214079618454,0.07113593071699142,0.0,0.019724423065781593,0.250003844499588,0.0,True
0,6,12,actor_stochastic,-0.0076146796345710754,0.014165572822093964,0.020063802061851585,0.04045790433883667,0.2500018775463104,0.0,True
0,6,13,actor_stochastic,0.03252928704023361,0.05746667832136154,0.019921172706083245,0.040310509502887726,0.2500018775463104,0.0,True
0,6,14,actor_stochastic,-0.11121267080307007,-0.07140428572893143,0.019142933691487878,0.039506297558546066,0.2500019073486328,0.0,True
0,6,15,actor_stochastic,-0.023179449141025543,-0.032249875366687775,0.019580911020727138,0.0399588942527771,0.2500018775463104,0.0,True
0,6,16,random_baseline,0.134333074092865,0.15753334760665894,0.0,0.019724423065781593,0.250003844499588,0.0,True
0,6,17,random_baseline,0.05248861759901047,0.036614589393138885,0.09446386530234105,0.08048280328512192,0.4999360144138336,0.0,True
0,6,18,random_baseline,0.09409493207931519,0.1510135531425476,0.07647082368923531,0.06169191747903824,0.4424804747104645,0.0,True
0,6,19,random_baseline,0.3034002184867859,0.29550856351852417,0.0551027659178622,0.06078116595745087,0.448097288608551,0.0,True
0,6,20,random_baseline,-0.6027783751487732,-0.6171405911445618,0.0,0.019724423065781593,0.250003844499588,0.0,True
0,6,21,random_baseline,0.08207612484693527,0.10087364166975021,0.07325399183847664,0.05964692682027817,0.4485653042793274,0.0,True
0,6,22,random_baseline,0.33072155714035034,0.3539683222770691,0.0,0.019724423065781593,0.250003844499588,0.0,True
0,6,23,random_baseline,0.17149996757507324,0.16062134504318237,0.09304106018829922,0.08006538450717926,0.4999954402446747,0.0,True
0,6,24,random_baseline,0.10453766584396362,0.08273141831159592,0.30351138841219055,0.10202232003211975,0.6890736818313599,0.0,True
0,6,25,random_baseline,0.4936642646789551,0.5236651301383972,0.07336613191995708,0.05967891216278076,0.44846871495246887,0.0,True
0,6,26,random_baseline,0.01829236000776291,0.04329841583967209,0.0762881948973467,0.06152848154306412,0.44295942783355713,0.0,True
0,6,27,random_baseline,0.09071259945631027,0.11238043755292892,0.06026745171905204,0.08200345188379288,0.25000089406967163,0.0,True
0,6,28,random_baseline,-0.00976378470659256,0.06744854897260666,0.0,0.019724423065781593,0.250003844499588,0.0,True
0,6,29,random_baseline,0.08134453743696213,0.13652151823043823,0.0,0.019724423065781593,0.250003844499588,0.0,True
0,6,30,random_baseline,0.08759348839521408,0.10233419388532639,0.10463755126418545,0.08004400134086609,0.39770641922950745,0.0,True
0,6,31,random_baseline,0.09704392403364182,0.1302167773246765,0.13481438605051818,0.10148905217647552,0.3639845848083496,0.0,True
0,7,0,deterministic_actor,-0.5277228951454163,-0.530439555644989,0.019410159548856238,0.1222618818283081,0.25000104308128357,0.0,True
0,7,1,actor_stochastic,0.31809180974960327,0.30591219663619995,0.02621533326951366,0.12194342911243439,0.3430977761745453,0.0,True
0,7,2,actor_stochastic,0.10481517761945724,0.12042634934186935,0.019182878909072724,0.12202701717615128,0.25000104308128357,0.0,True
0,7,3,actor_stochastic,-0.055907078087329865,-0.06461507827043533,0.02016822696109828,0.12304525077342987,0.25000104308128357,0.0,True
0,7,4,actor_stochastic,-0.014702834188938141,-0.029411621391773224,0.0,0.1022038608789444,0.2500012516975403,0.0,True
0,7,5,actor_stochastic,0.26071101427078247,0.24939697980880737,0.0,0.1022038608789444,0.2500012516975403,0.0,True
0,7,6,actor_stochastic,0.08958487957715988,0.12789076566696167,0.0,0.1022038608789444,0.2500012516975403,0.0,True
0,7,7,actor_stochastic,0.05961494892835617,0.0585586354136467,0.0,0.1022038608789444,0.2500012516975403,0.0,True
0,7,8,actor_stochastic,0.13187474012374878,0.11128919571638107,0.04681246229988817,0.14333567023277283,0.3348602056503296,0.0,True
0,7,9,actor_stochastic,0.07791107147932053,0.07376544922590256,0.01921591068659675,0.12206114828586578,0.25000104308128357,0.0,True
0,7,10,actor_stochastic,-0.05138058215379715,-0.08729536086320877,0.11653633605400747,0.1835533231496811,0.4951774775981903,0.0,True
0,7,11,actor_stochastic,-0.11429190635681152,-0.0854385569691658,0.0,0.1022038608789444,0.2500012516975403,0.0,True
0,7,12,actor_stochastic,-0.3019101023674011,-0.31523996591567993,0.0,0.1022038608789444,0.2500012516975403,0.0,True
0,7,13,actor_stochastic,-0.0058204904198646545,-0.016096897423267365,0.10645946247831761,0.16393257677555084,0.5352481603622437,0.0,True
0,7,14,actor_stochastic,-0.08117396384477615,-0.08170682936906815,0.047732009814441825,0.14449907839298248,0.33318623900413513,0.0,True
0,7,15,actor_stochastic,0.209171324968338,0.23762768507003784,0.09825021787798975,0.16362501680850983,0.4707562327384949,0.0,True
0,7,16,random_baseline,-0.12521594762802124,-0.13261038064956665,0.0,0.1022038608789444,0.2500012516975403,0.0,True
0,7,17,random_baseline,-0.0032320693135261536,-0.022686786949634552,0.020669049340835337,0.1235627830028534,0.2500010132789612,0.0,True
0,7,18,random_baseline,0.13917070627212524,0.15776175260543823,0.026427669204476898,0.12207101285457611,0.3436557650566101,0.0,True
0,7,19,random_baseline,-0.3239898085594177,-0.3325803875923157,0.01919178228474257,0.12203621119260788,0.25000104308128357,0.0,True
0,7,20,random_baseline,0.021511487662792206,0.03150861710309982,0.020506928998371254,0.12339525669813156,0.25000104308128357,0.0,True
0,7,21,random_baseline,0.15897244215011597,0.15412062406539917,0.02016247287482707,0.12303930521011353,0.25000104308128357,0.0,True
0,7,22,random_baseline,-0.16715902090072632,-0.18458348512649536,0.02058026014433924,0.12347103655338287,0.25000104308128357,0.0,True
0,7,23,random_baseline,-0.16759389638900757,-0.18194061517715454,0.06378682069036305,0.16253893077373505,0.3193020224571228,0.0,True
0,7,24,random_baseline,0.0332522913813591,0.023363284766674042,0.0,0.1022038608789444,0.2500012516975403,0.0,True
0,7,25,random_baseline,0.09792166203260422,0.11456077545881271,0.02697175797549062,0.1223965734243393,0.34507614374160767,0.0,True
0,7,26,random_baseline,0.12277945876121521,0.08737080544233322,0.10122193811232214,0.16510328650474548,0.4731845557689667,0.0,True
0,7,27,random_baseline,0.19529646635055542,0.20658433437347412,0.061315164929857516,0.143362894654274,0.42325952649116516,0.0,True
0,7,28,random_baseline,0.009015373885631561,0.021184615790843964,0.0,0.1022038608789444,0.2500012516975403,0.0,True
0,7,29,random_baseline,0.028778009116649628,0.015918903052806854,0.020535946297101412,0.12342524528503418,0.25000104308128357,0.0,True
0,7,30,random_baseline,-0.058538682758808136,-0.08038455992937088,0.019452892983465444,0.12230604141950607,0.25000104308128357,0.0,True
0,7,31,random_baseline,0.17515474557876587,0.2420932650566101,0.06059773604030236,0.14298371970653534,0.4221038520336151,0.0,True
0,8,0,deterministic_actor,-0.5194109082221985,-0.5207933783531189,0.0,0.14358589053153992,0.25000110268592834,0.0,True
0,8,1,actor_stochastic,0.25967732071876526,0.2716333270072937,0.0,0.14358589053153992,0.25000110268592834,0.0,True
0,8,2,actor_stochastic,0.005084805190563202,0.005630664527416229,0.0,0.14358589053153992,0.25000110268592834,0.0,True
0,8,3,actor_stochastic,0.1801547408103943,0.17329806089401245,0.0,0.14358589053153992,0.25000110268592834,0.0,True
0,8,4,actor_stochastic,0.020286135375499725,0.04487626999616623,0.0,0.14358589053153992,0.25000110268592834,0.0,True
0,8,5,actor_stochastic,0.14589661359786987,0.13213461637496948,0.0,0.14358589053153992,0.25000110268592834,0.0,True
0,8,6,actor_stochastic,0.04356449097394943,0.02742796391248703,0.0,0.14358589053153992,0.25000110268592834,0.0,True
0,8,7,actor_stochastic,0.15375274419784546,0.1750299334526062,0.0,0.14358589053153992,0.25000110268592834,0.0,True
0,8,8,actor_stochastic,0.08624308556318283,0.12323873490095139,0.0,0.14358589053153992,0.25000110268592834,0.0,True
0,8,9,actor_stochastic,0.2088950276374817,0.2165810465812683,0.0,0.14358589053153992,0.25000110268592834,0.0,True
0,8,10,actor_stochastic,0.1001693531870842,0.13253706693649292,0.0,0.14358589053153992,0.25000110268592834,0.0,True
0,8,11,actor_stochastic,0.03721969574689865,0.01466100662946701,0.0,0.14358589053153992,0.25000110268592834,0.0,True
0,8,12,actor_stochastic,0.1359056830406189,0.16870993375778198,0.0,0.14358589053153992,0.25000110268592834,0.0,True
0,8,13,actor_stochastic,-0.44392865896224976,-0.47683650255203247,0.0,0.14358589053153992,0.25000110268592834,0.0,True
0,8,14,actor_stochastic,-0.04456485062837601,-0.025517292320728302,0.0,0.14358589053153992,0.25000110268592834,0.0,True
0,8,15,actor_stochastic,0.2582862973213196,0.3052331805229187,0.0,0.14358589053153992,0.25000110268592834,0.0,True
0,8,16,random_baseline,-0.07868260890245438,-0.06983549147844315,0.0,0.14358589053153992,0.25000110268592834,0.0,True
0,8,17,random_baseline,-0.1360836625099182,-0.1728108525276184,0.0,0.14358589053153992,0.25000110268592834,0.0,True
0,8,18,random_baseline,-0.07298595458269119,-0.09357816725969315,0.019217013514679204,0.16344429552555084,0.2500009834766388,0.0,True
0,8,19,random_baseline,0.15097886323928833,0.15239399671554565,0.0,0.14358589053153992,0.25000110268592834,0.0,True
0,8,20,random_baseline,-0.1348710060119629,-0.15258604288101196,0.0,0.14358589053153992,0.25000110268592834,0.0,True
0,8,21,random_baseline,0.20803683996200562,0.19972294569015503,0.019843986276170116,0.16409219801425934,0.2500009536743164,0.0,True
0,8,22,random_baseline,0.2636900544166565,0.29446858167648315,0.0,0.14358589053153992,0.25000110268592834,0.0,True
0,8,23,random_baseline,0.12154734134674072,0.13799899816513062,0.0,0.14358589053153992,0.25000110268592834,0.0,True
0,8,24,random_baseline,0.08605342358350754,0.08249872177839279,0.0,0.14358589053153992,0.25000110268592834,0.0,True
0,8,25,random_baseline,0.010296635329723358,0.020450763404369354,0.01925530910448381,0.1634838730096817,0.2500009536743164,0.0,True
0,8,26,random_baseline,0.12040238827466965,0.12298648804426193,0.0,0.14358589053153992,0.25000110268592834,0.0,True
0,8,27,random_baseline,0.09142618626356125,0.0894276425242424,0.0,0.14358589053153992,0.25000110268592834,0.0,True
0,8,28,random_baseline,-0.07127828150987625,-0.09440738707780838,0.0,0.14358589053153992,0.25000110268592834,0.0,True
0,8,29,random_baseline,0.18930602073669434,0.21327227354049683,0.0,0.14358589053153992,0.25000110268592834,0.0,True
0,8,30,random_baseline,0.12729018926620483,0.15035170316696167,0.02047158082043973,0.16474074125289917,0.2500009536743164,0.0,True
0,8,31,random_baseline,0.5122793316841125,0.5926851630210876,0.0,0.14358589053153992,0.25000110268592834,0.0,True
0,9,0,deterministic_actor,-0.5744009613990784,-0.5734475255012512,0.25360156076682294,0.10209327191114426,0.5580279231071472,0.0,True
0,9,1,actor_stochastic,0.38925039768218994,0.4876841902732849,0.10766903186042515,0.08224900811910629,0.3934575915336609,0.0,True
0,9,2,actor_stochastic,-0.1522706151008606,-0.18346244096755981,0.07396446460529416,0.06004337593913078,0.4473707675933838,0.0,True
0,9,3,actor_stochastic,-0.010293431580066681,-0.012764044106006622,0.07496098282920506,0.06067681312561035,0.44547656178474426,0.0,True
0,9,4,actor_stochastic,0.08231978863477707,0.07958238571882248,0.05507986954570683,0.06072201579809189,0.44839999079704285,0.0,True
0,9,5,actor_stochastic,0.07969718426465988,0.11437123268842697,0.15141828187781411,0.08110351860523224,0.6590691804885864,0.0,True
0,9,6,actor_stochastic,0.16938847303390503,0.1655065417289734,0.15037708988787696,0.10173481702804565,0.692863941192627,0.0,True
0,9,7,actor_stochastic,0.05366235226392746,0.04393022507429123,0.09735018788260663,0.059938352555036545,0.7499336004257202,0.0,True
0,9,8,actor_stochastic,-0.03604251891374588,0.012698821723461151,0.0,0.019724423065781593,0.250003844499588,0.0,True
0,9,9,actor_stochastic,-0.007385559380054474,0.0176197811961174,0.02031583057909626,0.04071834310889244,0.2500018775463104,0.0,True
0,9,10,actor_stochastic,0.0009226128458976746,-0.0070501044392585754,0.02011096757333609,0.040506646037101746,0.25000184774398804,0.0,True
0,9,11,actor_stochastic,0.167813241481781,0.2204410433769226,0.15270613128923038,0.0817350298166275,0.6513751745223999,0.0,True
0,9,12,actor_stochastic,0.06315916031599045,0.08458440750837326,0.02061439013560228,0.04102686792612076,0.25000184774398804,0.0,True
0,9,13,actor_stochastic,0.18495428562164307,0.17397505044937134,0.4521244078809712,0.10073845833539963,0.6911640167236328,0.0,True
0,9,14,actor_stochastic,0.09307443350553513,0.13356655836105347,0.019694449248270258,0.04007621854543686,0.2500019073486328,0.0,True
0,9,15,actor_stochastic,0.01889663189649582,-0.0028413012623786926,0.5029534542689222,0.14355789124965668,0.5765190124511719,0.0,True
0,9,16,random_baseline,0.08158426731824875,0.14944452047348022,0.15145471673362607,0.08112048357725143,0.6589101552963257,0.0,True
0,9,17,random_baseline,-0.017058320343494415,-0.0030620768666267395,0.0,0.019724423065781593,0.250003844499588,0.0,True
0,9,18,random_baseline,0.08224671334028244,0.09678380936384201,0.0390549146254362,0.06008288636803627,0.2500011622905731,0.0,True
0,9,19,random_baseline,0.15863874554634094,0.2534624934196472,0.0,0.019724423065781593,0.250003844499588,0.0,True
0,9,20,random_baseline,0.06728067249059677,0.1382238268852234,0.0,0.019724423065781593,0.250003844499588,0.0,True
0,9,21,random_baseline,0.07234125584363937,0.11814229935407639,0.1505331262185138,0.08069723844528198,0.6627205610275269,0.0,True
0,9,22,random_baseline,0.15385299921035767,0.180705726146698,0.08184281694462331,0.10429894924163818,0.2500006854534149,0.0,True
0,9,23,random_baseline,-0.10276240855455399,-0.10667020827531815,0.07461034117827792,0.06046515703201294,0.4461074769496918,0.0,True
0,9,24,random_baseline,-0.1067313551902771,-0.08144838362932205,0.019723946438718304,0.04010670259594917,0.2500019073486328,0.0,True
0,9,25,random_baseline,0.10829698294401169,0.12734073400497437,0.06079963202322981,0.08255338668823242,0.25000086426734924,0.0,True
0,9,26,random_baseline,0.10707145184278488,0.1257116198539734,0.13647235194935528,0.10277510434389114,0.3624095320701599,0.0,True
0,9,27,random_baseline,0.1046476885676384,0.12107961624860764,0.039532086187865245,0.06057599186897278,0.2500011920928955,0.0,True
0,9,28,random_baseline,0.21134871244430542,0.26554936170578003,0.13681289972400476,0.10304024070501328,0.3620898127555847,0.0,True
0,9,29,random_baseline,0.019291333854198456,0.018145732581615448,0.040498601950721295,0.04066840559244156,0.49955326318740845,0.0,True
0,9,30,random_baseline,-0.3667747974395752,-0.38724201917648315,0.0,0.019724423065781593,0.250003844499588,0.0,True
0,9,31,random_baseline,0.025946788489818573,0.03151433914899826,0.0,0.019724423065781593,0.250003844499588,0.0,True
0,10,0,deterministic_actor,-0.5831401348114014,-0.5820567011833191,0.03521702906223586,0.060363948345184326,0.45061883330345154,0.0,True
0,10,1,actor_stochastic,0.028069190680980682,0.02383916825056076,0.03769726865512795,0.06148452311754227,0.4569914638996124,0.0,True
0,10,2,actor_stochastic,0.2153221070766449,0.21239203214645386,0.07546114074348659,0.08113278448581696,0.4999553859233856,0.0,True
0,10,3,actor_stochastic,-0.023283906280994415,-0.01736123114824295,0.0,0.04017361253499985,0.2500033974647522,0.0,True
0,10,4,actor_stochastic,0.04701726883649826,0.06633346527814865,0.0,0.04017361253499985,0.2500033974647522,0.0,True
0,10,5,actor_stochastic,0.06523191183805466,0.06618659943342209,0.2266862292901034,0.12271087616682053,0.4543090760707855,0.0,True
0,10,6,actor_stochastic,0.18637514114379883,0.18300968408584595,0.0,0.04017361253499985,0.2500033974647522,0.0,True
0,10,7,actor_stochastic,0.14205306768417358,0.12749260663986206,0.039752797156174316,0.0812530666589737,0.2500016689300537,0.0,True
0,10,8,actor_stochastic,-0.1402682662010193,-0.15685230493545532,0.0,0.04017361253499985,0.2500033974647522,0.0,True
0,10,9,actor_stochastic,-0.08899933844804764,-0.09305555373430252,0.0,0.04017361253499985,0.2500033974647522,0.0,True
0,10,10,actor_stochastic,0.18050622940063477,0.18007797002792358,0.019461450283377202,0.06028452888131142,0.25000226497650146,0.0,True
0,10,11,actor_stochastic,-0.02770230919122696,-0.05076379328966141,0.0,0.04017361253499985,0.2500033974647522,0.0,True
0,10,12,actor_stochastic,-0.23787468671798706,-0.24203330278396606,0.11313110402130108,0.10154832899570465,0.4791176915168762,0.0,True
0,10,13,actor_stochastic,0.0559578463435173,0.05586164444684982,0.34849800000223363,0.14338935911655426,0.49145743250846863,0.0,True
0,10,14,actor_stochastic,0.06649946421384811,0.07001226395368576,0.0,0.04017361253499985,0.2500033974647522,0.0,True
0,10,15,actor_stochastic,0.17272180318832397,0.17357510328292847,0.0,0.04017361253499985,0.2500033974647522,0.0,True
0,10,16,random_baseline,-0.27460622787475586,-0.258167564868927,0.08676856627449708,0.08033465594053268,0.6665971279144287,0.0,True
0,10,17,random_baseline,0.46703094244003296,0.4979626536369324,0.0,0.04017361253499985,0.2500033974647522,0.0,True
0,10,18,random_baseline,-0.3373923897743225,-0.3400333523750305,0.0,0.04017361253499985,0.2500033974647522,0.0,True
0,10,19,random_baseline,-0.13276901841163635,-0.15379518270492554,0.03533767107150675,0.060418590903282166,0.45094218850135803,0.0,True
0,10,20,random_baseline,-0.3763636350631714,-0.38538771867752075,0.0,0.04017361253499985,0.2500033974647522,0.0,True
0,10,21,random_baseline,-0.3403826951980591,-0.31414610147476196,0.07684463626575258,0.08184345066547394,0.49983519315719604,0.0,True
0,10,22,random_baseline,0.13512200117111206,0.11138360947370529,0.08763029721931803,0.08057491481304169,0.6678071022033691,0.0,True
0,10,23,random_baseline,-0.10908324271440506,-0.10950738936662674,0.019521916639831046,0.06034699082374573,0.25000226497650146,0.0,True
0,10,24,random_baseline,-0.01740754395723343,-0.0032273009419441223,0.07416412493882434,0.08043928444385529,0.5000016093254089,0.0,True
0,10,25,random_baseline,-0.11332280188798904,-0.11494619399309158,0.0,0.04017361253499985,0.2500033974647522,0.0,True
0,10,26,random_baseline,0.14902767539024353,0.17037159204483032,0.11300301215454434,0.10140207409858704,0.4793359637260437,0.0,True
0,10,27,random_baseline,-0.2830592393875122,-0.2945566773414612,0.0,0.04017361253499985,0.2500033974647522,0.0,True
0,10,28,random_baseline,-0.019948072731494904,-0.02204877883195877,0.0,0.04017361253499985,0.2500033974647522,0.0,True
0,10,29,random_baseline,-0.2417392134666443,-0.2622097134590149,0.0744358843886237,0.08067837357521057,0.49999377131462097,0.0,True
0,10,30,random_baseline,0.031157992780208588,0.017313413321971893,0.2246604540755661,0.12245512008666992,0.45147642493247986,0.0,True
0,10,31,random_baseline,0.006323985755443573,-0.021482296288013458,0.0,0.04017361253499985,0.2500033974647522,0.0,True
0,11,0,deterministic_actor,-0.6554920673370361,-0.6488744616508484,0.0,0.10195831209421158,0.4785044193267822,0.0,True
0,11,1,actor_stochastic,-0.2672426402568817,-0.28530818223953247,0.0,0.10195831209421158,0.4785044193267822,0.0,True
0,11,2,actor_stochastic,-0.18279987573623657,-0.1566796898841858,0.04041373494615024,0.12284035980701447,0.49998408555984497,0.0,True
0,11,3,actor_stochastic,0.19307050108909607,0.17269164323806763,0.06920671429142858,0.14325036108493805,0.41917580366134644,0.0,True
0,11,4,actor_stochastic,-0.2870228588581085,-0.2681160569190979,0.03918951733078852,0.1222095862030983,0.49993982911109924,0.0,True
0,11,5,actor_stochastic,0.35657936334609985,0.37783753871917725,0.0,0.10195831209421158,0.4785044193267822,0.0,True
0,11,6,actor_stochastic,-0.4424700140953064,-0.4768131375312805,0.0683815566327228,0.14270371198654175,0.4198383390903473,0.0,True
0,11,7,actor_stochastic,-0.1803796887397766,-0.16984254121780396,0.0,0.10195831209421158,0.4785044193267822,0.0,True
0,11,8,actor_stochastic,-0.01719815284013748,-0.037276096642017365,0.06955221325659047,0.14347214996814728,0.41890808939933777,0.0,True
0,11,9,actor_stochastic,0.10868196934461594,0.1060907170176506,0.07825921169826698,0.1427682787179947,0.49112024903297424,0.0,True
0,11,10,actor_stochastic,0.3747245669364929,0.39749735593795776,0.06798472309677725,0.14244528114795685,0.4201529026031494,0.0,True
0,11,11,actor_stochastic,0.05546241253614426,0.036679916083812714,0.08083999783474341,0.14261798560619354,0.5798630714416504,0.0,True
0,11,12,actor_stochastic,0.3990345597267151,0.39780014753341675,0.08080830883116077,0.1426045000553131,0.5798175930976868,0.0,True
0,11,13,actor_stochastic,-0.10669440031051636,-0.1528661847114563,0.06889626587904624,0.14304199814796448,0.4194278419017792,0.0,True
0,11,14,actor_stochastic,-0.3881695866584778,-0.4161146283149719,0.08001877390382128,0.14371520280838013,0.49036577343940735,0.0,True
0,11,15,actor_stochastic,-0.044869132339954376,-0.05459577590227127,0.034485258793265375,0.1218431144952774,0.4480355978012085,0.0,True
0,11,16,random_baseline,-0.2939416170120239,-0.30741018056869507,0.0,0.10195831209421158,0.4785044193267822,0.0,True
0,11,17,random_baseline,-0.12084293365478516,-0.1104934886097908,0.03954719354829182,0.12239377945661545,0.49995550513267517,0.0,True
0,11,18,random_baseline,0.015952520072460175,0.036263637244701385,0.06960174131191689,0.14351016283035278,0.41886234283447266,0.0,True
0,11,19,random_baseline,-0.0129665806889534,-0.0008071139454841614,0.0,0.10195831209421158,0.4785044193267822,0.0,True
0,11,20,random_baseline,-0.10278839617967606,-0.09044534713029861,0.07754539353245457,0.14237715303897858,0.49142611026763916,0.0,True
0,11,21,random_baseline,-0.04426521807909012,-0.05585414916276932,0.0695743551835932,0.1434921771287918,0.4188840091228485,0.0,True
0,11,22,random_baseline,0.001677088439464569,0.006879501044750214,0.0,0.10195831209421158,0.4785044193267822,0.0,True
0,11,23,random_baseline,-0.11318010836839676,-0.12159449607133865,0.07985801017832893,0.14362800121307373,0.49043601751327515,0.0,True
0,11,24,random_baseline,-0.24064284563064575,-0.24903064966201782,0.0,0.10195831209421158,0.4785044193267822,0.0,True
0,11,25,random_baseline,0.21023935079574585,0.22292369604110718,0.03934264893222909,0.12228843569755554,0.49994686245918274,0.0,True
0,11,26,random_baseline,0.012738876044750214,0.000777415931224823,0.035278362915256656,0.12233337759971619,0.44731125235557556,0.0,True
0,11,27,random_baseline,0.13141244649887085,0.12239234894514084,0.0,0.10195831209421158,0.4785044193267822,0.0,True
0,11,28,random_baseline,-0.08957738429307938,-0.10721427947282791,0.03517591526217453,0.12226995825767517,0.4474048912525177,0.0,True
0,11,29,random_baseline,0.26468217372894287,0.2638184428215027,0.06881601783225985,0.142991304397583,0.4194892942905426,0.0,True
0,11,30,random_baseline,0.16052037477493286,0.1878630518913269,0.07954895068332239,0.14206847548484802,0.5779896378517151,0.0,True
0,11,31,random_baseline,-0.1943710446357727,-0.19165116548538208,0.0,0.10195831209421158,0.4785044193267822,0.0,True
0,12,0,deterministic_actor,-0.5744009613990784,-0.5734475255012512,0.25360156076682294,0.10209327191114426,0.5580279231071472,0.0,True
0,12,1,actor_stochastic,-0.150264173746109,-0.17505115270614624,0.02016540529008397,0.04056289792060852,0.2500018775463104,0.0,True
0,12,2,actor_stochastic,-0.0465279221534729,0.023922614753246307,0.0,0.019724423065781593,0.250003844499588,0.0,True
0,12,3,actor_stochastic,0.03878848999738693,0.08489816635847092,0.10852499256877282,0.08274560421705246,0.3925296366214752,0.0,True
0,12,4,actor_stochastic,0.04945080727338791,0.05772226303815842,0.01997464141070847,0.04036576300859451,0.2500018775463104,0.0,True
0,12,5,actor_stochastic,0.18771439790725708,0.17282408475875854,0.0549743879618121,0.060134630650281906,0.4521271884441376,0.0,True
0,12,6,actor_stochastic,-0.0010579302906990051,0.0377151295542717,0.07591266809224101,0.06133092939853668,0.4435402452945709,0.0,True
0,12,7,actor_stochastic,0.12832492589950562,0.17723792791366577,0.0,0.019724423065781593,0.250003844499588,0.0,True
0,12,8,actor_stochastic,0.26665180921554565,0.2477828860282898,0.019983609387186494,0.040375031530857086,0.2500019073486328,0.0,True
0,12,9,actor_stochastic,-0.054886408150196075,-0.019168205559253693,0.019618192608560535,0.03999742120504379,0.2500019073486328,0.0,True
0,12,10,actor_stochastic,0.021417193114757538,0.08288925141096115,0.0,0.019724423065781593,0.250003844499588,0.0,True
0,12,11,actor_stochastic,-0.03276021033525467,0.007822208106517792,0.019715259937190196,0.04009772837162018,0.2500019073486328,0.0,True
0,12,12,actor_stochastic,0.10094552487134933,0.08935850113630295,0.07613608768015007,0.061429500579833984,0.44325023889541626,0.0,True
0,12,13,actor_stochastic,0.04472535103559494,0.07152574509382248,0.020386441569605646,0.04079131409525871,0.25000184774398804,0.0,True
0,12,14,actor_stochastic,0.1639096736907959,0.15839356184005737,0.43377763069966097,0.1025337278842926,0.8811813592910767,0.0,True
0,12,15,actor_stochastic,0.04702668637037277,0.06585996598005295,0.07615950778028602,0.0614447295665741,0.44320547580718994,0.0,True
0,12,16,random_baseline,-0.34830325841903687,-0.348483145236969,0.039200434867370466,0.06023326516151428,0.2500011920928955,0.0,True
0,12,17,random_baseline,0.3928414583206177,0.4607014060020447,0.15264308090044945,0.08169573545455933,0.6524216532707214,0.0,True
0,12,18,random_baseline,0.23990166187286377,0.2641729712486267,0.10797318169401021,0.08244204521179199,0.3930956721305847,0.0,True
0,12,19,random_baseline,-0.2363603115081787,-0.2420681118965149,0.056048454841596276,0.060368794947862625,0.45671722292900085,0.0,True
0,12,20,random_baseline,-0.0836520865559578,-0.07003385573625565,0.0,0.019724423065781593,0.250003844499588,0.0,True
0,12,21,random_baseline,0.04702835530042648,0.15311545133590698,0.07338177223705111,0.059677764773368835,0.44847217202186584,0.0,True
0,12,22,random_baseline,0.2797049880027771,0.3247177004814148,0.10789769795682688,0.0823812186717987,0.3932094871997833,0.0,True
0,12,23,random_baseline,0.10129111260175705,0.10331838577985764,0.08132369177162663,0.10376249253749847,0.2500006854534149,0.0,True
0,12,24,random_baseline,0.1185263991355896,0.10310380905866623,0.30825850497159585,0.10297414660453796,0.6877617239952087,0.0,True
0,12,25,random_baseline,-0.17350560426712036,-0.1805141568183899,0.07352134920463309,0.05981902405619621,0.4480459690093994,0.0,True
0,12,26,random_baseline,-0.08726710081100464,-0.045296020805835724,0.038527496323689764,0.0595378652215004,0.2500011920928955,0.0,True
0,12,27,random_baseline,0.03809957951307297,0.03250627964735031,0.15228582228102758,0.08151507377624512,0.6548941135406494,0.0,True
0,12,28,random_baseline,-0.06807363778352737,-0.046684689819812775,0.06056159880964239,0.08230741322040558,0.25000089406967163,0.0,True
0,12,29,random_baseline,0.07531588524580002,0.0660659596323967,0.0408804319489677,0.0619693398475647,0.25000113248825073,0.0,True
0,12,30,random_baseline,-0.16639667749404907,-0.12678271532058716,0.0,0.019724423065781593,0.250003844499588,0.0,True
0,12,31,random_baseline,-0.007437773048877716,-0.031072087585926056,0.15024421294697168,0.08062499761581421,0.6640347838401794,0.0,True
0,13,0,deterministic_actor,-0.5913564562797546,-0.5862645506858826,0.052318953284315205,0.08080192655324936,0.663300096988678,0.0,True
0,13,1,actor_stochastic,0.10893696546554565,0.1574384570121765,0.08836040632464968,0.12257693707942963,0.34248656034469604,0.0,True
0,13,2,actor_stochastic,0.07642828673124313,0.08435278385877609,0.10792154719090288,0.10149090737104416,0.6945592164993286,0.0,True
0,13,3,actor_stochastic,0.38878822326660156,0.4550911784172058,0.0,0.06042450666427612,0.4462299942970276,0.0,True
0,13,4,actor_stochastic,0.22137963771820068,0.2588288187980652,0.259545626479024,0.16382764279842377,0.41570743918418884,0.0,True
0,13,5,actor_stochastic,0.08461683243513107,0.114634208381176,0.1608571705613906,0.12313038110733032,0.6340827941894531,0.0,True
0,13,6,actor_stochastic,-0.038043685257434845,-0.012439556419849396,0.061273901163634334,0.10216734558343887,0.36314940452575684,0.0,True
0,13,7,actor_stochastic,0.18686950206756592,0.18876570463180542,0.04086829853288899,0.08154071867465973,0.5000007748603821,0.0,True
0,13,8,actor_stochastic,-0.12636524438858032,-0.13977891206741333,0.0,0.06042450666427612,0.4462299942970276,0.0,True
0,13,9,actor_stochastic,-0.4355894923210144,-0.44010478258132935,0.0,0.06042450666427612,0.4462299942970276,0.0,True
0,13,10,actor_stochastic,-0.007964558899402618,-0.03405696898698807,0.0,0.06042450666427612,0.4462299942970276,0.0,True
0,13,11,actor_stochastic,-0.20743370056152344,-0.21936112642288208,0.10772799394091714,0.10162524878978729,0.6897922158241272,0.0,True
0,13,12,actor_stochastic,0.0028647705912590027,0.030886821448802948,0.051870074568696044,0.08065210282802582,0.6624802947044373,0.0,True
0,13,13,actor_stochastic,0.11791342496871948,0.10346954315900803,0.0,0.06042450666427612,0.4462299942970276,0.0,True
0,13,14,actor_stochastic,0.029207460582256317,-0.007568188011646271,0.10980944120907288,0.10212516039609909,0.6957319974899292,0.0,True
0,13,15,actor_stochastic,0.06099420040845871,0.10608308762311935,0.06039896627505632,0.10149890929460526,0.3639729619026184,0.0,True
0,13,16,random_baseline,-0.168132483959198,-0.1718485951423645,0.10728738874308812,0.10136497020721436,0.692185640335083,0.0,True
0,13,17,random_baseline,0.29633182287216187,0.3589760661125183,0.11026992499844673,0.10250939428806305,0.6883059144020081,0.0,True
0,13,18,random_baseline,-0.189631849527359,-0.17503076791763306,0.0,0.06042450666427612,0.4462299942970276,0.0,True
0,13,19,random_baseline,0.08453681319952011,0.06874268501996994,0.0,0.06042450666427612,0.4462299942970276,0.0,True
0,13,20,random_baseline,0.12496978044509888,0.13292855024337769,0.0,0.06042450666427612,0.4462299942970276,0.0,True
0,13,21,random_baseline,0.008823029696941376,0.005858592689037323,0.0,0.06042450666427612,0.4462299942970276,0.0,True
0,13,22,random_baseline,0.01886039227247238,0.06468933075666428,0.0,0.06042450666427612,0.4462299942970276,0.0,True
0,13,23,random_baseline,0.08816628903150558,0.07359927147626877,0.0,0.06042450666427612,0.4462299942970276,0.0,True
0,13,24,random_baseline,0.08114894479513168,0.09670280665159225,0.0,0.06042450666427612,0.4462299942970276,0.0,True
0,13,25,random_baseline,-0.0046174004673957825,0.06243341416120529,0.0614807783303066,0.10232441127300262,0.3629574775695801,0.0,True
0,13,26,random_baseline,0.46918028593063354,0.5674073100090027,0.05916717882927927,0.1005445346236229,0.3651684522628784,0.0,True
0,13,27,random_baseline,0.24879401922225952,0.24739950895309448,0.10432839486796663,0.10027627646923065,0.6918095350265503,0.0,True
0,13,28,random_baseline,-0.09825129061937332,-0.10435516387224197,0.04075807109676495,0.08148372173309326,0.5000017285346985,0.0,True
0,13,29,random_baseline,0.1856035590171814,0.18772238492965698,0.05171798119452975,0.08060132712125778,0.6621999144554138,0.0,True
0,13,30,random_baseline,0.12633752822875977,0.11161106079816818,0.0,0.06042450666427612,0.4462299942970276,0.0,True
0,13,31,random_baseline,-0.07256198674440384,-0.09792263060808182,0.04056801551910768,0.08138550817966461,0.5000022649765015,0.0,True
0,14,0,deterministic_actor,-0.6676804423332214,-0.6596352458000183,0.45026194812384923,0.22914744913578033,0.6672714352607727,0.0,True
0,14,1,actor_stochastic,0.05914323776960373,0.08024995774030685,0.2806186385164216,0.18507081270217896,0.8749997615814209,0.0,True
0,14,2,actor_stochastic,-0.2765597701072693,-0.30007678270339966,0.275244197351838,0.20504795014858246,0.6932451725006104,0.0,True
0,14,3,actor_stochastic,-0.058896422386169434,-0.006171531975269318,0.3422077477876979,0.2037234902381897,0.885418713092804,0.0,True
0,14,4,actor_stochastic,-0.058253295719623566,-0.06951553374528885,0.2741975119860341,0.20466671884059906,0.6934981942176819,0.0,True
0,14,5,actor_stochastic,0.15157127380371094,0.1702074408531189,0.14525977609004065,0.18447501957416534,0.9578770995140076,0.0,True
0,14,6,actor_stochastic,-0.056293785572052,-0.0019329264760017395,0.2799393333323779,0.18497756123542786,0.8748510479927063,0.0,True
0,14,7,actor_stochastic,0.047465018928050995,0.021202735602855682,0.10293301741133946,0.1857931762933731,0.6038845777511597,0.0,True
0,14,8,actor_stochastic,0.07744257897138596,0.12323348969221115,0.10273177205083722,0.18569454550743103,0.6041188836097717,0.0,True
0,14,9,actor_stochastic,0.1500653624534607,0.1374160647392273,0.053537444499466354,0.16465868055820465,0.6581736207008362,0.0,True
0,14,10,actor_stochastic,0.19332784414291382,0.24103564023971558,0.28258432113632387,0.20685121417045593,0.6918773055076599,0.0,True
0,14,11,actor_stochastic,0.014635972678661346,-0.006648845970630646,0.05814361132411589,0.16433876752853394,0.7258507013320923,0.0,True
0,14,12,actor_stochastic,-0.031137416139245033,0.020344428718090057,0.05392667359742077,0.1648261547088623,0.6577171683311462,0.0,True
0,14,13,actor_stochastic,-0.47264498472213745,-0.486838161945343,0.27528876729513685,0.20535732805728912,0.6930363774299622,0.0,True
0,14,14,actor_stochastic,0.0572163388133049,0.11586301773786545,0.5650302488841583,0.225004643201828,0.9179573655128479,0.0,True
0,14,15,actor_stochastic,-0.06159288436174393,-0.05965501815080643,0.06816340893219534,0.16366994380950928,0.8793550729751587,0.0,True
0,14,16,random_baseline,0.023681573569774628,0.0458480641245842,0.11627679884639805,0.18491597473621368,0.7991845011711121,0.0,True
0,14,17,random_baseline,-0.09503763914108276,-0.06746751815080643,0.09950137172318962,0.1841939389705658,0.6077078580856323,0.0,True
0,14,18,random_baseline,0.15450429916381836,0.17945975065231323,0.22814175932783043,0.1861245334148407,0.6937257647514343,0.0,True
0,14,19,random_baseline,0.09221141785383224,0.12326639145612717,0.11447726027644067,0.18516816198825836,0.698733389377594,0.0,True
0,14,20,random_baseline,-0.03812933713197708,-0.027072496712207794,0.14782188105709526,0.18512949347496033,0.9588697552680969,0.0,True
0,14,21,random_baseline,-0.04874498397111893,-0.01227838546037674,0.353695548003826,0.20493441820144653,0.9582487344741821,0.0,True
0,14,22,random_baseline,-0.1456931233406067,-0.1449945569038391,0.11252477929312378,0.18441122770309448,0.7000495791435242,0.0,True
0,14,23,random_baseline,0.17221051454544067,0.2037317156791687,0.11318138190743669,0.18467852473258972,0.6995865702629089,0.0,True
0,14,24,random_baseline,-0.11336904764175415,-0.10098249465227127,0.05408991061099763,0.16489645838737488,0.6575255393981934,0.0,True
0,14,25,random_baseline,0.17759031057357788,0.21518152952194214,0.35670214806023065,0.20588642358779907,0.9583234190940857,0.0,True
0,14,26,random_baseline,-0.03493804484605789,-0.03777105361223221,0.2547224493895053,0.2042127549648285,0.6523880362510681,0.0,True
0,14,27,random_baseline,-0.04054427891969681,-0.0016477778553962708,0.11251492305553332,0.18441151082515717,0.700049102306366,0.0,True
0,14,28,random_baseline,0.3503825068473816,0.3265802264213562,0.0,0.14364425837993622,0.7149845957756042,0.0,True
0,14,29,random_baseline,0.12034374475479126,0.19111555814743042,0.22148571657285002,0.18496422469615936,0.6923983097076416,0.0,True
0,14,30,random_baseline,0.0909835621714592,0.11090486496686935,0.11443571734243929,0.18516167998313904,0.6987447738647461,0.0,True
0,14,31,random_baseline,0.00999491661787033,-0.03118116408586502,0.11255729657135413,0.18443238735198975,0.7000130414962769,0.0,True
0,15,0,deterministic_actor,-0.5744009613990784,-0.5734475255012512,0.25360156076682294,0.10209327191114426,0.5580279231071472,0.0,True
0,15,1,actor_stochastic,-0.14587730169296265,-0.10280687361955643,0.0,0.019724423065781593,0.250003844499588,0.0,True
0,15,2,actor_stochastic,0.12194448709487915,0.11339157074689865,0.30951018715911977,0.10268962383270264,0.6881878972053528,0.0,True
0,15,3,actor_stochastic,0.10711341351270676,0.1315590739250183,0.0,0.019724423065781593,0.250003844499588,0.0,True
0,15,4,actor_stochastic,0.12370306253433228,0.13947075605392456,0.0,0.019724423065781593,0.250003844499588,0.0,True
0,15,5,actor_stochastic,-0.007817097008228302,-0.03406960517168045,0.019758943926548294,0.04014286398887634,0.2500019073486328,0.0,True
0,15,6,actor_stochastic,-0.05213136225938797,-0.07507926970720291,0.0743793840603576,0.06033768504858017,0.4464884400367737,0.0,True
0,15,7,actor_stochastic,-0.00739867240190506,0.0046550557017326355,0.07636512753837055,0.061591409146785736,0.44277483224868774,0.0,True
0,15,8,actor_stochastic,-0.0618179515004158,-0.04142171889543533,0.04077070978345047,0.06185595318675041,0.2500011622905731,0.0,True
0,15,9,actor_stochastic,-0.13132411241531372,-0.13873893022537231,0.019845728190819176,0.040232546627521515,0.2500019073486328,0.0,True
0,15,10,actor_stochastic,0.16190046072006226,0.21496695280075073,0.0761504844316867,0.06143886223435402,0.44322270154953003,0.0,True
0,15,11,actor_stochastic,0.03033929318189621,0.026514224708080292,0.07668752248592223,0.06182828173041344,0.4420818090438843,0.0,True
0,15,12,actor_stochastic,0.11334869265556335,0.14163869619369507,0.10760444258810659,0.08217580616474152,0.39359524846076965,0.0,True
0,15,13,actor_stochastic,-0.09856420755386353,-0.06780702620744705,0.07636473531917806,0.061582207679748535,0.442801833152771,0.0,True
0,15,14,actor_stochastic,0.17604011297225952,0.19055145978927612,0.3009521904815039,0.10180920362472534,0.6893259286880493,0.0,True
0,15,15,actor_stochastic,0.15595680475234985,0.17466896772384644,0.07403242696266826,0.060094475746154785,0.4472172260284424,0.0,True
0,15,16,random_baseline,0.09776490181684494,0.086100272834301,0.25046555606295257,0.10155513882637024,0.5591464042663574,0.0,True
0,15,17,random_baseline,-0.01228291541337967,-0.010257549583911896,0.020408463523678904,0.04081407189369202,0.25000184774398804,0.0,True
0,15,18,random_baseline,-0.06283123046159744,-0.06505853682756424,0.07618972019396747,0.06146438419818878,0.4431476593017578,0.0,True
0,15,19,random_baseline,-0.05515391379594803,-0.029309101402759552,0.0,0.019724423065781593,0.250003844499588,0.0,True
0,15,20,random_baseline,0.050043992698192596,0.035907916724681854,0.12744859498064057,0.08171296864748001,0.6555227637290955,0.0,True
0,15,21,random_baseline,-0.06216377764940262,-0.06405121833086014,0.073475584146383,0.059790901839733124,0.44813072681427,0.0,True
0,15,22,random_baseline,0.17564508318901062,0.22422796487808228,0.061015034189409754,0.08277598768472672,0.25000086426734924,0.0,True
0,15,23,random_baseline,-0.39410334825515747,-0.3980373740196228,0.4579836112029446,0.12228678166866302,0.6418398022651672,0.0,True
0,15,24,random_baseline,0.05589943379163742,0.09249990433454514,0.07439344396482302,0.06034836173057556,0.4464564025402069,0.0,True
0,15,25,random_baseline,0.005177073180675507,-0.0022957995533943176,0.0,0.019724423065781593,0.250003844499588,0.0,True
0,15,26,random_baseline,-0.0007747486233711243,0.03178923577070236,0.019436608965461354,0.03980977460741997,0.2500019073486328,0.0,True
0,15,27,random_baseline,0.11248417943716049,0.11342232674360275,0.020731647523959028,0.04114803671836853,0.25000184774398804,0.0,True
0,15,28,random_baseline,0.13090400397777557,0.13318359851837158,0.0,0.019724423065781593,0.250003844499588,0.0,True
0,15,29,random_baseline,-0.04098910838365555,-0.04386264830827713,0.020244873512828786,0.040645018219947815,0.2500018775463104,0.0,True
0,15,30,random_baseline,0.13374727964401245,0.16517513990402222,0.07699847155456795,0.062026362866163254,0.44150441884994507,0.0,True
0,15,31,random_baseline,0.03551989048719406,0.053449325263500214,0.0,0.019724423065781593,0.250003844499588,0.0,True
0,16,0,deterministic_actor,-0.8948736190795898,-0.9032672047615051,0.07970250680435956,0.14095523953437805,0.32925355434417725,0.0,True
0,16,1,actor_stochastic,0.10305457562208176,0.12529295682907104,0.08735476554375546,0.1413867473602295,0.42023956775665283,0.0,True
0,16,2,actor_stochastic,0.25081580877304077,0.29416579008102417,0.06383617916856801,0.122227743268013,0.44592946767807007,0.0,True
0,16,3,actor_stochastic,0.0864371582865715,0.12457578629255295,0.028159681472515366,0.10138113796710968,0.3641192317008972,0.0,True
0,16,4,actor_stochastic,0.16520923376083374,0.22084635496139526,0.0,0.08140163123607635,0.3950660824775696,0.0,True
0,16,5,actor_stochastic,0.22932785749435425,0.23441046476364136,0.23177645919911147,0.12182819843292236,0.7405810952186584,0.0,True
0,16,6,actor_stochastic,0.012866668403148651,0.02831142395734787,0.0,0.08140163123607635,0.3950660824775696,0.0,True
0,16,7,actor_stochastic,0.09825699776411057,0.10378187149763107,0.0,0.08140163123607635,0.3950660824775696,0.0,True
0,16,8,actor_stochastic,0.03949778527021408,0.05238168686628342,0.09287389636845388,0.12152563780546188,0.636236846446991,0.0,True
0,16,9,actor_stochastic,0.09106510132551193,0.07060831040143967,0.11703855542622135,0.14468657970428467,0.5783988237380981,0.0,True
0,16,10,actor_stochastic,0.2956734299659729,0.3062207102775574,0.06871919506383257,0.1226993128657341,0.496094673871994,0.0,True
0,16,11,actor_stochastic,0.3337544798851013,0.34874361753463745,0.0,0.08140163123607635,0.3950660824775696,0.0,True
0,16,12,actor_stochastic,0.24869292974472046,0.27947157621383667,0.09535925557539401,0.12241271138191223,0.6376507878303528,0.0,True
0,16,13,actor_stochastic,0.08212685585021973,0.048645906150341034,0.11675264839943117,0.1445341855287552,0.5783050656318665,0.0,True
0,16,14,actor_stochastic,0.16322511434555054,0.16240710020065308,0.11628438482701542,0.14431212842464447,0.5779988169670105,0.0,True
0,16,15,actor_stochastic,-0.034681983292102814,-0.02769739180803299,0.11643396107683454,0.14438201487064362,0.578102707862854,0.0,True
0,16,16,random_baseline,0.14226454496383667,0.12666434049606323,0.09014132832599342,0.14199943840503693,0.44767871499061584,0.0,True
0,16,17,random_baseline,0.19216769933700562,0.19484299421310425,0.09643757226548755,0.12289586663246155,0.6383629441261292,0.0,True
0,16,18,random_baseline,-0.051733680069446564,-0.028935737907886505,0.0,0.08140163123607635,0.3950660824775696,0.0,True
0,16,19,random_baseline,-0.12084609270095825,-0.12863236665725708,0.04327338200698209,0.10138161480426788,0.5595333576202393,0.0,True
0,16,20,random_baseline,-0.023456282913684845,-0.009549923241138458,0.0,0.08140163123607635,0.3950660824775696,0.0,True
0,16,21,random_baseline,0.13655871152877808,0.14903753995895386,0.0,0.08140163123607635,0.3950660824775696,0.0,True
0,16,22,random_baseline,-0.18665003776550293,-0.20644813776016235,0.11647967076296334,0.14440351724624634,0.5781335830688477,0.0,True
0,16,23,random_baseline,-0.008146651089191437,-0.03419167548418045,0.13328597707248044,0.16298720240592957,0.529877781867981,0.0,True
0,16,24,random_baseline,0.20934903621673584,0.2254001498222351,0.0,0.08140163123607635,0.3950660824775696,0.0,True
0,16,25,random_baseline,0.15911227464675903,0.18096083402633667,0.0,0.08140163123607635,0.3950660824775696,0.0,True
0,16,26,random_baseline,0.12931126356124878,0.1567489504814148,0.0,0.08140163123607635,0.3950660824775696,0.0,True
0,16,27,random_baseline,0.06370656937360764,0.06218641251325607,0.027960955543532024,0.10122988373041153,0.36430755257606506,0.0,True
0,16,28,random_baseline,0.16540935635566711,0.1853685975074768,0.37823019204022623,0.20309346914291382,0.5980300307273865,0.0,True
0,16,29,random_baseline,0.1816602349281311,0.18141525983810425,0.08976974678452998,0.1434420943260193,0.41800978779792786,0.0,True
0,16,30,random_baseline,0.14571577310562134,0.18958967924118042,0.05417801919183615,0.12092477828264236,0.3438868224620819,0.0,True
0,16,31,random_baseline,0.24321848154067993,0.24126213788986206,0.11311678340643122,0.14215712249279022,0.5798864960670471,0.0,True
0,17,0,deterministic_actor,-0.8976611495018005,-0.9130933880805969,0.0,0.08140163123607635,0.395066499710083,0.0,True
0,17,1,actor_stochastic,0.23106426000595093,0.21481174230575562,0.045310300860929985,0.10214914381504059,0.5641974210739136,0.0,True
0,17,2,actor_stochastic,-0.16045540571212769,-0.18020468950271606,0.0,0.08140163123607635,0.395066499710083,0.0,True
0,17,3,actor_stochastic,0.1977561116218567,0.2000681757926941,0.0,0.08140163123607635,0.395066499710083,0.0,True
0,17,4,actor_stochastic,0.1974669098854065,0.2009379267692566,0.0,0.08140163123607635,0.395066499710083,0.0,True
0,17,5,actor_stochastic,0.22112423181533813,0.255750834941864,0.0,0.08140163123607635,0.395066499710083,0.0,True
0,17,6,actor_stochastic,-0.09051919728517532,-0.11247498542070389,0.0,0.08140163123607635,0.395066499710083,0.0,True
0,17,7,actor_stochastic,-0.25258415937423706,-0.27430182695388794,0.0,0.08140163123607635,0.395066499710083,0.0,True
0,17,8,actor_stochastic,0.1545773148536682,0.10738866776227951,0.0,0.08140163123607635,0.395066499710083,0.0,True
0,17,9,actor_stochastic,-0.10702437907457352,-0.11605865508317947,0.0,0.08140163123607635,0.395066499710083,0.0,True
0,17,10,actor_stochastic,0.10298364609479904,0.10886900871992111,0.045670053532981834,0.10228407382965088,0.5650025010108948,0.0,True
0,17,11,actor_stochastic,-0.3497483730316162,-0.3927345871925354,0.0,0.08140163123607635,0.395066499710083,0.0,True
0,17,12,actor_stochastic,-0.03979087620973587,-0.05879051238298416,0.0,0.08140163123607635,0.395066499710083,0.0,True
0,17,13,actor_stochastic,0.23600786924362183,0.2876850962638855,0.0,0.08140163123607635,0.395066499710083,0.0,True
0,17,14,actor_stochastic,-0.4207804799079895,-0.4648507237434387,0.0,0.08140163123607635,0.395066499710083,0.0,True
0,17,15,actor_stochastic,0.18385690450668335,0.2316715121269226,0.0,0.08140163123607635,0.395066499710083,0.0,True
0,17,16,random_baseline,-0.06075067073106766,-0.0922134593129158,0.0,0.08140163123607635,0.395066499710083,0.0,True
0,17,17,random_baseline,0.17916899919509888,0.21900051832199097,0.0,0.08140163123607635,0.395066499710083,0.0,True
0,17,18,random_baseline,0.1230078637599945,0.14820259809494019,0.04332433358726012,0.10140088200569153,0.5596524477005005,0.0,True
0,17,19,random_baseline,0.22558221220970154,0.22746145725250244,0.0,0.08140163123607635,0.395066499710083,0.0,True
0,17,20,random_baseline,0.54018235206604,0.6018156409263611,0.0,0.08140163123607635,0.395066499710083,0.0,True
0,17,21,random_baseline,0.1897074580192566,0.1685158610343933,0.044855981834393606,0.10197848081588745,0.5631728172302246,0.0,True
0,17,22,random_baseline,0.16080671548843384,0.19229954481124878,0.0,0.08140163123607635,0.395066499710083,0.0,True
0,17,23,random_baseline,0.06506278365850449,0.09026377648115158,0.0,0.08140163123607635,0.395066499710083,0.0,True
0,17,24,random_baseline,-0.8313745856285095,-0.873819887638092,0.0,0.08140163123607635,0.395066499710083,0.0,True
0,17,25,random_baseline,0.029819421470165253,0.028076104819774628,0.0445591134347588,0.10186680406332016,0.5624984502792358,0.0,True
0,17,26,random_baseline,-0.518648087978363,-0.5380933284759521,0.0,0.08140163123607635,0.395066499710083,0.0,True
0,17,27,random_baseline,0.08622878044843674,0.07499616593122482,0.0,0.08140163123607635,0.395066499710083,0.0,True
0,17,28,random_baseline,-0.22672492265701294,-0.22484952211380005,0.0,0.08140163123607635,0.395066499710083,0.0,True
0,17,29,random_baseline,-0.1743876338005066,-0.19551831483840942,0.0,0.08140163123607635,0.395066499710083,0.0,True
0,17,30,random_baseline,0.2048872709274292,0.21088045835494995,0.0,0.08140163123607635,0.395066499710083,0.0,True
0,17,31,random_baseline,0.5006324052810669,0.561801016330719,0.0,0.08140163123607635,0.395066499710083,0.0,True
0,18,0,deterministic_actor,-0.5744009613990784,-0.5734475255012512,0.25360156076682294,0.10209327191114426,0.5580279231071472,0.0,True
0,18,1,actor_stochastic,0.18900996446609497,0.1701628565788269,0.09483196301450636,0.08086252957582474,0.499980628490448,0.0,True
0,18,2,actor_stochastic,0.0009332820773124695,0.013726167380809784,0.07664207351019786,0.061784930527210236,0.442208468914032,0.0,True
0,18,3,actor_stochastic,0.04389702528715134,0.10578649491071701,0.0,0.019724423065781593,0.250003844499588,0.0,True
0,18,4,actor_stochastic,-0.31770920753479004,-0.33530956506729126,0.020354812552487753,0.04075862467288971,0.25000184774398804,0.0,True
0,18,5,actor_stochastic,0.023748867213726044,0.10396187752485275,0.0,0.019724423065781593,0.250003844499588,0.0,True
0,18,6,actor_stochastic,0.20768994092941284,0.2155410647392273,0.019981662134254296,0.04037301987409592,0.2500019073486328,0.0,True
0,18,7,actor_stochastic,0.07183223217725754,0.10408418625593185,0.07639637356498283,0.06159894913434982,0.44275274872779846,0.0,True
0,18,8,actor_stochastic,0.03213482350111008,0.038703612983226776,0.29003704412946246,0.08082020282745361,0.6667909026145935,0.0,True
0,18,9,actor_stochastic,0.0317993089556694,0.025257520377635956,0.09455024119721737,0.08062100410461426,0.4999783933162689,0.0,True
0,18,10,actor_stochastic,-0.08785528689622879,-0.09059125930070877,0.01999915049589655,0.040391091257333755,0.2500019073486328,0.0,True
0,18,11,actor_stochastic,0.03727414458990097,0.12576574087142944,0.0,0.019724423065781593,0.250003844499588,0.0,True
0,18,12,actor_stochastic,0.14599746465682983,0.17878025770187378,0.10721227876772353,0.08187070488929749,0.39417147636413574,0.0,True
0,18,13,actor_stochastic,0.15903478860855103,0.1594650149345398,0.4296610687858428,0.1017361581325531,0.8894681334495544,0.0,True
0,18,14,actor_stochastic,0.3622841238975525,0.35565799474716187,0.05774816901271787,0.061607733368873596,0.4575969874858856,0.0,True
0,18,15,actor_stochastic,0.1375245451927185,0.11132734268903732,0.07623066557049318,0.06149102747440338,0.4430694580078125,0.0,True
0,18,16,random_baseline,0.0881618782877922,0.1470128893852234,0.12604238073844168,0.08092175424098969,0.6574401259422302,0.0,True
0,18,17,random_baseline,-0.17148596048355103,-0.17370301485061646,0.019137517605873736,0.03950069844722748,0.2500019073486328,0.0,True
0,18,18,random_baseline,0.07480388134717941,0.06418102234601974,0.07581350585168903,0.06122002750635147,0.4438670575618744,0.0,True
0,18,19,random_baseline,0.09068094938993454,0.11777990311384201,0.038302925457092116,0.05930580198764801,0.2500012218952179,0.0,True
0,18,20,random_baseline,-0.09604448825120926,-0.1179397776722908,0.07384231370571798,0.060019977390766144,0.4474410116672516,0.0,True
0,18,21,random_baseline,-0.05964643508195877,-0.07879669219255447,0.020543896810850646,0.040954023599624634,0.25000184774398804,0.0,True
0,18,22,random_baseline,-0.020679481327533722,-0.037231989204883575,0.07351158756108317,0.05980318784713745,0.44809359312057495,0.0,True
0,18,23,random_baseline,0.0543319508433342,0.08203332871198654,0.0,0.019724423065781593,0.250003844499588,0.0,True
0,18,24,random_baseline,0.3547700047492981,0.3867565989494324,0.0,0.019724423065781593,0.250003844499588,0.0,True
0,18,25,random_baseline,-0.011910386383533478,-0.009079761803150177,0.0,0.019724423065781593,0.250003844499588,0.0,True
0,18,26,random_baseline,0.04096143692731857,0.02759569138288498,0.0,0.019724423065781593,0.250003844499588,0.0,True
0,18,27,random_baseline,-0.07961219549179077,-0.019263096153736115,0.0,0.019724423065781593,0.250003844499588,0.0,True
0,18,28,random_baseline,0.05793558806180954,0.09680622071027756,0.0,0.019724423065781593,0.250003844499588,0.0,True
0,18,29,random_baseline,0.10231145471334457,0.10583525151014328,0.4597075829775367,0.10228729993104935,0.6887113451957703,0.0,True
0,18,30,random_baseline,0.08711712807416916,0.09752195328474045,0.019965643440998073,0.04035646468400955,0.2500018775463104,0.0,True
0,18,31,random_baseline,0.04037623852491379,0.033008746802806854,0.07459859767421999,0.06045951694250107,0.4461243748664856,0.0,True
0,19,0,deterministic_actor,-0.5752155780792236,-0.5793890357017517,0.0,0.060325294733047485,0.25000226497650146,0.0,True
0,19,1,actor_stochastic,-0.09550697356462479,-0.119283027946949,0.0,0.060325294733047485,0.25000226497650146,0.0,True
0,19,2,actor_stochastic,-0.06305796653032303,-0.06664735823869705,0.5391775314868019,0.18287432193756104,0.6173834204673767,0.0,True
0,19,3,actor_stochastic,-0.25933676958084106,-0.28690463304519653,0.0,0.060325294733047485,0.25000226497650146,0.0,True
0,19,4,actor_stochastic,-0.1584472358226776,-0.1338328719139099,0.0,0.060325294733047485,0.25000226497650146,0.0,True
0,19,5,actor_stochastic,-0.04340065270662308,-0.06390316039323807,0.0,0.060325294733047485,0.25000226497650146,0.0,True
0,19,6,actor_stochastic,-0.14027553796768188,-0.1518729329109192,0.0,0.060325294733047485,0.25000226497650146,0.0,True
0,19,7,actor_stochastic,-0.06838793307542801,-0.07183057814836502,0.0,0.060325294733047485,0.25000226497650146,0.0,True
0,19,8,actor_stochastic,0.4606950879096985,0.49958962202072144,0.0,0.060325294733047485,0.25000226497650146,0.0,True
0,19,9,actor_stochastic,-0.04566950350999832,-0.06307727843523026,0.0,0.060325294733047485,0.25000226497650146,0.0,True
0,19,10,actor_stochastic,0.022734515368938446,0.02547924965620041,0.032177537965782176,0.08094995468854904,0.4030567705631256,0.0,True
0,19,11,actor_stochastic,0.06880836933851242,0.08531349152326584,0.0,0.060325294733047485,0.25000226497650146,0.0,True
0,19,12,actor_stochastic,0.29658180475234985,0.3344354033470154,0.0,0.060325294733047485,0.25000226497650146,0.0,True
0,19,13,actor_stochastic,0.14021235704421997,0.17204469442367554,0.0,0.060325294733047485,0.25000226497650146,0.0,True
0,19,14,actor_stochastic,-0.09016294032335281,-0.09677154570817947,0.0,0.060325294733047485,0.25000226497650146,0.0,True
0,19,15,actor_stochastic,0.12814980745315552,0.16408461332321167,0.08275861876588855,0.12068880349397659,0.4486658573150635,0.0,True
0,19,16,random_baseline,0.4050300717353821,0.4331328272819519,0.0,0.060325294733047485,0.25000226497650146,0.0,True
0,19,17,random_baseline,0.2576866149902344,0.295982301235199,0.13170201832092546,0.10320308804512024,0.5838525295257568,0.0,True
0,19,18,random_baseline,0.05453961342573166,0.0716659352183342,0.030467669931918157,0.08010163903236389,0.39800944924354553,0.0,True
0,19,19,random_baseline,0.124828040599823,0.13849657773971558,0.0,0.060325294733047485,0.25000226497650146,0.0,True
0,19,20,random_baseline,0.04031556099653244,0.04400842636823654,0.3006722013501771,0.1638483703136444,0.5337600111961365,0.0,True
0,19,21,random_baseline,-0.059924907982349396,-0.0840647891163826,0.03865118610680359,0.1002664789557457,0.25000131130218506,0.0,True
0,19,22,random_baseline,-0.30502957105636597,-0.31515055894851685,0.0,0.060325294733047485,0.25000226497650146,0.0,True
0,19,23,random_baseline,0.2439483404159546,0.24830085039138794,0.0,0.060325294733047485,0.25000226497650146,0.0,True
0,19,24,random_baseline,0.05193250626325607,0.06637876480817795,0.07072383889258081,0.10162913054227829,0.48307910561561584,0.0,True
0,19,25,random_baseline,0.20917290449142456,0.2577778697013855,0.0,0.060325294733047485,0.25000226497650146,0.0,True
0,19,26,random_baseline,0.08395617455244064,0.10292451828718185,0.040322195600963166,0.10199325531721115,0.25000128149986267,0.0,True
0,19,27,random_baseline,0.01014738529920578,-0.008235760033130646,0.0,0.060325294733047485,0.25000226497650146,0.0,True
0,19,28,random_baseline,0.17365777492523193,0.15389007329940796,0.07887158352352398,0.10189718008041382,0.5764189958572388,0.0,True
0,19,29,random_baseline,0.0023398026823997498,-0.005809970200061798,0.0,0.060325294733047485,0.25000226497650146,0.0,True
0,19,30,random_baseline,0.13300269842147827,0.152937114238739,0.07129511537515024,0.10188999772071838,0.4836062788963318,0.0,True
0,19,31,random_baseline,-0.13938933610916138,-0.17830735445022583,0.03131460729166652,0.08052320778369904,0.40053510665893555,0.0,True
1,0,0,deterministic_actor,0.958049476146698,1.0299873352050781,0.03832249604121222,0.03952527046203613,0.5000007152557373,0.0,True
1,0,1,actor_stochastic,0.1720830798149109,0.1914953589439392,0.020130006354374595,0.040526315569877625,0.2500018775463104,0.0,True
1,0,2,actor_stochastic,-0.12545448541641235,-0.0729261040687561,0.019585077772854568,0.03996320068836212,0.2500019073486328,0.0,True
1,0,3,actor_stochastic,-0.2793944478034973,-0.2913814187049866,0.03912379062281168,0.06015406548976898,0.2500011622905731,0.0,True
1,0,4,actor_stochastic,0.07513540983200073,0.08914130926132202,0.0763686805828203,0.061592720448970795,0.4427710473537445,0.0,True
1,0,5,actor_stochastic,-0.1340203881263733,-0.1241498589515686,0.03992274342511472,0.060979682952165604,0.2500011920928955,0.0,True
1,0,6,actor_stochastic,-0.361821711063385,-0.3662028908729553,0.058427026605447796,0.08010159432888031,0.25000089406967163,0.0,True
1,0,7,actor_stochastic,-0.09870678186416626,-0.042315781116485596,0.29500282058151717,0.12374146282672882,0.45311373472213745,0.0,True
1,0,8,actor_stochastic,0.270014226436615,0.29065269231796265,0.07517152609174138,0.06083244830369949,0.44501397013664246,0.0,True
1,0,9,actor_stochastic,-0.0535622239112854,-0.05671173334121704,0.020092387919469986,0.040487442165613174,0.2500018775463104,0.0,True
1,0,10,actor_stochastic,0.24076908826828003,0.31085723638534546,0.07624350036677496,0.06149938702583313,0.44304484128952026,0.0,True
1,0,11,actor_stochastic,0.11580651998519897,0.1536535620689392,0.038521588810499136,0.03962850198149681,0.499992311000824,0.0,True
1,0,12,actor_stochastic,0.004981696605682373,-0.023180067539215088,0.15239761167240648,0.08156999945640564,0.6542405486106873,0.0,True
1,0,13,actor_stochastic,0.3384503722190857,0.4103226065635681,0.0735497228024532,0.059809036552906036,0.4480760097503662,0.0,True
1,0,14,actor_stochastic,0.016307532787322998,0.0010218024253845215,0.039523392764821974,0.06056700646877289,0.2500011920928955,0.0,True
1,0,15,actor_stochastic,0.09262365102767944,0.1452154517173767,0.019752714562902635,0.0401364341378212,0.2500019073486328,0.0,True
1,0,16,random_baseline,-0.3508036732673645,-0.34427791833877563,0.10821605304669576,0.10149166733026505,0.47867217659950256,0.0,True
1,0,17,random_baseline,0.42877405881881714,0.48592180013656616,0.0741405041147487,0.06020783632993698,0.4468771815299988,0.0,True
1,0,18,random_baseline,-0.6273911595344543,-0.649869978427887,0.18641141838193817,0.10235150158405304,0.4819745421409607,0.0,True
1,0,19,random_baseline,0.024560391902923584,0.002358853816986084,0.0,0.019724423065781593,0.250003844499588,0.0,True
1,0,20,random_baseline,-0.1189495325088501,-0.029841959476470947,0.07430223915953543,0.06029241532087326,0.44662386178970337,0.0,True
1,0,21,random_baseline,0.0628919005393982,0.07182067632675171,0.1526905278868839,0.08173471689224243,0.6508342623710632,0.0,True
1,0,22,random_baseline,0.08506506681442261,0.03511852025985718,0.0,0.019724423065781593,0.250003844499588,0.0,True
1,0,23,random_baseline,0.2868005633354187,0.36063283681869507,0.18064938621132187,0.10083039104938507,0.691024124622345,0.0,True
1,0,24,random_baseline,0.013506114482879639,0.027360379695892334,0.09367059967832933,0.08026070147752762,0.4999948740005493,0.0,True
1,0,25,random_baseline,-0.012883007526397705,-0.03883129358291626,0.0,0.019724423065781593,0.250003844499588,0.0,True
1,0,26,random_baseline,-0.07311850786209106,-0.08334261178970337,0.0,0.019724423065781593,0.250003844499588,0.0,True
1,0,27,random_baseline,-0.12323659658432007,-0.11975723505020142,0.13458532196699463,0.10206468403339386,0.47634100914001465,0.0,True
1,0,28,random_baseline,0.32562220096588135,0.40256351232528687,0.07348243644639321,0.059762828052043915,0.4482153654098511,0.0,True
1,0,29,random_baseline,0.03505462408065796,0.0863756537437439,0.0198542370401248,0.040241338312625885,0.2500018775463104,0.0,True
1,0,30,random_baseline,0.262412965297699,0.284850537776947,0.07634604722824108,0.06156616657972336,0.44284889101982117,0.0,True
1,0,31,random_baseline,0.022727608680725098,0.018116652965545654,0.30226601172497913,0.12227264791727066,0.6380955576896667,0.0,True
1,1,0,deterministic_actor,1.1963181495666504,1.2673325538635254,0.0,0.019724423065781593,0.25000685453414917,0.0,True
1,1,1,actor_stochastic,-0.006203949451446533,0.013982236385345459,0.03878856318614995,0.03976721689105034,0.49997249245643616,0.0,True
1,1,2,actor_stochastic,0.05541270971298218,0.06648725271224976,0.039712806948740915,0.04025162011384964,0.49980562925338745,0.0,True
1,1,3,actor_stochastic,0.18234014511108398,0.20619529485702515,0.0,0.019724423065781593,0.25000685453414917,0.0,True
1,1,4,actor_stochastic,-0.14719372987747192,-0.0904894471168518,0.07485066772055564,0.06063742935657501,0.44559502601623535,0.0,True
1,1,5,actor_stochastic,0.018773376941680908,0.043272435665130615,0.0,0.019724423065781593,0.25000685453414917,0.0,True
1,1,6,actor_stochastic,0.15892452001571655,0.18774980306625366,0.0,0.019724423065781593,0.25000685453414917,0.0,True
1,1,7,actor_stochastic,-0.14318454265594482,-0.16181963682174683,0.0,0.019724423065781593,0.25000685453414917,0.0,True
1,1,8,actor_stochastic,0.21645420789718628,0.19880908727645874,0.0,0.019724423065781593,0.25000685453414917,0.0,True
1,1,9,actor_stochastic,0.1929604411125183,0.1530870795249939,0.0,0.019724423065781593,0.25000685453414917,0.0,True
1,1,10,actor_stochastic,0.11429208517074585,0.11727088689804077,0.2523575983758763,0.08164224028587341,0.6646967530250549,0.0,True
1,1,11,actor_stochastic,-0.015254080295562744,-0.023581087589263916,0.0,0.019724423065781593,0.25000685453414917,0.0,True
1,1,12,actor_stochastic,0.2794780135154724,0.23732513189315796,0.1273167954889288,0.06402552872896194,0.4788562059402466,0.0,True
1,1,13,actor_stochastic,-0.1300697922706604,-0.1463971734046936,0.03900296980773245,0.06002889573574066,0.25000226497650146,0.0,True
1,1,14,actor_stochastic,0.3587421774864197,0.3143705725669861,0.0,0.019724423065781593,0.25000685453414917,0.0,True
1,1,15,actor_stochastic,-0.36573606729507446,-0.3897424340248108,0.0,0.019724423065781593,0.25000685453414917,0.0,True
1,1,16,random_baseline,0.1341819167137146,0.1890844702720642,0.0,0.019724423065781593,0.25000685453414917,0.0,True
1,1,17,random_baseline,0.1625491976737976,0.17445486783981323,0.0404967331416276,0.04066728055477142,0.4995560944080353,0.0,True
1,1,18,random_baseline,0.30312687158584595,0.27518409490585327,0.0,0.019724423065781593,0.25000685453414917,0.0,True
1,1,19,random_baseline,0.147671639919281,0.19405311346054077,0.0,0.019724423065781593,0.25000685453414917,0.0,True
1,1,20,random_baseline,-0.0006874203681945801,-0.05523258447647095,0.0,0.019724423065781593,0.25000685453414917,0.0,True
1,1,21,random_baseline,-0.4336512088775635,-0.3260055184364319,0.0,0.019724423065781593,0.25000685453414917,0.0,True
1,1,22,random_baseline,-0.5549007058143616,-0.581522524356842,0.019778155745465844,0.040162503719329834,0.2500033974647522,0.0,True
1,1,23,random_baseline,-0.49735695123672485,-0.5057836174964905,0.0,0.019724423065781593,0.25000685453414917,0.0,True
1,1,24,random_baseline,-0.12225207686424255,-0.0779682993888855,0.02013345096175347,0.04052968695759773,0.2500033676624298,0.0,True
1,1,25,random_baseline,0.00607532262802124,-0.017447054386138916,0.0,0.019724423065781593,0.25000685453414917,0.0,True
1,1,26,random_baseline,0.47903066873550415,0.5425028204917908,0.0,0.019724423065781593,0.25000685453414917,0.0,True
1,1,27,random_baseline,0.1025657057762146,0.13303321599960327,0.0,0.019724423065781593,0.25000685453414917,0.0,True
1,1,28,random_baseline,-0.48528343439102173,-0.5031514763832092,0.02060733711165236,0.04101935774087906,0.2500033378601074,0.0,True
1,1,29,random_baseline,-0.26819711923599243,-0.2755962014198303,0.0,0.019724423065781593,0.25000685453414917,0.0,True
1,1,30,random_baseline,-0.07849490642547607,0.01246732473373413,0.04042611061525961,0.04062965139746666,0.49958252906799316,0.0,True
1,1,31,random_baseline,-0.4102056622505188,-0.44140058755874634,0.01989047347916876,0.04027856886386871,0.2500033974647522,0.0,True
1,2,0,deterministic_actor,1.2638742923736572,1.3418686389923096,0.0,0.019724423065781593,0.25000834465026855,0.0,True
1,2,1,actor_stochastic,0.1901964545249939,0.28389209508895874,0.0,0.019724423065781593,0.25000834465026855,0.0,True
1,2,2,actor_stochastic,-0.040614187717437744,-0.02912384271621704,0.0,0.019724423065781593,0.25000834465026855,0.0,True
1,2,3,actor_stochastic,0.0516168475151062,0.06800788640975952,0.0,0.019724423065781593,0.25000834465026855,0.0,True
1,2,4,actor_stochastic,-0.02041870355606079,-0.04248863458633423,0.0,0.019724423065781593,0.25000834465026855,0.0,True
1,2,5,actor_stochastic,-0.1022372841835022,-0.04725366830825806,0.0,0.019724423065781593,0.25000834465026855,0.0,True
1,2,6,actor_stochastic,-0.49425894021987915,-0.5157533288002014,0.0,0.019724423065781593,0.25000834465026855,0.0,True
1,2,7,actor_stochastic,-0.009353697299957275,0.0053018927574157715,0.0,0.019724423065781593,0.25000834465026855,0.0,True
1,2,8,actor_stochastic,0.148373544216156,0.10577148199081421,0.0,0.019724423065781593,0.25000834465026855,0.0,True
1,2,9,actor_stochastic,0.07033723592758179,0.07521194219589233,0.0,0.019724423065781593,0.25000834465026855,0.0,True
1,2,10,actor_stochastic,-0.45573145151138306,-0.4975171685218811,0.0,0.019724423065781593,0.25000834465026855,0.0,True
1,2,11,actor_stochastic,0.05525630712509155,0.035767972469329834,0.0,0.019724423065781593,0.25000834465026855,0.0,True
1,2,12,actor_stochastic,-0.38819390535354614,-0.40967756509780884,0.0,0.019724423065781593,0.25000834465026855,0.0,True
1,2,13,actor_stochastic,0.35594576597213745,0.3553890585899353,0.0,0.019724423065781593,0.25000834465026855,0.0,True
1,2,14,actor_stochastic,-0.14342302083969116,-0.10685735940933228,0.0,0.019724423065781593,0.25000834465026855,0.0,True
1,2,15,actor_stochastic,0.05215710401535034,0.07775825262069702,0.0,0.019724423065781593,0.25000834465026855,0.0,True
1,2,16,random_baseline,0.19350188970565796,0.2335771918296814,0.0,0.019724423065781593,0.25000834465026855,0.0,True
1,2,17,random_baseline,0.18643973767757416,0.2250193953514099,0.0,0.019724423065781593,0.25000834465026855,0.0,True
1,2,18,random_baseline,-0.006401121616363525,-0.008760035037994385,0.0,0.019724423065781593,0.25000834465026855,0.0,True
1,2,19,random_baseline,-0.8962069153785706,-0.910461962223053,0.0,0.019724423065781593,0.25000834465026855,0.0,True
1,2,20,random_baseline,-0.18165498971939087,-0.24709659814834595,0.0,0.019724423065781593,0.25000834465026855,0.0,True
1,2,21,random_baseline,-0.03483062982559204,-0.025364458560943604,0.0,0.019724423065781593,0.25000834465026855,0.0,True
1,2,22,random_baseline,-0.8968306183815002,-0.9183068871498108,0.0,0.019724423065781593,0.25000834465026855,0.0,True
1,2,23,random_baseline,-0.08541446924209595,-0.09805542230606079,0.0,0.019724423065781593,0.25000834465026855,0.0,True
1,2,24,random_baseline,-0.6739793419837952,-0.7132802605628967,0.0,0.019724423065781593,0.25000834465026855,0.0,True
1,2,25,random_baseline,-0.36098963022232056,-0.370483934879303,0.0,0.019724423065781593,0.25000834465026855,0.0,True
1,2,26,random_baseline,0.0735883116722107,0.04760020971298218,0.0,0.019724423065781593,0.25000834465026855,0.0,True
1,2,27,random_baseline,-0.4108749032020569,-0.41984421014785767,0.0,0.019724423065781593,0.25000834465026855,0.0,True
1,2,28,random_baseline,0.1395973563194275,0.1139025092124939,0.0,0.019724423065781593,0.25000834465026855,0.0,True
1,2,29,random_baseline,-0.07921069860458374,-0.09598022699356079,0.0,0.019724423065781593,0.25000834465026855,0.0,True
1,2,30,random_baseline,0.15183204412460327,0.1514860987663269,0.0,0.019724423065781593,0.25000834465026855,0.0,True
1,2,31,random_baseline,-0.27990442514419556,-0.29026466608047485,0.0,0.019724423065781593,0.25000834465026855,0.0,True
1,3,0,deterministic_actor,0.958049476146698,1.0299873352050781,0.03832249604121222,0.03952527046203613,0.5000007152557373,0.0,True
1,3,1,actor_stochastic,0.2013677954673767,0.1862921118736267,0.07623344571241653,0.061492834240198135,0.4430640935897827,0.0,True
1,3,2,actor_stochastic,-0.2576635479927063,-0.2598486542701721,0.0,0.019724423065781593,0.250003844499588,0.0,True
1,3,3,actor_stochastic,0.10587352514266968,0.08930724859237671,0.15221182205526063,0.08147907257080078,0.6553010940551758,0.0,True
1,3,4,actor_stochastic,0.06004756689071655,0.039462506771087646,0.15098129893958648,0.08090168237686157,0.660915195941925,0.0,True
1,3,5,actor_stochastic,0.15905457735061646,0.19617360830307007,0.09737004801677768,0.060081638395786285,0.7498391270637512,0.0,True
1,3,6,actor_stochastic,-0.15378433465957642,-0.15860038995742798,0.07555233632008729,0.06107775494456291,0.4442872703075409,0.0,True
1,3,7,actor_stochastic,-0.46050363779067993,-0.46604400873184204,0.06012766133808591,0.08185899257659912,0.25000086426734924,0.0,True
1,3,8,actor_stochastic,0.021268784999847412,0.039493024349212646,0.039960387238908254,0.06101858615875244,0.2500011920928955,0.0,True
1,3,9,actor_stochastic,0.053962647914886475,0.12859290838241577,0.019558263823117594,0.03993549197912216,0.2500019073486328,0.0,True
1,3,10,actor_stochastic,-0.19731074571609497,-0.21010500192642212,0.0753662767638501,0.06096871942281723,0.44460996985435486,0.0,True
1,3,11,actor_stochastic,-0.15869677066802979,-0.1582971215248108,0.47884107802951553,0.1213228702545166,0.7438257336616516,0.0,True
1,3,12,actor_stochastic,0.06686002016067505,0.08437389135360718,0.3101540957146258,0.10308776795864105,0.6875898241996765,0.0,True
1,3,13,actor_stochastic,-0.004628956317901611,0.026515424251556396,0.01959824249469239,0.039976805448532104,0.2500018775463104,0.0,True
1,3,14,actor_stochastic,-0.2115665078163147,-0.20626503229141235,0.059316517440411165,0.0810207724571228,0.25000089406967163,0.0,True
1,3,15,actor_stochastic,0.09983175992965698,0.1603984236717224,0.01964242483314214,0.040022462606430054,0.2500018775463104,0.0,True
1,3,16,random_baseline,0.031513988971710205,0.1238812804222107,0.03858256505190324,0.03966018557548523,0.4999884068965912,0.0,True
1,3,17,random_baseline,0.0839332640171051,0.0949278473854065,0.1789934690809727,0.100453220307827,0.6915095448493958,0.0,True
1,3,18,random_baseline,0.2673618197441101,0.2676634192466736,0.0,0.019724423065781593,0.250003844499588,0.0,True
1,3,19,random_baseline,-0.2123315930366516,-0.24402004480361938,0.07429373953891669,0.06026254594326019,0.44671329855918884,0.0,True
1,3,20,random_baseline,0.03373235464096069,0.051130712032318115,0.019181866060687374,0.039546526968479156,0.2500019371509552,0.0,True
1,3,21,random_baseline,-0.21073704957962036,-0.16506630182266235,0.30277957661412913,0.10190638899803162,0.689224362373352,0.0,True
1,3,22,random_baseline,-0.247303307056427,-0.3123536705970764,0.0,0.019724423065781593,0.250003844499588,0.0,True
1,3,23,random_baseline,-0.5412039160728455,-0.5432057976722717,0.01976904241716942,0.04015330225229263,0.2500019073486328,0.0,True
1,3,24,random_baseline,-0.6496208310127258,-0.6451049447059631,0.0,0.019724423065781593,0.250003844499588,0.0,True
1,3,25,random_baseline,-0.15615993738174438,-0.09206753969192505,0.07635038240390411,0.061568982899188995,0.4428406059741974,0.0,True
1,3,26,random_baseline,-0.12967735528945923,-0.19477516412734985,0.0,0.019724423065781593,0.250003844499588,0.0,True
1,3,27,random_baseline,-0.05411344766616821,-0.08379226922988892,0.07461122482504691,0.06046557426452637,0.4461062550544739,0.0,True
1,3,28,random_baseline,-0.06459850072860718,-0.010882914066314697,0.03975633174325029,0.060807716101408005,0.2500011920928955,0.0,True
1,3,29,random_baseline,-1.0189590454101562,-1.0190281867980957,0.0,0.019724423065781593,0.250003844499588,0.0,True
1,3,30,random_baseline,-0.38569551706314087,-0.38050419092178345,0.08156964089138749,0.10401665419340134,0.2500006854534149,0.0,True
1,3,31,random_baseline,0.2638181447982788,0.28351134061813354,0.03865691366060001,0.039698801934719086,0.49998268485069275,0.0,True
1,4,0,deterministic_actor,1.2631474733352661,1.35860013961792,0.2232552803678132,0.20251956582069397,0.5912123918533325,0.0,True
1,4,1,actor_stochastic,0.16059699654579163,0.15238457918167114,0.1536537720802401,0.22621455788612366,0.4320456087589264,0.0,True
1,4,2,actor_stochastic,-0.06927591562271118,-0.08561760187149048,0.09262375742484838,0.18492312729358673,0.6080003380775452,0.0,True
1,4,3,actor_stochastic,0.1733202338218689,0.15270942449569702,0.0,0.14267240464687347,0.5758814215660095,0.0,True
1,4,4,actor_stochastic,-0.5278521180152893,-0.5514340996742249,0.30419353141745065,0.24535846710205078,0.48221519589424133,0.0,True
1,4,5,actor_stochastic,0.2156638503074646,0.17958396673202515,0.0,0.14267240464687347,0.5758814215660095,0.0,True
1,4,6,actor_stochastic,-0.32305508852005005,-0.35472923517227173,0.29258860070741044,0.2255992293357849,0.6992465257644653,0.0,True
1,4,7,actor_stochastic,0.03234821557998657,0.06973308324813843,0.09697320063780179,0.1837393343448639,0.6098246574401855,0.0,True
1,4,8,actor_stochastic,-0.06636554002761841,-0.13056522607803345,0.3723697589957257,0.22525282204151154,0.8590250611305237,0.0,True
1,4,9,actor_stochastic,-0.22598713636398315,-0.2953987717628479,0.240294241873637,0.18436942994594574,0.744403600692749,0.0,True
1,4,10,actor_stochastic,-0.09857627749443054,-0.12954717874526978,0.18395668457241748,0.20349977910518646,0.8258242607116699,0.0,True
1,4,11,actor_stochastic,0.3534809947013855,0.4044579863548279,0.1433546428847742,0.2039511799812317,0.5928338170051575,0.0,True
1,4,12,actor_stochastic,0.002915114164352417,0.0246468186378479,0.22810601200919123,0.20381608605384827,0.5917735695838928,0.0,True
1,4,13,actor_stochastic,-0.6026414036750793,-0.628481924533844,0.3112699408599269,0.2057560831308365,0.8302674889564514,0.0,True
1,4,14,actor_stochastic,-0.14807277917861938,-0.23181968927383423,0.5651880594298483,0.24605108797550201,0.7833380103111267,0.0,True
1,4,15,actor_stochastic,0.2236335277557373,0.2508091330528259,0.09727586465279878,0.18387015163898468,0.6097537279129028,0.0,True
1,4,16,random_baseline,-0.3591652512550354,-0.3709893822669983,0.357113359890339,0.2223287671804428,0.857525110244751,0.0,True
1,4,17,random_baseline,0.11850136518478394,0.11325305700302124,0.12384932403830126,0.18460144102573395,0.8041220307350159,0.0,True
1,4,18,random_baseline,0.09920656681060791,0.12374609708786011,0.14647671688579555,0.20534951984882355,0.5913400650024414,0.0,True
1,4,19,random_baseline,-0.7179473042488098,-0.7878738045692444,0.8376074018704014,0.28819260001182556,0.8405458331108093,0.0,True
1,4,20,random_baseline,0.006150186061859131,-0.002993166446685791,0.08309463986962218,0.18516984581947327,0.48538637161254883,0.0,True
1,4,21,random_baseline,-0.21706944704055786,-0.21946102380752563,0.3069896158973796,0.20505164563655853,0.8306804895401001,0.0,True
1,4,22,random_baseline,0.13060468435287476,0.11542648077011108,0.040857713229034816,0.16267965734004974,0.5275781750679016,0.0,True
1,4,23,random_baseline,-0.5531002879142761,-0.6008895039558411,0.4451052209115096,0.24701009690761566,0.6620403528213501,0.0,True
1,4,24,random_baseline,-0.05159503221511841,-0.08367592096328735,0.04330500410258482,0.16399075090885162,0.5247892737388611,0.0,True
1,4,25,random_baseline,0.031138837337493896,-0.0032849907875061035,0.1438486729509658,0.20523343980312347,0.6524302363395691,0.0,True
1,4,26,random_baseline,0.7370774149894714,0.8509294390678406,0.17869168640557295,0.1830349713563919,0.5718680620193481,0.0,True
1,4,27,random_baseline,0.14064115285873413,0.22780364751815796,0.32840149839558574,0.24788162112236023,0.5757962465286255,0.0,True
1,4,28,random_baseline,0.22264206409454346,0.2623140215873718,0.09760306313187278,0.18401220440864563,0.6096758842468262,0.0,True
1,4,29,random_baseline,0.0018271803855895996,-0.09804970026016235,0.5621401840713619,0.2456306666135788,0.7818470597267151,0.0,True
1,4,30,random_baseline,0.09758752584457397,0.08804649114608765,0.18681793281042344,0.2043399214744568,0.8258774876594543,0.0,True
1,4,31,random_baseline,0.15157920122146606,0.21451371908187866,0.1823702594542932,0.1836833655834198,0.5744132995605469,0.0,True
1,5,0,deterministic_actor,1.2153888940811157,1.2901196479797363,0.0,0.20535795390605927,0.8299446105957031,0.0,True
1,5,1,actor_stochastic,0.17394444346427917,0.20190006494522095,0.0,0.20535795390605927,0.8299446105957031,0.0,True
1,5,2,actor_stochastic,0.21476644277572632,0.2521633505821228,0.0,0.20535795390605927,0.8299446105957031,0.0,True
1,5,3,actor_stochastic,-0.14173752069473267,-0.16807228326797485,0.0,0.20535795390605927,0.8299446105957031,0.0,True
1,5,4,actor_stochastic,-0.03508526086807251,-0.042751848697662354,0.0,0.20535795390605927,0.8299446105957031,0.0,True
1,5,5,actor_stochastic,0.03982824087142944,0.033769071102142334,0.0,0.20535795390605927,0.8299446105957031,0.0,True
1,5,6,actor_stochastic,-0.2270694375038147,-0.18169265985488892,0.06751897434153696,0.22565937042236328,0.8592108488082886,0.0,True
1,5,7,actor_stochastic,-0.5128133893013,-0.4288850426673889,0.07045672377945504,0.2265348583459854,0.8595283031463623,0.0,True
1,5,8,actor_stochastic,0.11581224203109741,0.09549278020858765,0.0,0.20535795390605927,0.8299446105957031,0.0,True
1,5,9,actor_stochastic,-0.03061920404434204,-0.04192596673965454,0.0,0.20535795390605927,0.8299446105957031,0.0,True
1,5,10,actor_stochastic,0.03378719091415405,0.02718108892440796,0.0,0.20535795390605927,0.8299446105957031,0.0,True
1,5,11,actor_stochastic,-0.049017488956451416,0.02458137273788452,0.0,0.20535795390605927,0.8299446105957031,0.0,True
1,5,12,actor_stochastic,-0.26953190565109253,-0.1976519227027893,0.0675387421888392,0.22566525638103485,0.8592133522033691,0.0,True
1,5,13,actor_stochastic,-0.06526213884353638,-0.053208887577056885,0.0,0.20535795390605927,0.8299446105957031,0.0,True
1,5,14,actor_stochastic,0.06651967763900757,0.0734819769859314,0.0,0.20535795390605927,0.8299446105957031,0.0,True
1,5,15,actor_stochastic,0.3181242346763611,0.35039466619491577,0.0,0.20535795390605927,0.8299446105957031,0.0,True
1,5,16,random_baseline,0.20426839590072632,0.20377343893051147,0.0,0.20535795390605927,0.8299446105957031,0.0,True
1,5,17,random_baseline,0.08477967977523804,0.17759841680526733,0.0688642400283924,0.226060152053833,0.8593645691871643,0.0,True
1,5,18,random_baseline,-0.22566527128219604,-0.2883506417274475,0.0,0.20535795390605927,0.8299446105957031,0.0,True
1,5,19,random_baseline,-0.38756662607192993,-0.3924775719642639,0.0,0.20535795390605927,0.8299446105957031,0.0,True
1,5,20,random_baseline,-0.3326948285102844,-0.2870507836341858,0.0,0.20535795390605927,0.8299446105957031,0.0,True
1,5,21,random_baseline,-0.16150838136672974,-0.05749565362930298,0.06751996181103338,0.22565966844558716,0.8592109084129333,0.0,True
1,5,22,random_baseline,0.07549065351486206,0.08456295728683472,0.0,0.20535795390605927,0.8299446105957031,0.0,True
1,5,23,random_baseline,-0.9110601544380188,-0.9392905831336975,0.0,0.20535795390605927,0.8299446105957031,0.0,True
1,5,24,random_baseline,0.279693067073822,0.27402251958847046,0.0,0.20535795390605927,0.8299446105957031,0.0,True
1,5,25,random_baseline,-0.7943091988563538,-0.8130689263343811,0.0,0.20535795390605927,0.8299446105957031,0.0,True
1,5,26,random_baseline,-0.04802471399307251,-0.061047136783599854,0.0,0.20535795390605927,0.8299446105957031,0.0,True
1,5,27,random_baseline,0.3931736350059509,0.4633135199546814,0.0,0.20535795390605927,0.8299446105957031,0.0,True
1,5,28,random_baseline,-0.6806867718696594,-0.5990100502967834,0.06582052219334654,0.2251536250114441,0.858996570110321,0.0,True
1,5,29,random_baseline,0.1707891821861267,0.22096961736679077,0.0,0.20535795390605927,0.8299446105957031,0.0,True
1,5,30,random_baseline,0.27713388204574585,0.3401159644126892,0.0,0.20535795390605927,0.8299446105957031,0.0,True
1,5,31,random_baseline,-0.13543587923049927,-0.15236717462539673,0.0,0.20535795390605927,0.8299446105957031,0.0,True
1,6,0,deterministic_actor,0.958049476146698,1.0299873352050781,0.03832249604121222,0.03952527046203613,0.5000007152557373,0.0,True
1,6,1,actor_stochastic,-0.19950872659683228,-0.15726953744888306,0.13391851357857562,0.10203050076961517,0.47861620783805847,0.0,True
1,6,2,actor_stochastic,-0.07470947504043579,-0.051786959171295166,0.020038529302823984,0.040431782603263855,0.2500018775463104,0.0,True
1,6,3,actor_stochastic,0.003989279270172119,0.030795037746429443,0.10683084560301308,0.08157195895910263,0.3947395980358124,0.0,True
1,6,4,actor_stochastic,0.23817294836044312,0.21714729070663452,0.07641892847572354,0.06163077428936958,0.44265949726104736,0.0,True
1,6,5,actor_stochastic,0.5788766741752625,0.6328065395355225,0.03867096433637855,0.059686120599508286,0.2500011920928955,0.0,True
1,6,6,actor_stochastic,-0.3575783371925354,-0.36010032892227173,0.18444974331931469,0.10232885926961899,0.481149286031723,0.0,True
1,6,7,actor_stochastic,-0.11987024545669556,-0.12392288446426392,0.04018486351146536,0.06125055253505707,0.2500011622905731,0.0,True
1,6,8,actor_stochastic,0.03853440284729004,0.10233253240585327,0.22670852349043968,0.12295522540807724,0.49996277689933777,0.0,True
1,6,9,actor_stochastic,0.09650546312332153,0.17177814245224,0.0,0.019724423065781593,0.250003844499588,0.0,True
1,6,10,actor_stochastic,0.03456228971481323,0.14441293478012085,0.019441317902943126,0.03981463983654976,0.2500019073486328,0.0,True
1,6,11,actor_stochastic,-0.42017441987991333,-0.4278455376625061,0.0,0.019724423065781593,0.250003844499588,0.0,True
1,6,12,actor_stochastic,-0.10230928659439087,-0.09596878290176392,0.07884376249333096,0.10119978338479996,0.2500006854534149,0.0,True
1,6,13,actor_stochastic,0.024993717670440674,0.016930997371673584,0.0864663152432381,0.09980476647615433,0.36684802174568176,0.0,True
1,6,14,actor_stochastic,0.030076920986175537,0.06883186101913452,0.0,0.019724423065781593,0.250003844499588,0.0,True
1,6,15,actor_stochastic,0.01077049970626831,-0.0045171380043029785,0.07356526160399152,0.05983981862664223,0.4479832053184509,0.0,True
1,6,16,random_baseline,-0.06631237268447876,-0.02559715509414673,0.019841792155863812,0.040228478610515594,0.2500018775463104,0.0,True
1,6,17,random_baseline,-0.09793263673782349,-0.1347399353981018,0.0,0.019724423065781593,0.250003844499588,0.0,True
1,6,18,random_baseline,0.22470462322235107,0.21519726514816284,0.07649710468230482,0.06170372664928436,0.44244593381881714,0.0,True
1,6,19,random_baseline,0.10710352659225464,0.09755748510360718,0.01914098528496982,0.0395042821764946,0.2500019073486328,0.0,True
1,6,20,random_baseline,-0.10962015390396118,-0.19489914178848267,0.03921249214678239,0.039988722652196884,0.4999113976955414,0.0,True
1,6,21,random_baseline,-0.1625574231147766,-0.1597934365272522,0.30693892733467776,0.10333162546157837,0.6871773600578308,0.0,True
1,6,22,random_baseline,-0.12532955408096313,-0.07480674982070923,0.019975008251012047,0.040366142988204956,0.2500019073486328,0.0,True
1,6,23,random_baseline,-0.29795509576797485,-0.2938867211341858,0.06027569409002394,0.08201196789741516,0.25000089406967163,0.0,True
1,6,24,random_baseline,0.0803954005241394,0.16919702291488647,0.04043980598659318,0.061514005064964294,0.2500011622905731,0.0,True
1,6,25,random_baseline,-0.03952699899673462,-0.053267061710357666,0.0,0.019724423065781593,0.250003844499588,0.0,True
1,6,26,random_baseline,-0.04534250497817993,-0.1185193657875061,0.0,0.019724423065781593,0.250003844499588,0.0,True
1,6,27,random_baseline,-0.13257145881652832,-0.08032995462417603,0.040696534212632744,0.06177929788827896,0.2500011622905731,0.0,True
1,6,28,random_baseline,0.00451892614364624,0.0071520209312438965,0.07494107424442789,0.060714058578014374,0.4453657865524292,0.0,True
1,6,29,random_baseline,-0.08660942316055298,-0.06289726495742798,0.09466258892415266,0.08084690570831299,0.4999845027923584,0.0,True
1,6,30,random_baseline,0.07373660802841187,0.0747942328453064,0.07518366642933524,0.060866959393024445,0.4449115991592407,0.0,True
1,6,31,random_baseline,0.08004492521286011,0.07589477300643921,0.14886890557714214,0.08153096586465836,0.40389570593833923,0.0,True
1,7,0,deterministic_actor,1.1990375518798828,1.2599594593048096,0.10596904544304053,0.08099313080310822,0.3958522379398346,0.0,True
1,7,1,actor_stochastic,0.19767969846725464,0.23859161138534546,0.03952229685825468,0.060565605759620667,0.25000226497650146,0.0,True
1,7,2,actor_stochastic,0.07794755697250366,0.03532928228378296,0.10621400940047668,0.08117946237325668,0.3954927325248718,0.0,True
1,7,3,actor_stochastic,0.03761869668960571,0.09660571813583374,0.0384096379170998,0.03957030922174454,0.49999988079071045,0.0,True
1,7,4,actor_stochastic,-0.42965513467788696,-0.48497921228408813,0.0,0.019724423065781593,0.25000685453414917,0.0,True
1,7,5,actor_stochastic,0.04272979497909546,0.02753204107284546,0.07372731965281915,0.059923309832811356,0.4477330446243286,0.0,True
1,7,6,actor_stochastic,-0.11722809076309204,-0.14110618829727173,0.04072656897409169,0.061810024082660675,0.2500022053718567,0.0,True
1,7,7,actor_stochastic,-0.059200942516326904,-0.00573354959487915,0.10736215033552289,0.08198186010122299,0.3939618766307831,0.0,True
1,7,8,actor_stochastic,0.4712962508201599,0.46666663885116577,0.0,0.019724423065781593,0.25000685453414917,0.0,True
1,7,9,actor_stochastic,0.17202800512313843,0.1381029486656189,0.0766079850480258,0.061781369149684906,0.4422200918197632,0.0,True
1,7,10,actor_stochastic,0.1859692931175232,0.1103472113609314,0.0,0.019724423065781593,0.25000685453414917,0.0,True
1,7,11,actor_stochastic,0.18738001585006714,0.19869464635849,0.07660594320105304,0.06178071349859238,0.4422219693660736,0.0,True
1,7,12,actor_stochastic,0.5014962553977966,0.5112499594688416,0.0,0.019724423065781593,0.25000685453414917,0.0,True
1,7,13,actor_stochastic,0.3233163356781006,0.38737672567367554,0.020106692384137793,0.040502000600099564,0.2500033974647522,0.0,True
1,7,14,actor_stochastic,-0.6012123227119446,-0.6029992699623108,0.0,0.019724423065781593,0.25000685453414917,0.0,True
1,7,15,actor_stochastic,-0.015990614891052246,0.007568776607513428,0.07640280826691162,0.06160808354616165,0.4427272379398346,0.0,True
1,7,16,random_baseline,0.2525171637535095,0.16600364446640015,0.0,0.019724423065781593,0.25000685453414917,0.0,True
1,7,17,random_baseline,0.763063371181488,0.8197550177574158,0.0,0.019724423065781593,0.25000685453414917,0.0,True
1,7,18,random_baseline,0.09021371603012085,0.047038495540618896,0.0,0.019724423065781593,0.25000685453414917,0.0,True
1,7,19,random_baseline,-0.1205478310585022,-0.16082817316055298,0.10752750071839581,0.08211055397987366,0.393718957901001,0.0,True
1,7,20,random_baseline,0.8533920645713806,0.9229215979576111,0.0,0.019724423065781593,0.25000685453414917,0.0,True
1,7,21,random_baseline,0.5290021300315857,0.5349668860435486,0.0,0.019724423065781593,0.25000685453414917,0.0,True
1,7,22,random_baseline,-0.17692142724990845,-0.19455772638320923,0.040676134200279074,0.061757903546094894,0.2500022053718567,0.0,True
1,7,23,random_baseline,0.5562586188316345,0.5656523108482361,0.10697227292231497,0.0816924050450325,0.3945109248161316,0.0,True
1,7,24,random_baseline,0.17926949262619019,0.17282432317733765,0.0,0.019724423065781593,0.25000685453414917,0.0,True
1,7,25,random_baseline,-0.15563064813613892,-0.16269928216934204,0.0,0.019724423065781593,0.25000685453414917,0.0,True
1,7,26,random_baseline,0.16199630498886108,0.12764686346054077,0.0,0.019724423065781593,0.25000685453414917,0.0,True
1,7,27,random_baseline,-0.36764204502105713,-0.3946686387062073,0.0,0.019724423065781593,0.25000685453414917,0.0,True
1,7,28,random_baseline,0.3404960036277771,0.34459251165390015,0.0,0.019724423065781593,0.25000685453414917,0.0,True
1,7,29,random_baseline,-0.024525701999664307,0.015694081783294678,0.10701533628248022,0.08174216747283936,0.39441627264022827,0.0,True
1,7,30,random_baseline,0.03146761655807495,0.045632779598236084,0.0,0.019724423065781593,0.25000685453414917,0.0,True
1,7,31,random_baseline,-0.07938295602798462,-0.08838516473770142,0.0,0.019724423065781593,0.25000685453414917,0.0,True
1,8,0,deterministic_actor,1.1775972843170166,1.2286334037780762,0.0,0.019724423065781593,0.25000834465026855,0.0,True
1,8,1,actor_stochastic,0.22108954191207886,0.19297164678573608,0.0,0.019724423065781593,0.25000834465026855,0.0,True
1,8,2,actor_stochastic,0.25405043363571167,0.25146907567977905,0.0,0.019724423065781593,0.25000834465026855,0.0,True
1,8,3,actor_stochastic,-0.16930657625198364,-0.13185745477676392,0.0,0.019724423065781593,0.25000834465026855,0.0,True
1,8,4,actor_stochastic,0.04417473077774048,0.02980750799179077,0.039512918205210384,0.040146294981241226,0.4998546540737152,0.0,True
1,8,5,actor_stochastic,0.0043749213218688965,0.015592038631439209,0.03821951312429091,0.03947187215089798,0.5000054836273193,0.0,True
1,8,6,actor_stochastic,-0.51911860704422,-0.5320335030555725,0.0,0.019724423065781593,0.25000834465026855,0.0,True
1,8,7,actor_stochastic,-0.014840662479400635,-0.025242388248443604,0.0,0.019724423065781593,0.25000834465026855,0.0,True
1,8,8,actor_stochastic,0.24286800622940063,0.32016509771347046,0.0,0.019724423065781593,0.25000834465026855,0.0,True
1,8,9,actor_stochastic,-0.0570107102394104,-0.038052141666412354,0.0,0.019724423065781593,0.25000834465026855,0.0,True
1,8,10,actor_stochastic,-0.5090261101722717,-0.5276251435279846,0.07619224654700153,0.061520762741565704,0.4429839849472046,0.0,True
1,8,11,actor_stochastic,-0.14662033319473267,-0.14913040399551392,0.07577390094193298,0.06126384437084198,0.44373971223831177,0.0,True
1,8,12,actor_stochastic,0.20558112859725952,0.28471511602401733,0.0,0.019724423065781593,0.25000834465026855,0.0,True
1,8,13,actor_stochastic,0.4107932448387146,0.3444780707359314,0.09661982960272916,0.059771828353405,0.7498821020126343,0.0,True
1,8,14,actor_stochastic,-0.22326570749282837,-0.2410627007484436,0.0,0.019724423065781593,0.25000834465026855,0.0,True
1,8,15,actor_stochastic,-0.23229223489761353,-0.25139671564102173,0.0,0.019724423065781593,0.25000834465026855,0.0,True
1,8,16,random_baseline,0.3560027480125427,0.3253721594810486,0.040403265000882094,0.06147581711411476,0.2500027120113373,0.0,True
1,8,17,random_baseline,0.5525378584861755,0.5431146025657654,0.038800657380309404,0.039773453027009964,0.49997225403785706,0.0,True
1,8,18,random_baseline,0.3889545798301697,0.3888201117515564,0.03967340737726799,0.06072160601615906,0.25000277161598206,0.0,True
1,8,19,random_baseline,-0.12662464380264282,-0.11694198846817017,0.0,0.019724423065781593,0.25000834465026855,0.0,True
1,8,20,random_baseline,0.3373231291770935,0.27800506353378296,0.038598161532734585,0.039668116718530655,0.4999903738498688,0.0,True
1,8,21,random_baseline,0.017802178859710693,0.009942471981048584,0.0,0.019724423065781593,0.25000834465026855,0.0,True
1,8,22,random_baseline,-0.7049203515052795,-0.7119184136390686,0.04029129103576555,0.061360105872154236,0.25000274181365967,0.0,True
1,8,23,random_baseline,-0.37937623262405396,-0.39541393518447876,0.07633163894084585,0.06161574646830559,0.44270533323287964,0.0,True
1,8,24,random_baseline,-0.2902076840400696,-0.3036256432533264,0.0,0.019724423065781593,0.25000834465026855,0.0,True
1,8,25,random_baseline,0.5631880164146423,0.5450014472007751,0.040293819695971345,0.061362724751234055,0.25000274181365967,0.0,True
1,8,26,random_baseline,-0.16803985834121704,-0.22054821252822876,0.019424886225948918,0.039797380566596985,0.25000420212745667,0.0,True
1,8,27,random_baseline,0.29274410009384155,0.27604907751083374,0.0,0.019724423065781593,0.25000834465026855,0.0,True
1,8,28,random_baseline,0.2993810772895813,0.3788890242576599,0.0,0.019724423065781593,0.25000834465026855,0.0,True
1,8,29,random_baseline,-0.4709387421607971,-0.4874158501625061,0.0,0.019724423065781593,0.25000834465026855,0.0,True
1,8,30,random_baseline,-0.279791921377182,-0.32332664728164673,0.04048135122776626,0.06155651807785034,0.2500027120113373,0.0,True
1,8,31,random_baseline,-0.08717352151870728,-0.07396560907363892,0.0,0.019724423065781593,0.25000834465026855,0.0,True
1,9,0,deterministic_actor,0.958049476146698,1.0299873352050781,0.03832249604121222,0.03952527046203613,0.5000007152557373,0.0,True
1,9,1,actor_stochastic,-0.22272688150405884,-0.14546924829483032,0.01978544179375954,0.040170248597860336,0.2500019073486328,0.0,True
1,9,2,actor_stochastic,0.2075977325439453,0.2680484652519226,0.24927613982582458,0.10062391310930252,0.5639078617095947,0.0,True
1,9,3,actor_stochastic,-0.35665684938430786,-0.36237484216690063,0.03907897150496704,0.060107745230197906,0.2500011920928955,0.0,True
1,9,4,actor_stochastic,0.1162065863609314,0.11564773321151733,0.0,0.019724423065781593,0.250003844499588,0.0,True
1,9,5,actor_stochastic,0.19345253705978394,0.19074004888534546,0.0,0.019724423065781593,0.250003844499588,0.0,True
1,9,6,actor_stochastic,0.18569469451904297,0.18651527166366577,0.07719875828522027,0.09949987381696701,0.2500007152557373,0.0,True
1,9,7,actor_stochastic,0.2021755576133728,0.22930282354354858,0.0,0.019724423065781593,0.250003844499588,0.0,True
1,9,8,actor_stochastic,-0.0620613694190979,-0.06125408411026001,0.038858327444637866,0.039803676307201385,0.4999627470970154,0.0,True
1,9,9,actor_stochastic,0.025360167026519775,0.06959956884384155,0.15327908277846897,0.08199822902679443,0.6508657932281494,0.0,True
1,9,10,actor_stochastic,0.21316474676132202,0.2045254111289978,0.05751910031485087,0.07916335761547089,0.25000089406967163,0.0,True
1,9,11,actor_stochastic,0.2716187834739685,0.24950164556503296,0.07616532185302197,0.06144850701093674,0.44319429993629456,0.0,True
1,9,12,actor_stochastic,0.04754406213760376,0.14244765043258667,0.07380199357272854,0.05993688106536865,0.44769084453582764,0.0,True
1,9,13,actor_stochastic,-0.005275309085845947,0.0064691901206970215,0.0,0.019724423065781593,0.250003844499588,0.0,True
1,9,14,actor_stochastic,-0.051481783390045166,-0.012003481388092041,0.0400070313295839,0.06106678396463394,0.2500011920928955,0.0,True
1,9,15,actor_stochastic,-0.03276285529136658,0.048023760318756104,0.020731139946180494,0.041147515177726746,0.25000184774398804,0.0,True
1,9,16,random_baseline,0.13514763116836548,0.1363171935081482,0.07634956797228673,0.061584096401929855,0.4427963197231293,0.0,True
1,9,17,random_baseline,-0.0401492714881897,-0.06443935632705688,0.07439220501360905,0.06032947450876236,0.4465128779411316,0.0,True
1,9,18,random_baseline,-0.23884302377700806,-0.17081886529922485,0.019403489515411945,0.039775550365448,0.2500019073486328,0.0,True
1,9,19,random_baseline,0.2215011715888977,0.2937740683555603,0.10902863892669593,0.08317281305789948,0.3917396664619446,0.0,True
1,9,20,random_baseline,0.003234684467315674,-0.027502119541168213,0.08033400277600873,0.10273975878953934,0.2500006854534149,0.0,True
1,9,21,random_baseline,-0.029868662357330322,-0.019403040409088135,0.0,0.019724423065781593,0.250003844499588,0.0,True
1,9,22,random_baseline,-0.8551223278045654,-0.8942928910255432,0.01935700923392846,0.03972751647233963,0.2500019073486328,0.0,True
1,9,23,random_baseline,0.28681081533432007,0.30247825384140015,0.10698998738678583,0.08173578977584839,0.3944275379180908,0.0,True
1,9,24,random_baseline,0.13370388746261597,0.14311259984970093,0.04061914013726475,0.06169932335615158,0.2500011622905731,0.0,True
1,9,25,random_baseline,0.04179352521896362,0.0510067343711853,0.638982289369737,0.12170465290546417,0.8901360630989075,0.0,True
1,9,26,random_baseline,-0.14698463678359985,-0.16223865747451782,0.10581794415271409,0.08088168501853943,0.3960671126842499,0.0,True
1,9,27,random_baseline,-0.6657138466835022,-0.6649947762489319,0.03874237130113155,0.05975991487503052,0.2500011920928955,0.0,True
1,9,28,random_baseline,-0.10966676473617554,-0.09012752771377563,0.3303170946246052,0.14400652050971985,0.4253113865852356,0.0,True
1,9,29,random_baseline,-0.20755934715270996,-0.14868098497390747,0.07631906024062507,0.06154858320951462,0.44290050864219666,0.0,True
1,9,30,random_baseline,0.09921020269393921,0.09145110845565796,0.019093601745757718,0.039455316960811615,0.2500019073486328,0.0,True
1,9,31,random_baseline,-0.07000523805618286,-0.03697925806045532,0.3013500276371479,0.10002019256353378,0.692131757736206,0.0,True
1,10,0,deterministic_actor,1.2040705680847168,1.2812740802764893,0.0,0.019724423065781593,0.25000685453414917,0.0,True
1,10,1,actor_stochastic,0.12557309865951538,0.17668098211288452,0.1557827863077597,0.08300328254699707,0.6621982455253601,0.0,True
1,10,2,actor_stochastic,0.3612291216850281,0.36989539861679077,0.0,0.019724423065781593,0.25000685453414917,0.0,True
1,10,3,actor_stochastic,-0.2586621046066284,-0.2675996422767639,0.0,0.019724423065781593,0.25000685453414917,0.0,True
1,10,4,actor_stochastic,0.20805448293685913,0.27406781911849976,0.12713866106755192,0.08152484148740768,0.6567201614379883,0.0,True
1,10,5,actor_stochastic,-0.2551857829093933,-0.29841333627700806,0.0,0.019724423065781593,0.25000685453414917,0.0,True
1,10,6,actor_stochastic,0.041540563106536865,0.01612800359725952,0.07360637771122458,0.05982224643230438,0.44902288913726807,0.0,True
1,10,7,actor_stochastic,0.027777493000030518,2.282857894897461e-05,0.0,0.019724423065781593,0.25000685453414917,0.0,True
1,10,8,actor_stochastic,0.1880550980567932,0.23892682790756226,0.0,0.019724423065781593,0.25000685453414917,0.0,True
1,10,9,actor_stochastic,0.13423722982406616,0.1394476294517517,0.0976279575147382,0.06017683818936348,0.7498387694358826,0.0,True
1,10,10,actor_stochastic,-0.04267829656600952,-0.04203230142593384,0.0,0.019724423065781593,0.25000685453414917,0.0,True
1,10,11,actor_stochastic,0.8256252408027649,0.8960756659507751,0.0,0.019724423065781593,0.25000685453414917,0.0,True
1,10,12,actor_stochastic,0.05188792943954468,0.02630561590194702,0.0,0.019724423065781593,0.25000685453414917,0.0,True
1,10,13,actor_stochastic,-0.11334306001663208,-0.1411767601966858,0.0,0.019724423065781593,0.25000685453414917,0.0,True
1,10,14,actor_stochastic,-0.10183554887771606,-0.027406275272369385,0.1551274018801153,0.08271041512489319,0.662142813205719,0.0,True
1,10,15,actor_stochastic,-0.08360105752944946,-0.08904701471328735,0.0,0.019724423065781593,0.25000685453414917,0.0,True
1,10,16,random_baseline,-0.22368770837783813,-0.24892479181289673,0.0,0.019724423065781593,0.25000685453414917,0.0,True
1,10,17,random_baseline,-0.3536568284034729,-0.37395912408828735,0.0,0.019724423065781593,0.25000685453414917,0.0,True
1,10,18,random_baseline,0.279802143573761,0.28885072469711304,0.0,0.019724423065781593,0.25000685453414917,0.0,True
1,10,19,random_baseline,0.5749544501304626,0.6141943335533142,0.0,0.019724423065781593,0.25000685453414917,0.0,True
1,10,20,random_baseline,0.2827267050743103,0.3514513373374939,0.1278254807098897,0.08189791440963745,0.6556259393692017,0.0,True
1,10,21,random_baseline,0.2094699740409851,0.2956661581993103,0.07352337490140379,0.05965399742126465,0.45127221941947937,0.0,True
1,10,22,random_baseline,-0.5592917799949646,-0.5812844634056091,0.0,0.019724423065781593,0.25000685453414917,0.0,True
1,10,23,random_baseline,-0.026410162448883057,-0.02079063653945923,0.12744136430446817,0.0818411335349083,0.6546007394790649,0.0,True
1,10,24,random_baseline,-0.8390482664108276,-0.901705801486969,0.0,0.019724423065781593,0.25000685453414917,0.0,True
1,10,25,random_baseline,-0.012974798679351807,-0.04474121332168579,0.0,0.019724423065781593,0.25000685453414917,0.0,True
1,10,26,random_baseline,0.1183900237083435,0.1976732611656189,0.15003304213372737,0.0804697796702385,0.667753279209137,0.0,True
1,10,27,random_baseline,-0.09792810678482056,-0.11344009637832642,0.0,0.019724423065781593,0.25000685453414917,0.0,True
1,10,28,random_baseline,0.2168228030204773,0.20749109983444214,0.0,0.019724423065781593,0.25000685453414917,0.0,True
1,10,29,random_baseline,-0.2796185612678528,-0.22574573755264282,0.15078157169807638,0.08084769546985626,0.6733890175819397,0.0,True
1,10,30,random_baseline,0.03234952688217163,0.02045339345932007,0.0,0.019724423065781593,0.25000685453414917,0.0,True
1,10,31,random_baseline,-0.011694014072418213,0.05967658758163452,0.07362860038923755,0.05990005284547806,0.4478485584259033,0.0,True
1,11,0,deterministic_actor,1.2051818370819092,1.2794880867004395,0.0,0.019724423065781593,0.25000834465026855,0.0,True
1,11,1,actor_stochastic,0.024701058864593506,0.012774884700775146,0.0,0.019724423065781593,0.25000834465026855,0.0,True
1,11,2,actor_stochastic,-0.1483326554298401,-0.16134697198867798,0.0,0.019724423065781593,0.25000834465026855,0.0,True
1,11,3,actor_stochastic,0.10426658391952515,0.10983413457870483,0.0,0.019724423065781593,0.25000834465026855,0.0,True
1,11,4,actor_stochastic,-0.21268421411514282,-0.1486716866493225,0.0,0.019724423065781593,0.25000834465026855,0.0,True
1,11,5,actor_stochastic,-0.30381256341934204,-0.3274579644203186,0.0,0.019724423065781593,0.25000834465026855,0.0,True
1,11,6,actor_stochastic,-0.37310612201690674,-0.2719746232032776,0.0,0.019724423065781593,0.25000834465026855,0.0,True
1,11,7,actor_stochastic,-0.1914544701576233,-0.22932392358779907,0.0,0.019724423065781593,0.25000834465026855,0.0,True
1,11,8,actor_stochastic,0.19043821096420288,0.16275924444198608,0.0396383868177208,0.040212348103523254,0.49982523918151855,0.0,True
1,11,9,actor_stochastic,-0.301185667514801,-0.3118768334388733,0.0,0.019724423065781593,0.25000834465026855,0.0,True
1,11,10,actor_stochastic,-0.12125164270401001,-0.1532483696937561,0.0,0.019724423065781593,0.25000834465026855,0.0,True
1,11,11,actor_stochastic,1.329183578491211e-05,-0.004252016544342041,0.0,0.019724423065781593,0.25000834465026855,0.0,True
1,11,12,actor_stochastic,0.15725046396255493,0.1890382170677185,0.0,0.019724423065781593,0.25000834465026855,0.0,True
1,11,13,actor_stochastic,-0.10558897256851196,-0.06701809167861938,0.0,0.019724423065781593,0.25000834465026855,0.0,True
1,11,14,actor_stochastic,-0.24096626043319702,-0.180425226688385,0.03962454840174056,0.040205053985118866,0.49982866644859314,0.0,True
1,11,15,actor_stochastic,-0.2311897873878479,-0.25429588556289673,0.0,0.019724423065781593,0.25000834465026855,0.0,True
1,11,16,random_baseline,0.2688559889793396,0.2502102255821228,0.0,0.019724423065781593,0.25000834465026855,0.0,True
1,11,17,random_baseline,-0.09223908185958862,-0.09974771738052368,0.0,0.019724423065781593,0.25000834465026855,0.0,True
1,11,18,random_baseline,0.11183476448059082,0.1553301215171814,0.0,0.019724423065781593,0.25000834465026855,0.0,True
1,11,19,random_baseline,0.36931508779525757,0.36391013860702515,0.0,0.019724423065781593,0.25000834465026855,0.0,True
1,11,20,random_baseline,-0.048196375370025635,-0.0639691948890686,0.0,0.019724423065781593,0.25000834465026855,0.0,True
1,11,21,random_baseline,0.535763680934906,0.564422070980072,0.0,0.019724423065781593,0.25000834465026855,0.0,True
1,11,22,random_baseline,0.2567393183708191,0.2627844214439392,0.0,0.019724423065781593,0.25000834465026855,0.0,True
1,11,23,random_baseline,0.27764052152633667,0.2610325217247009,0.0,0.019724423065781593,0.25000834465026855,0.0,True
1,11,24,random_baseline,0.21994897723197937,0.19560116529464722,0.0,0.019724423065781593,0.25000834465026855,0.0,True
1,11,25,random_baseline,-0.387474000453949,-0.280121386051178,0.0,0.019724423065781593,0.25000834465026855,0.0,True
1,11,26,random_baseline,0.033109843730926514,0.02912229299545288,0.0,0.019724423065781593,0.25000834465026855,0.0,True
1,11,27,random_baseline,0.4171857237815857,0.45899051427841187,0.0,0.019724423065781593,0.25000834465026855,0.0,True
1,11,28,random_baseline,0.0290033221244812,0.039083898067474365,0.0,0.019724423065781593,0.25000834465026855,0.0,True
1,11,29,random_baseline,0.004643619060516357,-0.032782137393951416,0.038668980168698824,0.03970491513609886,0.4999846816062927,0.0,True
1,11,30,random_baseline,-0.014545738697052002,0.07337039709091187,0.0,0.019724423065781593,0.25000834465026855,0.0,True
1,11,31,random_baseline,0.13182228803634644,0.11919158697128296,0.03904255510652887,0.03989967703819275,0.4999416768550873,0.0,True
1,12,0,deterministic_actor,0.958049476146698,1.0299873352050781,0.03832249604121222,0.03952527046203613,0.5000007152557373,0.0,True
1,12,1,actor_stochastic,0.07711571455001831,0.11433261632919312,0.03998054269105953,0.061039410531520844,0.2500011920928955,0.0,True
1,12,2,actor_stochastic,0.015839040279388428,0.015349805355072021,0.0,0.019724423065781593,0.250003844499588,0.0,True
1,12,3,actor_stochastic,0.0007421374320983887,-0.026709139347076416,0.03883892413046751,0.03979353606700897,0.49996498227119446,0.0,True
1,12,4,actor_stochastic,0.14387434720993042,0.12137001752853394,0.0,0.019724423065781593,0.250003844499588,0.0,True
1,12,5,actor_stochastic,0.1572992205619812,0.15982717275619507,0.07625293900628399,0.061505526304244995,0.4430268704891205,0.0,True
1,12,6,actor_stochastic,0.19198817014694214,0.22594016790390015,0.06054500793779945,0.08229026943445206,0.25000086426734924,0.0,True
1,12,7,actor_stochastic,-0.1400737762451172,-0.031071007251739502,0.01983201666928357,0.040218379348516464,0.2500018775463104,0.0,True
1,12,8,actor_stochastic,-0.02121025323867798,-0.014984667301177979,0.03943064907599675,0.06047116219997406,0.2500011920928955,0.0,True
1,12,9,actor_stochastic,-0.007388651371002197,0.04253333806991577,0.01944173550102456,0.03981507197022438,0.2500019371509552,0.0,True
1,12,10,actor_stochastic,-0.1291828751564026,-0.08784300088882446,0.3254520169894684,0.1441573053598404,0.4193035364151001,0.0,True
1,12,11,actor_stochastic,0.09368366003036499,0.14064449071884155,0.1834183960311094,0.12279348075389862,0.3431404232978821,0.0,True
1,12,12,actor_stochastic,0.2363705039024353,0.20764487981796265,0.07637613274747788,0.06158576160669327,0.4427914023399353,0.0,True
1,12,13,actor_stochastic,-0.11833149194717407,-0.08754783868789673,0.019539361165210604,0.03991595655679703,0.2500019073486328,0.0,True
1,12,14,actor_stochastic,-0.00644230842590332,0.01914900541305542,0.07601956166522875,0.061353761702775955,0.4434729516506195,0.0,True
1,12,15,actor_stochastic,0.1662096381187439,0.14038985967636108,0.07456595811588847,0.060442786663770676,0.4461742639541626,0.0,True
1,12,16,random_baseline,0.03943222761154175,0.04658406972885132,0.03967681968424278,0.06072555482387543,0.2500011622905731,0.0,True
1,12,17,random_baseline,-0.19727569818496704,-0.20330482721328735,0.0802444475985014,0.10264722257852554,0.2500006854534149,0.0,True
1,12,18,random_baseline,0.37128716707229614,0.4443625807762146,0.08106652287578842,0.1034967303276062,0.2500006854534149,0.0,True
1,12,19,random_baseline,0.0046114325523376465,0.014394223690032959,0.05911560431263667,0.08081314712762833,0.25000089406967163,0.0,True
1,12,20,random_baseline,0.05216020345687866,0.02654021978378296,0.0,0.019724423065781593,0.250003844499588,0.0,True
1,12,21,random_baseline,-0.02624613046646118,-0.011963427066802979,0.02044848603151639,0.04085543006658554,0.25000184774398804,0.0,True
1,12,22,random_baseline,0.026367008686065674,-0.015169918537139893,0.07685470245596962,0.06193147227168083,0.44178080558776855,0.0,True
1,12,23,random_baseline,-0.13768014311790466,-0.16586756706237793,0.09281030379431861,0.0799354612827301,0.49998846650123596,0.0,True
1,12,24,random_baseline,-0.38795655965805054,-0.4183726906776428,0.0,0.019724423065781593,0.250003844499588,0.0,True
1,12,25,random_baseline,-0.24762874841690063,-0.24378257989883423,0.0,0.019724423065781593,0.250003844499588,0.0,True
1,12,26,random_baseline,0.180478036403656,0.1083635687828064,0.0,0.019724423065781593,0.250003844499588,0.0,True
1,12,27,random_baseline,-0.0852232575416565,-0.026365816593170166,0.019103832898752778,0.03946588933467865,0.2500019371509552,0.0,True
1,12,28,random_baseline,-0.10379630327224731,-0.1125989556312561,0.038539206373757746,0.03963764011859894,0.499991238117218,0.0,True
1,12,29,random_baseline,0.10572832822799683,0.15153354406356812,0.0732170401761993,0.05958345904946327,0.44875720143318176,0.0,True
1,12,30,random_baseline,0.2778767943382263,0.23805946111679077,0.07450989153590583,0.06036453694105148,0.44640806317329407,0.0,True
1,12,31,random_baseline,-0.3391934037208557,-0.2370029091835022,0.0,0.019724423065781593,0.250003844499588,0.0,True
1,13,0,deterministic_actor,1.2135803699493408,1.2822928428649902,0.0,0.019724423065781593,0.25000685453414917,0.0,True
1,13,1,actor_stochastic,0.04749244451522827,0.03579658269882202,0.0,0.019724423065781593,0.25000685453414917,0.0,True
1,13,2,actor_stochastic,0.23790496587753296,0.263732373714447,0.07408207960526761,0.06010371074080467,0.4471908211708069,0.0,True
1,13,3,actor_stochastic,0.16032791137695312,0.15393179655075073,0.0,0.019724423065781593,0.25000685453414917,0.0,True
1,13,4,actor_stochastic,-0.0841028094291687,-0.10277324914932251,0.25453197852093834,0.08212575316429138,0.6602999567985535,0.0,True
1,13,5,actor_stochastic,0.022122442722320557,0.016884267330169678,0.07375786429922836,0.059939030557870865,0.4476856589317322,0.0,True
1,13,6,actor_stochastic,-0.06125253438949585,-0.06072193384170532,0.0,0.019724423065781593,0.25000685453414917,0.0,True
1,13,7,actor_stochastic,-0.27245670557022095,-0.2800012230873108,0.0,0.019724423065781593,0.25000685453414917,0.0,True
1,13,8,actor_stochastic,-0.11177188158035278,-0.03341633081436157,0.0390250032976643,0.06005176901817322,0.25000226497650146,0.0,True
1,13,9,actor_stochastic,0.0864824652671814,0.1621679663658142,0.019148671627557044,0.03951209783554077,0.250003457069397,0.0,True
1,13,10,actor_stochastic,-0.2731854319572449,-0.191500723361969,0.03912724445887744,0.0601574182510376,0.25000226497650146,0.0,True
1,13,11,actor_stochastic,0.1308460533618927,0.1376057267189026,0.0,0.019724423065781593,0.25000685453414917,0.0,True
1,13,12,actor_stochastic,-0.06218236684799194,-0.0748022198677063,0.07601147964269145,0.061413586139678955,0.44329825043678284,0.0,True
1,13,13,actor_stochastic,-0.041972219944000244,0.03158038854598999,0.05982762749885043,0.08154866844415665,0.2500016689300537,0.0,True
1,13,14,actor_stochastic,-0.13284319639205933,-0.11905676126480103,0.0,0.019724423065781593,0.25000685453414917,0.0,True
1,13,15,actor_stochastic,0.24545282125473022,0.20045417547225952,0.07585324457740489,0.0612456314265728,0.44379276037216187,0.0,True
1,13,16,random_baseline,-0.6810443997383118,-0.704860270023346,0.44956514534947634,0.14188352227210999,0.4917041063308716,0.0,True
1,13,17,random_baseline,-0.2657490372657776,-0.2856946587562561,0.0,0.019724423065781593,0.25000685453414917,0.0,True
1,13,18,random_baseline,-0.3035503029823303,-0.24534136056900024,0.039638631377923186,0.06068587303161621,0.2500022351741791,0.0,True
1,13,19,random_baseline,-0.008960485458374023,-0.060299694538116455,0.073603872122736,0.059831175953149796,0.44801056385040283,0.0,True
1,13,20,random_baseline,0.14082282781600952,0.12430518865585327,0.05982398678187531,0.0815449059009552,0.2500016689300537,0.0,True
1,13,21,random_baseline,0.14746779203414917,0.1135987639427185,0.29714891018694106,0.10230754315853119,0.5608470439910889,0.0,True
1,13,22,random_baseline,-1.0617942810058594,-1.0734972953796387,0.0,0.019724423065781593,0.25000685453414917,0.0,True
1,13,23,random_baseline,0.47484511137008667,0.5054954886436462,0.07607746244672928,0.061379022896289825,0.44339996576309204,0.0,True
1,13,24,random_baseline,0.2401474118232727,0.2149752974510193,0.07636481376301654,0.061592139303684235,0.4427739679813385,0.0,True
1,13,25,random_baseline,-0.8104237914085388,-0.8939118981361389,0.0,0.019724423065781593,0.25000685453414917,0.0,True
1,13,26,random_baseline,-0.3060024380683899,-0.38041549921035767,0.0,0.019724423065781593,0.25000685453414917,0.0,True
1,13,27,random_baseline,-0.18722349405288696,-0.2248416543006897,0.0,0.019724423065781593,0.25000685453414917,0.0,True
1,13,28,random_baseline,0.24644416570663452,0.21228545904159546,0.09825982724820612,0.06028479337692261,0.749845027923584,0.0,True
1,13,29,random_baseline,0.03686445951461792,0.06073993444442749,0.24987833471662196,0.08153636753559113,0.656730592250824,0.0,True
1,13,30,random_baseline,-0.10813111066818237,-0.1364169716835022,0.0384543855126211,0.03959351032972336,0.4999978840351105,0.0,True
1,13,31,random_baseline,-0.36279207468032837,-0.364929735660553,0.0,0.019724423065781593,0.25000685453414917,0.0,True
1,14,0,deterministic_actor,1.1831303834915161,1.2539148330688477,0.02810729713859883,0.10182016342878342,0.3635760545730591,0.0,True
1,14,1,actor_stochastic,0.335981547832489,0.33276504278182983,0.02808901972422813,0.10180623829364777,0.3635932207107544,0.0,True
1,14,2,actor_stochastic,0.021602094173431396,-0.02836853265762329,0.3262769946887799,0.16446174681186676,0.5291364192962646,0.0,True
1,14,3,actor_stochastic,0.10313397645950317,0.11550849676132202,0.0,0.08184804767370224,0.3942156136035919,0.0,True
1,14,4,actor_stochastic,-0.03556400537490845,-0.02327781915664673,0.0933269464505439,0.12220542132854462,0.6352686285972595,0.0,True
1,14,5,actor_stochastic,0.1448013186454773,0.16436713933944702,0.04673562079214727,0.10318411141633987,0.5658924579620361,0.0,True
1,14,6,actor_stochastic,-0.06432944536209106,-0.10023456811904907,0.05613426317222933,0.12299254536628723,0.3421407639980316,0.0,True
1,14,7,actor_stochastic,0.010694563388824463,0.07681506872177124,0.09615960883093147,0.12333092093467712,0.6370400190353394,0.0,True
1,14,8,actor_stochastic,-0.06999212503433228,-0.07216888666152954,0.04264359795674961,0.10164090991020203,0.5566030144691467,0.0,True
1,14,9,actor_stochastic,-0.7534752488136292,-0.7755990624427795,0.0934570570925562,0.12228798121213913,0.6354060769081116,0.0,True
1,14,10,actor_stochastic,-0.47068697214126587,-0.4813600182533264,0.058045062791241595,0.12452186644077301,0.3408888280391693,0.0,True
1,14,11,actor_stochastic,0.19285434484481812,0.1788591742515564,0.0,0.08184804767370224,0.3942156136035919,0.0,True
1,14,12,actor_stochastic,-0.17060691118240356,-0.18549972772598267,0.05560852103073793,0.12257030606269836,0.3424922823905945,0.0,True
1,14,13,actor_stochastic,-0.057280123233795166,-0.05620628595352173,0.0,0.08184804767370224,0.3942156136035919,0.0,True
1,14,14,actor_stochastic,0.3908490538597107,0.4400419592857361,0.09523757533884884,0.12297097593545914,0.6364973783493042,0.0,True
1,14,15,actor_stochastic,0.18393796682357788,0.12956184148788452,0.202492063813201,0.14393693208694458,0.5784960389137268,0.0,True
1,14,16,random_baseline,-0.5248494744300842,-0.5518575310707092,0.09631847144692604,0.1233726441860199,0.6371014714241028,0.0,True
1,14,17,random_baseline,0.650303304195404,0.7300012707710266,0.0,0.08184804767370224,0.3942156136035919,0.0,True
1,14,18,random_baseline,0.16258472204208374,0.12596458196640015,0.06972864959958097,0.12403795123100281,0.4936608076095581,0.0,True
1,14,19,random_baseline,-0.5160219073295593,-0.5439813733100891,0.05590526022875639,0.12281114608049393,0.3422914743423462,0.0,True
1,14,20,random_baseline,0.08949321508407593,0.06490844488143921,0.027798456824905764,0.10158494114875793,0.3638666272163391,0.0,True
1,14,21,random_baseline,0.2531546950340271,0.2368578314781189,0.02892571785588041,0.1024450734257698,0.36281073093414307,0.0,True
1,14,22,random_baseline,0.11084550619125366,0.12931197881698608,0.38478510684434875,0.16425538063049316,0.716011106967926,0.0,True
1,14,23,random_baseline,-0.12003093957901001,-0.13433700799942017,0.05819607871621437,0.12464303523302078,0.3407910466194153,0.0,True
1,14,24,random_baseline,0.057280004024505615,0.12253421545028687,0.09591156941359172,0.12324271351099014,0.636909008026123,0.0,True
1,14,25,random_baseline,-0.37124139070510864,-0.3807283043861389,0.056770728791764716,0.12349829077720642,0.34172314405441284,0.0,True
1,14,26,random_baseline,0.1861005425453186,0.22782105207443237,0.043385902771796415,0.10192272067070007,0.558341920375824,0.0,True
1,14,27,random_baseline,-0.10843755304813385,-0.07507389783859253,0.3052064490179517,0.1440228372812271,0.808606743812561,0.0,True
1,14,28,random_baseline,-0.03953367471694946,-0.04596000909805298,0.09757678444597499,0.12384349852800369,0.6377743482589722,0.0,True
1,14,29,random_baseline,0.13719505071640015,0.05370277166366577,0.06829983199603523,0.12302505970001221,0.49427199363708496,0.0,True
1,14,30,random_baseline,-0.5739198327064514,-0.5964608788490295,0.02832932088761693,0.10198947787284851,0.3633677363395691,0.0,True
1,14,31,random_baseline,-0.11668401956558228,-0.09971624612808228,0.3009831804120552,0.14342626929283142,0.8089150786399841,0.0,True
1,15,0,deterministic_actor,0.958049476146698,1.0299873352050781,0.03832249604121222,0.03952527046203613,0.5000007152557373,0.0,True
1,15,1,actor_stochastic,0.023328959941864014,0.011305272579193115,0.0763049957218162,0.061559632420539856,0.44286805391311646,0.0,True
1,15,2,actor_stochastic,0.04995602369308472,-0.04557567834854126,0.0,0.019724423065781593,0.250003844499588,0.0,True
1,15,3,actor_stochastic,0.1043616533279419,0.16004031896591187,0.03979897981250584,0.06085179001092911,0.2500011622905731,0.0,True
1,15,4,actor_stochastic,0.15853732824325562,0.14481300115585327,0.15101764150852956,0.08095455169677734,0.6592011451721191,0.0,True
1,15,5,actor_stochastic,0.0004087090492248535,0.03187030553817749,0.019961407473719026,0.04035209119319916,0.2500018775463104,0.0,True
1,15,6,actor_stochastic,-0.23253732919692993,-0.2183728814125061,0.0,0.019724423065781593,0.250003844499588,0.0,True
1,15,7,actor_stochastic,-0.18322163820266724,-0.19004398584365845,0.10759152242647113,0.08213150501251221,0.3936786949634552,0.0,True
1,15,8,actor_stochastic,0.21468013525009155,0.2882785201072693,0.0,0.019724423065781593,0.250003844499588,0.0,True
1,15,9,actor_stochastic,0.004353940486907959,0.045001447200775146,0.01935891726494141,0.039729490876197815,0.2500019073486328,0.0,True
1,15,10,actor_stochastic,0.19839400053024292,0.24759811162948608,0.0,0.019724423065781593,0.250003844499588,0.0,True
1,15,11,actor_stochastic,0.03254091739654541,0.09428733587265015,0.3009699741611264,0.10159102827310562,0.6896963715553284,0.0,True
1,15,12,actor_stochastic,-0.44076114892959595,-0.34621769189834595,0.01983087923362531,0.04021720588207245,0.2500018775463104,0.0,True
1,15,13,actor_stochastic,0.29222625494003296,0.26362937688827515,0.07635158674754228,0.06157088652253151,0.4428350031375885,0.0,True
1,15,14,actor_stochastic,0.028912246227264404,-0.031137049198150635,0.0,0.019724423065781593,0.250003844499588,0.0,True
1,15,15,actor_stochastic,0.1849955916404724,0.15485328435897827,0.15001865922522103,0.08046523481607437,0.6647144556045532,0.0,True
1,15,16,random_baseline,-0.6641372442245483,-0.6791231632232666,0.07435956545527753,0.060277923941612244,0.44666722416877747,0.0,True
1,15,17,random_baseline,0.09943026304244995,0.16706794500350952,0.07993524967319163,0.10232770442962646,0.2500007152557373,0.0,True
1,15,18,random_baseline,-0.16940242052078247,-0.2522807717323303,0.0,0.019724423065781593,0.250003844499588,0.0,True
1,15,19,random_baseline,-0.36774593591690063,-0.37284332513809204,0.2524871460679887,0.10124263912439346,0.5621861815452576,0.0,True
1,15,20,random_baseline,0.008593976497650146,0.0074190497398376465,0.03823034068117575,0.03947759419679642,0.5000023245811462,0.0,True
1,15,21,random_baseline,-0.026880621910095215,0.004300296306610107,0.0971577974471681,0.06000807136297226,0.7498291730880737,0.0,True
1,15,22,random_baseline,-0.08464902639389038,-0.08863455057144165,0.09752226136387344,0.08262014389038086,0.4999227225780487,0.0,True
1,15,23,random_baseline,-0.12005746364593506,-0.08360868692398071,0.03894264418875355,0.05996686965227127,0.2500011920928955,0.0,True
1,15,24,random_baseline,-0.12731891870498657,-0.05221611261367798,0.09453969972962589,0.08039937168359756,0.49988219141960144,0.0,True
1,15,25,random_baseline,0.09393876791000366,0.20346206426620483,0.019320918146702903,0.03969022259116173,0.2500019073486328,0.0,True
1,15,26,random_baseline,0.05866163969039917,0.04114001989364624,0.07259594724183838,0.05921388417482376,0.4498779773712158,0.0,True
1,15,27,random_baseline,0.13861769437789917,0.10107940435409546,0.0754024832096617,0.060928359627723694,0.44472959637641907,0.0,True
1,15,28,random_baseline,-0.21318203210830688,-0.21431046724319458,0.041025610729487315,0.062119364738464355,0.25000113248825073,0.0,True
1,15,29,random_baseline,0.1486930251121521,0.10077041387557983,0.0,0.019724423065781593,0.250003844499588,0.0,True
1,15,30,random_baseline,0.11214309930801392,0.12217038869857788,0.3582928968181594,0.12407153099775314,0.6365878582000732,0.0,True
1,15,31,random_baseline,0.2208976149559021,0.22040027379989624,0.039982815255204335,0.040394362062215805,0.4997287392616272,0.0,True
1,16,0,deterministic_actor,1.1285851001739502,1.1982879638671875,0.0,0.06099291518330574,0.4445395767688751,0.0,True
1,16,1,actor_stochastic,-0.2054162621498108,-0.25216346979141235,0.0,0.06099291518330574,0.4445395767688751,0.0,True
1,16,2,actor_stochastic,-0.10741230845451355,-0.14005917310714722,0.04050118136870494,0.0819205716252327,0.4999738931655884,0.0,True
1,16,3,actor_stochastic,0.028181612491607666,0.07296699285507202,0.0,0.06099291518330574,0.4445395767688751,0.0,True
1,16,4,actor_stochastic,0.3561739921569824,0.3509024977684021,0.0,0.06099291518330574,0.4445395767688751,0.0,True
1,16,5,actor_stochastic,0.11145108938217163,0.13156646490097046,0.055378687505445556,0.08247659355401993,0.6659387946128845,0.0,True
1,16,6,actor_stochastic,-0.2518758177757263,-0.302277147769928,0.039453323959666935,0.08138207346200943,0.49990150332450867,0.0,True
1,16,7,actor_stochastic,0.1550215482711792,0.12949532270431519,0.030620960728207452,0.08097533881664276,0.3958866596221924,0.0,True
1,16,8,actor_stochastic,0.03389495611190796,0.026347577571868896,0.0,0.06099291518330574,0.4445395767688751,0.0,True
1,16,9,actor_stochastic,-0.2349739670753479,-0.2427716851234436,0.03914781289476671,0.08122538030147552,0.49987196922302246,0.0,True
1,16,10,actor_stochastic,0.12795060873031616,0.10677379369735718,0.0,0.06099291518330574,0.4445395767688751,0.0,True
1,16,11,actor_stochastic,0.6532416939735413,0.6746768355369568,0.0,0.06099291518330574,0.4445395767688751,0.0,True
1,16,12,actor_stochastic,0.023693040013313293,0.018714815378189087,0.0,0.06099291518330574,0.4445395767688751,0.0,True
1,16,13,actor_stochastic,-0.018612921237945557,-0.06743031740188599,0.09746257483146117,0.12121928483247757,0.49451372027397156,0.0,True
1,16,14,actor_stochastic,-0.476142942905426,-0.49973350763320923,0.0,0.06099291518330574,0.4445395767688751,0.0,True
1,16,15,actor_stochastic,-0.24292093515396118,-0.2621331810951233,0.0,0.06099291518330574,0.4445395767688751,0.0,True
1,16,16,random_baseline,-0.19393402338027954,-0.19482475519180298,0.0,0.06099291518330574,0.4445395767688751,0.0,True
1,16,17,random_baseline,-0.05933040380477905,-0.08686953783035278,0.0,0.06099291518330574,0.4445395767688751,0.0,True
1,16,18,random_baseline,0.18146318197250366,0.16596359014511108,0.0,0.06099291518330574,0.4445395767688751,0.0,True
1,16,19,random_baseline,-0.3682517409324646,-0.4019036889076233,0.031499997768104714,0.0816127210855484,0.3946627080440521,0.0,True
1,16,20,random_baseline,0.020295321941375732,0.05864661931991577,0.0,0.06099291518330574,0.4445395767688751,0.0,True
1,16,21,random_baseline,0.22454136610031128,0.19854015111923218,0.0,0.06099291518330574,0.4445395767688751,0.0,True
1,16,22,random_baseline,0.43497806787490845,0.4535979628562927,0.0,0.06099291518330574,0.4445395767688751,0.0,True
1,16,23,random_baseline,-0.45969873666763306,-0.48689132928848267,0.05321761974121145,0.081753671169281,0.6622354388237,0.0,True
1,16,24,random_baseline,-0.08596190065145493,-0.11453476548194885,0.0,0.06099291518330574,0.4445395767688751,0.0,True
1,16,25,random_baseline,-0.8988104462623596,-0.9276586174964905,0.0,0.06099291518330574,0.4445395767688751,0.0,True
1,16,26,random_baseline,0.2215207815170288,0.2121228575706482,0.0,0.06099291518330574,0.4445395767688751,0.0,True
1,16,27,random_baseline,-0.13187319040298462,-0.1877933144569397,0.10810807741017105,0.1024390161037445,0.6885819435119629,0.0,True
1,16,28,random_baseline,-0.0005522370338439941,-0.05084472894668579,0.0,0.06099291518330574,0.4445395767688751,0.0,True
1,16,29,random_baseline,0.11411994695663452,0.1141476035118103,0.0,0.06099291518330574,0.4445395767688751,0.0,True
1,16,30,random_baseline,-0.2661910653114319,-0.27189308404922485,0.03820570470154303,0.08074308186769485,0.4997555911540985,0.0,True
1,16,31,random_baseline,0.38296014070510864,0.39684003591537476,0.0,0.06099291518330574,0.4445395767688751,0.0,True
1,17,0,deterministic_actor,1.2238664627075195,1.3070425987243652,0.0,0.06099291518330574,0.4445400834083557,0.0,True
1,17,1,actor_stochastic,-0.5426717400550842,-0.5462051033973694,0.0,0.06099291518330574,0.4445400834083557,0.0,True
1,17,2,actor_stochastic,0.12053459882736206,0.15580695867538452,0.0,0.06099291518330574,0.4445400834083557,0.0,True
1,17,3,actor_stochastic,0.09126752614974976,0.1429576277732849,0.0,0.06099291518330574,0.4445400834083557,0.0,True
1,17,4,actor_stochastic,-0.32728105783462524,-0.33575302362442017,0.0,0.06099291518330574,0.4445400834083557,0.0,True
1,17,5,actor_stochastic,0.1531791090965271,0.18514198064804077,0.0,0.06099291518330574,0.4445400834083557,0.0,True
1,17,6,actor_stochastic,-0.07253032922744751,-0.12245708703994751,0.0,0.06099291518330574,0.4445400834083557,0.0,True
1,17,7,actor_stochastic,-0.36948782205581665,-0.3772435784339905,0.0,0.06099291518330574,0.4445400834083557,0.0,True
1,17,8,actor_stochastic,-0.04190295934677124,-0.07803970575332642,0.0,0.06099291518330574,0.4445400834083557,0.0,True
1,17,9,actor_stochastic,0.03123706579208374,-0.0010953545570373535,0.0,0.06099291518330574,0.4445400834083557,0.0,True
1,17,10,actor_stochastic,-0.1852526068687439,-0.2125902771949768,0.0,0.06099291518330574,0.4445400834083557,0.0,True
1,17,11,actor_stochastic,0.07026571035385132,0.049798429012298584,0.0,0.06099291518330574,0.4445400834083557,0.0,True
1,17,12,actor_stochastic,0.44467777013778687,0.5039991736412048,0.0,0.06099291518330574,0.4445400834083557,0.0,True
1,17,13,actor_stochastic,-0.5566460490226746,-0.619507372379303,0.0,0.06099291518330574,0.4445400834083557,0.0,True
1,17,14,actor_stochastic,0.3369752764701843,0.379325807094574,0.0,0.06099291518330574,0.4445400834083557,0.0,True
1,17,15,actor_stochastic,-0.14933377504348755,-0.17982536554336548,0.0,0.06099291518330574,0.4445400834083557,0.0,True
1,17,16,random_baseline,0.11803692579269409,0.13258451223373413,0.0,0.06099291518330574,0.4445400834083557,0.0,True
1,17,17,random_baseline,0.06577557325363159,0.09533065557479858,0.0,0.06099291518330574,0.4445400834083557,0.0,True
1,17,18,random_baseline,-0.26330673694610596,-0.2935953736305237,0.0,0.06099291518330574,0.4445400834083557,0.0,True
1,17,19,random_baseline,-0.41280239820480347,-0.43700605630874634,0.0,0.06099291518330574,0.4445400834083557,0.0,True
1,17,20,random_baseline,0.12495505809783936,0.15165704488754272,0.0,0.06099291518330574,0.4445400834083557,0.0,True
1,17,21,random_baseline,-0.19720321893692017,-0.23758083581924438,0.0,0.06099291518330574,0.4445400834083557,0.0,True
1,17,22,random_baseline,1.0215938091278076,1.09775972366333,0.0,0.06099291518330574,0.4445400834083557,0.0,True
1,17,23,random_baseline,-0.07095581293106079,-0.11494308710098267,0.0,0.06099291518330574,0.4445400834083557,0.0,True
1,17,24,random_baseline,0.6937560439109802,0.7402452826499939,0.0,0.06099291518330574,0.4445400834083557,0.0,True
1,17,25,random_baseline,-0.057443082332611084,-0.10476928949356079,0.0,0.06099291518330574,0.4445400834083557,0.0,True
1,17,26,random_baseline,0.07378429174423218,0.06437629461288452,0.0,0.06099291518330574,0.4445400834083557,0.0,True
1,17,27,random_baseline,0.1980385184288025,0.19748824834823608,0.0,0.06099291518330574,0.4445400834083557,0.0,True
1,17,28,random_baseline,-0.10022932291030884,-0.09381800889968872,0.0,0.06099291518330574,0.4445400834083557,0.0,True
1,17,29,random_baseline,-0.3155062198638916,-0.32893091440200806,0.0,0.06099291518330574,0.4445400834083557,0.0,True
1,17,30,random_baseline,-0.014674007892608643,0.045947492122650146,0.0,0.06099291518330574,0.4445400834083557,0.0,True
1,17,31,random_baseline,0.08882898092269897,0.06069892644882202,0.0,0.06099291518330574,0.4445400834083557,0.0,True
1,18,0,deterministic_actor,0.958049476146698,1.0299873352050781,0.03832249604121222,0.03952527046203613,0.5000007152557373,0.0,True
1,18,1,actor_stochastic,-0.0403401255607605,-0.013013184070587158,0.30618931339962,0.1023956835269928,0.6885045766830444,0.0,True
1,18,2,actor_stochastic,0.19462627172470093,0.18655723333358765,0.1069593919825988,0.08167581260204315,0.3945416808128357,0.0,True
1,18,3,actor_stochastic,0.07708948850631714,0.14124196767807007,0.040400655589666074,0.061473548412323,0.2500011622905731,0.0,True
1,18,4,actor_stochastic,-0.4909237027168274,-0.49657827615737915,0.0,0.019724423065781593,0.250003844499588,0.0,True
1,18,5,actor_stochastic,0.009223878383636475,-0.0017362236976623535,0.03829833995329739,0.039512768387794495,0.5000012516975403,0.0,True
1,18,6,actor_stochastic,0.09197753667831421,0.08566993474960327,0.0,0.019724423065781593,0.250003844499588,0.0,True
1,18,7,actor_stochastic,0.07110065221786499,0.10361427068710327,0.019786590765276408,0.040171436965465546,0.2500019073486328,0.0,True
1,18,8,actor_stochastic,-0.556033194065094,-0.5647750496864319,0.055886966664183635,0.06094396859407425,0.4516279995441437,0.0,True
1,18,9,actor_stochastic,0.09548324346542358,0.10078376531600952,0.07278458390888748,0.05934077128767967,0.4494924545288086,0.0,True
1,18,10,actor_stochastic,0.27127426862716675,0.2835087180137634,0.07670171389917574,0.06183680146932602,0.44205689430236816,0.0,True
1,18,11,actor_stochastic,-0.06175357103347778,-0.13409096002578735,0.019527419244384708,0.03990361839532852,0.2500019073486328,0.0,True
1,18,12,actor_stochastic,0.08002609014511108,0.07363265752792358,0.0,0.019724423065781593,0.250003844499588,0.0,True
1,18,13,actor_stochastic,0.06387513875961304,0.0495566725730896,0.040929660071970436,0.06202021241188049,0.2500011622905731,0.0,True
1,18,14,actor_stochastic,0.11753624677658081,0.06671470403671265,0.10499539821239605,0.08028272539377213,0.39723607897758484,0.0,True
1,18,15,actor_stochastic,0.15907233953475952,0.20325607061386108,0.03927375217030813,0.0400208905339241,0.49990034103393555,0.0,True
1,18,16,random_baseline,-0.1692224144935608,-0.14575821161270142,0.0,0.019724423065781593,0.250003844499588,0.0,True
1,18,17,random_baseline,0.06705707311630249,0.07260268926620483,0.0,0.019724423065781593,0.250003844499588,0.0,True
1,18,18,random_baseline,0.1154894232749939,0.13985294103622437,0.038540459168002035,0.03963831439614296,0.49999117851257324,0.0,True
1,18,19,random_baseline,-0.46658891439437866,-0.46735960245132446,0.0,0.019724423065781593,0.250003844499588,0.0,True
1,18,20,random_baseline,0.2526591718196869,0.3278023600578308,0.07672301370850043,0.061853595077991486,0.4420079290866852,0.0,True
1,18,21,random_baseline,-0.14530998468399048,-0.2336307168006897,0.040899030060207564,0.04088243097066879,0.4993884265422821,0.0,True
1,18,22,random_baseline,-0.24013683199882507,-0.27608340978622437,0.0,0.019724423065781593,0.250003844499588,0.0,True
1,18,23,random_baseline,0.19629329442977905,0.1788734793663025,0.09768748715947348,0.060241397470235825,0.7497661113739014,0.0,True
1,18,24,random_baseline,-0.04923325777053833,-0.031233370304107666,0.040285834574646295,0.061354897916316986,0.2500011622905731,0.0,True
1,18,25,random_baseline,-0.12262469530105591,-0.09491115808486938,0.07589599646938786,0.06125172600150108,0.44377362728118896,0.0,True
1,18,26,random_baseline,-0.07930260896682739,-0.04246765375137329,0.07428382100768978,0.060281530022621155,0.4466564953327179,0.0,True
1,18,27,random_baseline,0.32086700201034546,0.3114256262779236,0.07563065787848695,0.06110154837369919,0.44421693682670593,0.0,True
1,18,28,random_baseline,-0.2323642373085022,-0.21645408868789673,0.019483250748965283,0.039857976138591766,0.2500019371509552,0.0,True
1,18,29,random_baseline,0.18441814184188843,0.25513023138046265,0.0194564021916525,0.03983023017644882,0.2500019073486328,0.0,True
1,18,30,random_baseline,0.08572190999984741,0.08273833990097046,0.10772694187061255,0.08229047805070877,0.39337971806526184,0.0,True
1,18,31,random_baseline,-0.13633626699447632,-0.13959962129592896,0.03867607126098213,0.059691399335861206,0.2500011920928955,0.0,True
1,19,0,deterministic_actor,1.2059307098388672,1.2695198059082031,0.0,0.0397501215338707,0.250003457069397,0.0,True
1,19,1,actor_stochastic,0.011392056941986084,-0.014177858829498291,0.0,0.0397501215338707,0.250003457069397,0.0,True
1,19,2,actor_stochastic,-0.4463501572608948,-0.45554405450820923,0.0,0.0397501215338707,0.250003457069397,0.0,True
1,19,3,actor_stochastic,0.21025794744491577,0.17418807744979858,0.0,0.0397501215338707,0.250003457069397,0.0,True
1,19,4,actor_stochastic,-0.3510432839393616,-0.3696437478065491,0.0,0.0397501215338707,0.250003457069397,0.0,True
1,19,5,actor_stochastic,0.1423315405845642,0.12243598699569702,0.019915979262540146,0.06033073365688324,0.25000226497650146,0.0,True
1,19,6,actor_stochastic,-0.10842233896255493,-0.11344486474990845,0.0,0.0397501215338707,0.250003457069397,0.0,True
1,19,7,actor_stochastic,0.008426487445831299,0.029446542263031006,0.03983584841660125,0.08091539889574051,0.2500016987323761,0.0,True
1,19,8,actor_stochastic,-0.6464335322380066,-0.6764088273048401,0.03766222963820699,0.060999684035778046,0.4578847587108612,0.0,True
1,19,9,actor_stochastic,0.10307425260543823,0.12446922063827515,0.0,0.0397501215338707,0.250003457069397,0.0,True
1,19,10,actor_stochastic,0.1430400013923645,0.14900916814804077,0.0,0.0397501215338707,0.250003457069397,0.0,True
1,19,11,actor_stochastic,0.04204025864601135,0.014741837978363037,0.0,0.0397501215338707,0.250003457069397,0.0,True
1,19,12,actor_stochastic,0.16924995183944702,0.14070838689804077,0.0,0.0397501215338707,0.250003457069397,0.0,True
1,19,13,actor_stochastic,-0.16102463006973267,-0.16944748163223267,0.0,0.0397501215338707,0.250003457069397,0.0,True
1,19,14,actor_stochastic,0.09853976964950562,0.039099156856536865,0.0,0.0397501215338707,0.250003457069397,0.0,True
1,19,15,actor_stochastic,-0.029117941856384277,-0.07970768213272095,0.0,0.0397501215338707,0.250003457069397,0.0,True
1,19,16,random_baseline,-0.3001261353492737,-0.3160920739173889,0.0,0.0397501215338707,0.250003457069397,0.0,True
1,19,17,random_baseline,-0.08151882886886597,-0.0897555947303772,0.0,0.0397501215338707,0.250003457069397,0.0,True
1,19,18,random_baseline,0.12341064214706421,0.08305495977401733,0.0,0.0397501215338707,0.250003457069397,0.0,True
1,19,19,random_baseline,0.05876702070236206,0.025153815746307373,0.0,0.0397501215338707,0.250003457069397,0.0,True
1,19,20,random_baseline,0.17315036058425903,0.150875985622406,0.0,0.0397501215338707,0.250003457069397,0.0,True
1,19,21,random_baseline,0.09610265493392944,0.0750688910484314,0.0,0.0397501215338707,0.250003457069397,0.0,True
1,19,22,random_baseline,-0.3026438355445862,-0.3227716088294983,0.0,0.0397501215338707,0.250003457069397,0.0,True
1,19,23,random_baseline,-0.217166006565094,-0.22760063409805298,0.0,0.0397501215338707,0.250003457069397,0.0,True
1,19,24,random_baseline,-0.08906584978103638,-0.07485729455947876,0.0,0.0397501215338707,0.250003457069397,0.0,True
1,19,25,random_baseline,0.3019689917564392,0.3741397261619568,0.0,0.0397501215338707,0.250003457069397,0.0,True
1,19,26,random_baseline,-0.3528962731361389,-0.3721814751625061,0.020117872938295887,0.06053934618830681,0.25000226497650146,0.0,True
1,19,27,random_baseline,-0.19057059288024902,-0.18920689821243286,0.0,0.0397501215338707,0.250003457069397,0.0,True
1,19,28,random_baseline,0.12856191396713257,0.11727327108383179,0.0,0.0397501215338707,0.250003457069397,0.0,True
1,19,29,random_baseline,-0.3132081627845764,-0.3215489983558655,0.0,0.0397501215338707,0.250003457069397,0.0,True
1,19,30,random_baseline,1.3062152862548828,1.3487176895141602,0.0,0.0397501215338707,0.250003457069397,0.0,True
1,19,31,random_baseline,0.38254058361053467,0.3443928360939026,0.0,0.0397501215338707,0.250003457069397,0.0,True
2,0,0,deterministic_actor,0.11315260827541351,0.11219324171543121,0.08065717985477369,0.10307373106479645,0.2500007152557373,0.0,True
2,0,1,actor_stochastic,0.8924421072006226,0.9859100580215454,0.07352633500272134,0.05982208997011185,0.44803670048713684,0.0,True
2,0,2,actor_stochastic,-0.539806604385376,-0.5145856142044067,0.0,0.019724423065781593,0.250003844499588,0.0,True
2,0,3,actor_stochastic,0.2947589159011841,0.329750657081604,0.0,0.019724423065781593,0.250003844499588,0.0,True
2,0,4,actor_stochastic,0.21472693979740143,0.18702878057956696,0.04038898591510322,0.06146148592233658,0.2500011622905731,0.0,True
2,0,5,actor_stochastic,0.07272292673587799,0.1399148851633072,0.0,0.019724423065781593,0.250003844499588,0.0,True
2,0,6,actor_stochastic,-0.6238040924072266,-0.5859695672988892,0.038354291174694,0.039541713893413544,0.4999998211860657,0.0,True
2,0,7,actor_stochastic,0.09734143316745758,0.16384591162204742,0.14967100074732864,0.08038575947284698,0.6635256409645081,0.0,True
2,0,8,actor_stochastic,0.07150913774967194,0.12611712515354156,0.039848796264297326,0.04032348468899727,0.49976739287376404,0.0,True
2,0,9,actor_stochastic,-0.1258837878704071,-0.037933576852083206,0.0,0.019724423065781593,0.250003844499588,0.0,True
2,0,10,actor_stochastic,-0.4010796844959259,-0.3614100217819214,0.09546140329615246,0.08118408173322678,0.4999619424343109,0.0,True
2,0,11,actor_stochastic,-0.1777874082326889,-0.17292414605617523,0.07358095498603515,0.059805065393447876,0.44808802008628845,0.0,True
2,0,12,actor_stochastic,0.07679714262485504,0.07131470739841461,0.020291549903908523,0.0406932532787323,0.2500018775463104,0.0,True
2,0,13,actor_stochastic,0.3970581293106079,0.4515570402145386,0.39172429955591315,0.10305319726467133,0.8788028955459595,0.0,True
2,0,14,actor_stochastic,-1.2531858682632446,-1.2910329103469849,0.019270701400617884,0.03963832929730415,0.2500019073486328,0.0,True
2,0,15,actor_stochastic,0.4045048952102661,0.42854201793670654,0.07912542317056934,0.10149084776639938,0.2500007152557373,0.0,True
2,0,16,random_baseline,0.0395817905664444,0.010723959654569626,0.0,0.019724423065781593,0.250003844499588,0.0,True
2,0,17,random_baseline,0.15656180679798126,0.1976105123758316,0.0,0.019724423065781593,0.250003844499588,0.0,True
2,0,18,random_baseline,-0.3776226043701172,-0.4043165445327759,0.08071453614374816,0.10313300043344498,0.2500007152557373,0.0,True
2,0,19,random_baseline,0.5137133598327637,0.6106194257736206,0.0744072869951467,0.060379281640052795,0.4463639557361603,0.0,True
2,0,20,random_baseline,-0.25886523723602295,-0.2653590440750122,0.02046845690993002,0.04087606444954872,0.25000184774398804,0.0,True
2,0,21,random_baseline,0.0005495687946677208,-0.061613429337739944,0.01996874427979058,0.04035966843366623,0.2500018775463104,0.0,True
2,0,22,random_baseline,-0.6859204769134521,-0.8787699937820435,0.08054517589642479,0.10295798629522324,0.2500006854534149,0.0,True
2,0,23,random_baseline,-0.6721694469451904,-0.7002917528152466,0.0,0.019724423065781593,0.250003844499588,0.0,True
2,0,24,random_baseline,-0.14851997792720795,-0.14891062676906586,0.0,0.019724423065781593,0.250003844499588,0.0,True
2,0,25,random_baseline,-0.32242369651794434,-0.37649595737457275,0.020696027099764473,0.04111122712492943,0.25000184774398804,0.0,True
2,0,26,random_baseline,-0.5168733596801758,-0.47398626804351807,0.040478529556751956,0.040657706558704376,0.49956080317497253,0.0,True
2,0,27,random_baseline,-0.08763425797224045,-0.019694197922945023,0.0,0.019724423065781593,0.250003844499588,0.0,True
2,0,28,random_baseline,-0.5245949029922485,-0.5619474649429321,0.019118832975694347,0.03948139026761055,0.2500019073486328,0.0,True
2,0,29,random_baseline,0.0467919260263443,0.0830162912607193,0.01917084008703456,0.03953513503074646,0.2500019371509552,0.0,True
2,0,30,random_baseline,-0.5458308458328247,-0.5006676912307739,0.0,0.019724423065781593,0.250003844499588,0.0,True
2,0,31,random_baseline,-0.03365813568234444,-0.024078477174043655,0.038712431133713136,0.03972770273685455,0.49997785687446594,0.0,True
2,1,0,deterministic_actor,0.534400463104248,0.586321234703064,0.15167756645012015,0.1643194854259491,0.4125365912914276,0.0,True
2,1,1,actor_stochastic,-0.1527792066335678,-0.1615964025259018,0.17781909098911966,0.16465644538402557,0.6072741150856018,0.0,True
2,1,2,actor_stochastic,0.41783255338668823,0.33679866790771484,0.2283683143621078,0.1637268364429474,0.7886005640029907,0.0,True
2,1,3,actor_stochastic,0.2185729742050171,0.09854497015476227,0.0,0.0817367285490036,0.651249885559082,0.0,True
2,1,4,actor_stochastic,0.12575145065784454,0.10164441168308258,0.2361035274607184,0.16680178046226501,0.6031067967414856,0.0,True
2,1,5,actor_stochastic,-1.057185411453247,-1.167435884475708,0.0,0.0817367285490036,0.651249885559082,0.0,True
2,1,6,actor_stochastic,-0.10952894389629364,-0.20043526589870453,0.0,0.0817367285490036,0.651249885559082,0.0,True
2,1,7,actor_stochastic,-0.057884082198143005,-0.014710534363985062,0.1615236247989505,0.14282791316509247,0.7208325862884521,0.0,True
2,1,8,actor_stochastic,-0.11772261559963226,-0.12712441384792328,0.08275138578254443,0.12278212606906891,0.48834213614463806,0.0,True
2,1,9,actor_stochastic,-0.18084989488124847,-0.2707291841506958,0.11775989958618638,0.14312805235385895,0.44452622532844543,0.0,True
2,1,10,actor_stochastic,-0.428259015083313,-0.4759948253631592,0.0,0.0817367285490036,0.651249885559082,0.0,True
2,1,11,actor_stochastic,0.5841553211212158,0.4173504114151001,0.042656624248284196,0.10153112560510635,0.5567299723625183,0.0,True
2,1,12,actor_stochastic,0.10817612707614899,0.09654797613620758,0.33477896400833246,0.18614038825035095,0.6911976933479309,0.0,True
2,1,13,actor_stochastic,0.45878589153289795,0.388727068901062,0.0,0.0817367285490036,0.651249885559082,0.0,True
2,1,14,actor_stochastic,0.4901350736618042,0.44714343547821045,0.14841884328243032,0.14477716386318207,0.6383559107780457,0.0,True
2,1,15,actor_stochastic,0.01806272193789482,0.008125673979520798,0.21297685803853983,0.1429171860218048,0.9368299245834351,0.0,True
2,1,16,random_baseline,0.15613974630832672,0.10896290838718414,0.0,0.0817367285490036,0.651249885559082,0.0,True
2,1,17,random_baseline,0.3497861623764038,0.37286555767059326,0.18015375035361275,0.16562806069850922,0.6078425049781799,0.0,True
2,1,18,random_baseline,0.06739401817321777,-0.13123999536037445,0.09146050451503218,0.12139923870563507,0.6343851685523987,0.0,True
2,1,19,random_baseline,-0.38020646572113037,-0.355815052986145,0.0,0.0817367285490036,0.651249885559082,0.0,True
2,1,20,random_baseline,-0.31813764572143555,-0.4820512533187866,0.0,0.0817367285490036,0.651249885559082,0.0,True
2,1,21,random_baseline,0.11314024031162262,0.029275309294462204,0.0,0.0817367285490036,0.651249885559082,0.0,True
2,1,22,random_baseline,0.31825268268585205,0.3681439161300659,0.0,0.0817367285490036,0.651249885559082,0.0,True
2,1,23,random_baseline,-0.17299281060695648,-0.12280760705471039,0.36183359328485576,0.14294734597206116,0.9366096258163452,0.0,True
2,1,24,random_baseline,-0.016232002526521683,-0.054872144013643265,0.0,0.0817367285490036,0.651249885559082,0.0,True
2,1,25,random_baseline,-0.5873439311981201,-0.6327352523803711,0.15241085945242622,0.16482168436050415,0.41189950704574585,0.0,True
2,1,26,random_baseline,-0.5313674211502075,-0.5418936014175415,0.0,0.0817367285490036,0.651249885559082,0.0,True
2,1,27,random_baseline,-0.026138294488191605,-0.013080228120088577,0.14160831692338105,0.12329444289207458,0.8855201601982117,0.0,True
2,1,28,random_baseline,-0.4918109178543091,-0.5363448858261108,0.0,0.0817367285490036,0.651249885559082,0.0,True
2,1,29,random_baseline,0.026671152561903,0.04217780753970146,0.5821743389766036,0.1848437786102295,0.8743476867675781,0.0,True
2,1,30,random_baseline,0.23378944396972656,0.14044322073459625,0.0,0.0817367285490036,0.651249885559082,0.0,True
2,1,31,random_baseline,-0.03957830369472504,-0.008325684815645218,0.2819327158559578,0.14358550310134888,0.6258982419967651,0.0,True
2,2,0,deterministic_actor,0.36541277170181274,0.39258283376693726,0.0,0.0817367285490036,0.6512503027915955,0.0,True
2,2,1,actor_stochastic,-0.762325644493103,-0.8160341382026672,0.0,0.0817367285490036,0.6512503027915955,0.0,True
2,2,2,actor_stochastic,-0.034954532980918884,0.015503298491239548,0.0,0.0817367285490036,0.6512503027915955,0.0,True
2,2,3,actor_stochastic,0.3410845994949341,0.29477202892303467,0.08347513401544235,0.12317632883787155,0.48732659220695496,0.0,True
2,2,4,actor_stochastic,-0.0542667992413044,-0.0627213567495346,0.08178421709009145,0.12216084450483322,0.48995885252952576,0.0,True
2,2,5,actor_stochastic,-0.0501871258020401,-0.021542537957429886,0.0,0.0817367285490036,0.6512503027915955,0.0,True
2,2,6,actor_stochastic,0.12581415474414825,0.1592346578836441,0.0,0.0817367285490036,0.6512503027915955,0.0,True
2,2,7,actor_stochastic,-0.037597525864839554,-0.07965098321437836,0.08284824315854751,0.12280015647411346,0.4882955551147461,0.0,True
2,2,8,actor_stochastic,0.02847478911280632,0.06429554522037506,0.0,0.0817367285490036,0.6512503027915955,0.0,True
2,2,9,actor_stochastic,-0.21621237695217133,-0.22513113915920258,0.0,0.0817367285490036,0.6512503027915955,0.0,True
2,2,10,actor_stochastic,0.13352812826633453,0.15334071218967438,0.0,0.0817367285490036,0.6512503027915955,0.0,True
2,2,11,actor_stochastic,-0.22305546700954437,-0.24994097650051117,0.0,0.0817367285490036,0.6512503027915955,0.0,True
2,2,12,actor_stochastic,0.6931533813476562,0.7464636564254761,0.0,0.0817367285490036,0.6512503027915955,0.0,True
2,2,13,actor_stochastic,-0.3722367286682129,-0.36134493350982666,0.0,0.0817367285490036,0.6512503027915955,0.0,True
2,2,14,actor_stochastic,0.07676900923252106,0.09027470648288727,0.0,0.0817367285490036,0.6512503027915955,0.0,True
2,2,15,actor_stochastic,0.17678971588611603,0.13941730558872223,0.0,0.0817367285490036,0.6512503027915955,0.0,True
2,2,16,random_baseline,0.4923989772796631,0.5530872344970703,0.0,0.0817367285490036,0.6512503027915955,0.0,True
2,2,17,random_baseline,0.016818415373563766,-0.016271699219942093,0.0,0.0817367285490036,0.6512503027915955,0.0,True
2,2,18,random_baseline,-0.05406617000699043,-0.05590187385678291,0.08226934147344145,0.12245358526706696,0.48919472098350525,0.0,True
2,2,19,random_baseline,-0.9519393444061279,-1.0714055299758911,0.08309119295507157,0.12294583022594452,0.48791947960853577,0.0,True
2,2,20,random_baseline,0.39023828506469727,0.4323772192001343,0.0,0.0817367285490036,0.6512503027915955,0.0,True
2,2,21,random_baseline,-0.17334164679050446,-0.17110465466976166,0.0,0.0817367285490036,0.6512503027915955,0.0,True
2,2,22,random_baseline,0.18308188021183014,0.1612938791513443,0.0,0.0817367285490036,0.6512503027915955,0.0,True
2,2,23,random_baseline,0.8625243902206421,0.892959475517273,0.0,0.0817367285490036,0.6512503027915955,0.0,True
2,2,24,random_baseline,0.18274863064289093,0.20188011229038239,0.0,0.0817367285490036,0.6512503027915955,0.0,True
2,2,25,random_baseline,0.8154325485229492,0.8572965860366821,0.0,0.0817367285490036,0.6512503027915955,0.0,True
2,2,26,random_baseline,-0.38255080580711365,-0.4103747308254242,0.0,0.0817367285490036,0.6512503027915955,0.0,True
2,2,27,random_baseline,-0.16364948451519012,-0.24200759828090668,0.0,0.0817367285490036,0.6512503027915955,0.0,True
2,2,28,random_baseline,0.3088226318359375,0.4064832925796509,0.0,0.0817367285490036,0.6512503027915955,0.0,True
2,2,29,random_baseline,0.18164362013339996,0.21257008612155914,0.0,0.0817367285490036,0.6512503027915955,0.0,True
2,2,30,random_baseline,0.3300585150718689,0.377449631690979,0.0,0.0817367285490036,0.6512503027915955,0.0,True
2,2,31,random_baseline,0.4877535104751587,0.543044924736023,0.0,0.0817367285490036,0.6512503027915955,0.0,True
2,3,0,deterministic_actor,0.11315260827541351,0.11219324171543121,0.08065717985477369,0.10307373106479645,0.2500007152557373,0.0,True
2,3,1,actor_stochastic,0.09924818575382233,0.10269583761692047,0.0703058843531189,0.08078613877296448,0.3965926766395569,0.0,True
2,3,2,actor_stochastic,-0.05992506444454193,-0.02270757034420967,0.072791235484958,0.05933045595884323,0.44952380657196045,0.0,True
2,3,3,actor_stochastic,0.4922235906124115,0.4582371711730957,0.0748423365234725,0.060592927038669586,0.44572627544403076,0.0,True
2,3,4,actor_stochastic,-0.08836277574300766,-7.938221096992493e-05,0.0,0.019724423065781593,0.250003844499588,0.0,True
2,3,5,actor_stochastic,0.22650325298309326,0.17060650885105133,0.07672522859335223,0.06186126545071602,0.44198551774024963,0.0,True
2,3,6,actor_stochastic,0.15855707228183746,0.1427983194589615,0.3015747761559681,0.10077988356351852,0.691087007522583,0.0,True
2,3,7,actor_stochastic,0.04751940071582794,0.07148708403110504,0.0801124946798702,0.10251086205244064,0.2500006854534149,0.0,True
2,3,8,actor_stochastic,-0.24728059768676758,-0.26072633266448975,0.03994234746322477,0.06099994480609894,0.2500011622905731,0.0,True
2,3,9,actor_stochastic,0.09187449514865875,0.060645949095487595,0.04085579135499154,0.06194387376308441,0.25000113248825073,0.0,True
2,3,10,actor_stochastic,0.1128196269273758,0.10357131063938141,0.019577814796278074,0.03995569050312042,0.2500018775463104,0.0,True
2,3,11,actor_stochastic,0.31451600790023804,0.38611388206481934,0.07591044397870234,0.06131777539849281,0.44357895851135254,0.0,True
2,3,12,actor_stochastic,0.15756870806217194,0.16178680956363678,0.07622206443431874,0.06148543208837509,0.44308584928512573,0.0,True
2,3,13,actor_stochastic,-0.13163958489894867,-0.10769091546535492,0.19272241899175738,0.10152828693389893,0.5704271197319031,0.0,True
2,3,14,actor_stochastic,0.007931066676974297,0.05952788516879082,0.07314690215589265,0.05957047641277313,0.4487965404987335,0.0,True
2,3,15,actor_stochastic,0.1732330471277237,0.12509717047214508,0.039976725475447776,0.061035461723804474,0.2500011920928955,0.0,True
2,3,16,random_baseline,-0.3941150903701782,-0.43264567852020264,0.08177952891715516,0.10423354059457779,0.2500006854534149,0.0,True
2,3,17,random_baseline,-0.12066040933132172,-0.16128741204738617,0.08087420857701666,0.10329800844192505,0.2500006854534149,0.0,True
2,3,18,random_baseline,-0.41480541229248047,-0.43079817295074463,0.019981532932637942,0.04037288576364517,0.2500018775463104,0.0,True
2,3,19,random_baseline,-0.4088705778121948,-0.49353158473968506,0.0,0.019724423065781593,0.250003844499588,0.0,True
2,3,20,random_baseline,0.43657103180885315,0.3841649293899536,0.10693952031256915,0.08168714493513107,0.3945200741291046,0.0,True
2,3,21,random_baseline,-0.17653709650039673,-0.09716449677944183,0.01927753178249676,0.03964538872241974,0.2500019073486328,0.0,True
2,3,22,random_baseline,0.0489012748003006,-0.0036007054150104523,0.0,0.019724423065781593,0.250003844499588,0.0,True
2,3,23,random_baseline,0.10991741716861725,0.11686863005161285,0.0739384581656594,0.060074009001255035,0.447278767824173,0.0,True
2,3,24,random_baseline,0.421828031539917,0.4320110082626343,0.1046367068393357,0.07999307662248611,0.3978070914745331,0.0,True
2,3,25,random_baseline,0.05119885504245758,-0.014037717133760452,0.07637165683433988,0.061594702303409576,0.4427652359008789,0.0,True
2,3,26,random_baseline,0.16376864910125732,0.054661642760038376,0.09467976351044091,0.08110591024160385,0.5000012516975403,0.0,True
2,3,27,random_baseline,-0.24750792980194092,-0.2915419340133667,0.0,0.019724423065781593,0.250003844499588,0.0,True
2,3,28,random_baseline,0.3381558656692505,0.3127526044845581,0.020681095084388663,0.0410957969725132,0.25000181794166565,0.0,True
2,3,29,random_baseline,0.1565331369638443,0.16136254370212555,0.01976265616584676,0.04014670103788376,0.2500019073486328,0.0,True
2,3,30,random_baseline,0.41738903522491455,0.3149303197860718,0.04032175262399281,0.061392009258270264,0.2500011622905731,0.0,True
2,3,31,random_baseline,0.13894201815128326,0.12238730490207672,0.14886523948127808,0.08005499094724655,0.6614580154418945,0.0,True
2,4,0,deterministic_actor,0.2118539810180664,0.22759492695331573,0.0,0.06025353819131851,0.7497727274894714,0.0,True
2,4,1,actor_stochastic,-0.036279309540987015,-0.07233630120754242,0.0,0.06025353819131851,0.7497727274894714,0.0,True
2,4,2,actor_stochastic,0.29597121477127075,0.24022044241428375,0.16447736293689244,0.12065757811069489,0.7498428225517273,0.0,True
2,4,3,actor_stochastic,0.08982635289430618,0.013409983366727829,0.10680464074661034,0.1006498709321022,0.6977124214172363,0.0,True
2,4,4,actor_stochastic,-0.5595190525054932,-0.46477043628692627,0.22387626486510326,0.14328889548778534,0.812293291091919,0.0,True
2,4,5,actor_stochastic,-0.03517710044980049,-0.034965623170137405,0.1491177409687255,0.12275176495313644,0.6361761689186096,0.0,True
2,4,6,actor_stochastic,0.028711453080177307,-0.008302796632051468,0.0,0.06025353819131851,0.7497727274894714,0.0,True
2,4,7,actor_stochastic,-0.45861244201660156,-0.4776202440261841,0.0,0.06025353819131851,0.7497727274894714,0.0,True
2,4,8,actor_stochastic,0.20102061331272125,0.17656506597995758,0.0,0.06025353819131851,0.7497727274894714,0.0,True
2,4,9,actor_stochastic,-0.29031872749328613,-0.29371178150177,0.0,0.06025353819131851,0.7497727274894714,0.0,True
2,4,10,actor_stochastic,0.44786447286605835,0.4738820791244507,0.0,0.06025353819131851,0.7497727274894714,0.0,True
2,4,11,actor_stochastic,-0.3564411699771881,-0.22398875653743744,0.15022288545158632,0.10151063650846481,0.8844433426856995,0.0,True
2,4,12,actor_stochastic,-0.3292229175567627,-0.37614452838897705,0.09706490609935275,0.1008884385228157,0.5674234628677368,0.0,True
2,4,13,actor_stochastic,0.4183086156845093,0.45108020305633545,0.05164335341805478,0.08020932972431183,0.668567955493927,0.0,True
2,4,14,actor_stochastic,0.07047022879123688,0.07384862005710602,0.14738206952633812,0.12196841090917587,0.6363164782524109,0.0,True
2,4,15,actor_stochastic,0.11616893112659454,0.1149522215127945,0.1374295282810863,0.12274710834026337,0.4900844395160675,0.0,True
2,4,16,random_baseline,-0.5892860889434814,-0.5919303894042969,0.0,0.06025353819131851,0.7497727274894714,0.0,True
2,4,17,random_baseline,-0.63475501537323,-0.7095872163772583,0.0,0.06025353819131851,0.7497727274894714,0.0,True
2,4,18,random_baseline,-0.09153344482183456,-0.02214454486966133,0.15113850500628562,0.10182221233844757,0.8820661902427673,0.0,True
2,4,19,random_baseline,-0.16531209647655487,-0.13584278523921967,0.10430994672288861,0.09983135759830475,0.6925387978553772,0.0,True
2,4,20,random_baseline,0.07111825048923492,0.0770815759897232,0.051010256269231495,0.08014847338199615,0.6623923778533936,0.0,True
2,4,21,random_baseline,-0.1388467401266098,-0.1137162297964096,0.0,0.06025353819131851,0.7497727274894714,0.0,True
2,4,22,random_baseline,0.08829094469547272,0.10016526281833649,0.15127650156123898,0.10188531875610352,0.8815845847129822,0.0,True
2,4,23,random_baseline,0.04395271837711334,-0.003771413117647171,0.0,0.06025353819131851,0.7497727274894714,0.0,True
2,4,24,random_baseline,-0.053416356444358826,-0.03397761657834053,0.0,0.06025353819131851,0.7497727274894714,0.0,True
2,4,25,random_baseline,0.1911778599023819,0.14705313742160797,0.0,0.06025353819131851,0.7497727274894714,0.0,True
2,4,26,random_baseline,-0.027284249663352966,0.006393324583768845,0.0,0.06025353819131851,0.7497727274894714,0.0,True
2,4,27,random_baseline,-0.18648074567317963,-0.1820612996816635,0.10563459090890519,0.10036787390708923,0.6916638612747192,0.0,True
2,4,28,random_baseline,-1.0070494413375854,-1.175384283065796,-3.3333333333333335,0.06025353819131851,0.7497727274894714,0.125,True
2,4,29,random_baseline,0.001180483028292656,0.047779690474271774,0.15087019477820857,0.10164494812488556,0.8834187984466553,0.0,True
2,4,30,random_baseline,-0.049858853220939636,-0.08062086999416351,0.22313485523268406,0.1429053246974945,0.8132106065750122,0.0,True
2,4,31,random_baseline,-0.06829772889614105,-0.10908900201320648,0.0,0.06025353819131851,0.7497727274894714,0.0,True
2,5,0,deterministic_actor,0.17923328280448914,0.18094874918460846,0.0,0.06025353819131851,0.7497733235359192,0.0,True
2,5,1,actor_stochastic,0.13685373961925507,0.14932681620121002,0.0,0.06025353819131851,0.7497733235359192,0.0,True
2,5,2,actor_stochastic,0.12499387562274933,0.1186903864145279,0.0,0.06025353819131851,0.7497733235359192,0.0,True
2,5,3,actor_stochastic,0.11790122091770172,0.13018502295017242,0.052386442671486594,0.08079717308282852,0.6587820649147034,0.0,True
2,5,4,actor_stochastic,-0.23351363837718964,-0.25278621912002563,0.0,0.06025353819131851,0.7497733235359192,0.0,True
2,5,5,actor_stochastic,-0.015443909913301468,-0.004225362092256546,0.0,0.06025353819131851,0.7497733235359192,0.0,True
2,5,6,actor_stochastic,0.3160961866378784,0.3191260099411011,0.051961489326610204,0.08059599995613098,0.6599002480506897,0.0,True
2,5,7,actor_stochastic,-0.3257002532482147,-0.3463953733444214,0.0,0.06025353819131851,0.7497733235359192,0.0,True
2,5,8,actor_stochastic,0.24490010738372803,0.3003181219100952,0.0,0.06025353819131851,0.7497733235359192,0.0,True
2,5,9,actor_stochastic,0.39025557041168213,0.35091960430145264,0.0,0.06025353819131851,0.7497733235359192,0.0,True
2,5,10,actor_stochastic,0.03966702148318291,0.06101597473025322,0.0,0.06025353819131851,0.7497733235359192,0.0,True
2,5,11,actor_stochastic,0.47883766889572144,0.5845195055007935,0.0,0.06025353819131851,0.7497733235359192,0.0,True
2,5,12,actor_stochastic,-0.03412185609340668,0.0008734576404094696,0.0,0.06025353819131851,0.7497733235359192,0.0,True
2,5,13,actor_stochastic,-0.19905029237270355,-0.2369738668203354,0.05074069555408187,0.08002232015132904,0.66309654712677,0.0,True
2,5,14,actor_stochastic,0.29138410091400146,0.2579993009567261,0.0,0.06025353819131851,0.7497733235359192,0.0,True
2,5,15,actor_stochastic,-0.002950061112642288,0.0008267275989055634,0.051957779394483455,0.08059424161911011,0.6599100828170776,0.0,True
2,5,16,random_baseline,-0.36262398958206177,-0.36419355869293213,0.051215996000245505,0.08024492859840393,0.6618548631668091,0.0,True
2,5,17,random_baseline,0.40855538845062256,0.39533793926239014,0.0,0.06025353819131851,0.7497733235359192,0.0,True
2,5,18,random_baseline,0.07136476784944534,0.016214262694120407,0.0,0.06025353819131851,0.7497733235359192,0.0,True
2,5,19,random_baseline,-0.2636953592300415,-0.29073917865753174,0.0,0.06025353819131851,0.7497733235359192,0.0,True
2,5,20,random_baseline,0.16614271700382233,0.18355263769626617,0.0,0.06025353819131851,0.7497733235359192,0.0,True
2,5,21,random_baseline,-0.2183769792318344,-0.26145851612091064,0.0,0.06025353819131851,0.7497733235359192,0.0,True
2,5,22,random_baseline,-0.0017198212444782257,-0.023416627198457718,0.051035012221793685,0.08016005158424377,0.66232830286026,0.0,True
2,5,23,random_baseline,-0.4450784921646118,-0.39258062839508057,0.051823871147819035,0.08053101599216461,0.6602616906166077,0.0,True
2,5,24,random_baseline,-0.09589086472988129,-0.0500103123486042,0.0,0.06025353819131851,0.7497733235359192,0.0,True
2,5,25,random_baseline,-0.14638195931911469,-0.1578723043203354,0.0,0.06025353819131851,0.7497733235359192,0.0,True
2,5,26,random_baseline,-0.6217493414878845,-0.6659973859786987,0.0,0.06025353819131851,0.7497733235359192,0.0,True
2,5,27,random_baseline,0.027090206742286682,-0.015184510499238968,0.0,0.06025353819131851,0.7497733235359192,0.0,True
2,5,28,random_baseline,-0.1627267450094223,-0.1509905904531479,0.05171491727048477,0.08014589548110962,0.6716293692588806,0.0,True
2,5,29,random_baseline,-0.02481536939740181,-0.01739131286740303,0.0,0.06025353819131851,0.7497733235359192,0.0,True
2,5,30,random_baseline,-0.03978942707180977,-0.04405318573117256,0.0,0.06025353819131851,0.7497733235359192,0.0,True
2,5,31,random_baseline,-0.07195793092250824,-0.0710812658071518,0.0,0.06025353819131851,0.7497733235359192,0.0,True
2,6,0,deterministic_actor,0.11315260827541351,0.11219324171543121,0.08065717985477369,0.10307373106479645,0.2500007152557373,0.0,True
2,6,1,actor_stochastic,-0.8422781229019165,-0.9349848031997681,0.038844643609162906,0.059865597635507584,0.2500011920928955,0.0,True
2,6,2,actor_stochastic,0.17820562422275543,0.18449486792087555,0.02026837436397496,0.04066930711269379,0.2500018775463104,0.0,True
2,6,3,actor_stochastic,0.36331140995025635,0.4276798963546753,0.0537164833321577,0.05930280685424805,0.45069989562034607,0.0,True
2,6,4,actor_stochastic,0.3462941646575928,0.3368324041366577,0.15225835540169366,0.08148567378520966,0.6602596640586853,0.0,True
2,6,5,actor_stochastic,-0.31798669695854187,-0.3394629955291748,0.0,0.019724423065781593,0.250003844499588,0.0,True
2,6,6,actor_stochastic,0.04403592646121979,0.07979430258274078,0.134389819156905,0.10200075060129166,0.47633305191993713,0.0,True
2,6,7,actor_stochastic,0.05176959186792374,0.025020133703947067,0.03850629341557733,0.05951595678925514,0.2500011920928955,0.0,True
2,6,8,actor_stochastic,0.3416391909122467,0.39399516582489014,0.10447294840494997,0.07991860806941986,0.397954523563385,0.0,True
2,6,9,actor_stochastic,-0.1280030459165573,-0.07641659677028656,0.019274075639259283,0.039641816169023514,0.2500019073486328,0.0,True
2,6,10,actor_stochastic,-0.1884509176015854,-0.18889819085597992,0.0611556609201246,0.08292130380868912,0.25000086426734924,0.0,True
2,6,11,actor_stochastic,-0.054437268525362015,-0.0750180333852768,0.019456755188925753,0.03983059525489807,0.2500019371509552,0.0,True
2,6,12,actor_stochastic,0.21719574928283691,0.10430993139743805,0.019674965183089674,0.04005608707666397,0.2500019073486328,0.0,True
2,6,13,actor_stochastic,-0.6673426628112793,-0.7785011529922485,0.0,0.019724423065781593,0.250003844499588,0.0,True
2,6,14,actor_stochastic,0.04062880203127861,0.05933941528201103,0.07640866386873854,0.06161339581012726,0.44271042943000793,0.0,True
2,6,15,actor_stochastic,0.3780519366264343,0.33053624629974365,0.1526947615469912,0.08173584938049316,0.650891900062561,0.0,True
2,6,16,random_baseline,-0.2867732048034668,-0.25094759464263916,0.07629452577654805,0.061553604900836945,0.44288572669029236,0.0,True
2,6,17,random_baseline,-0.5027294158935547,-0.5891971588134766,0.0,0.019724423065781593,0.250003844499588,0.0,True
2,6,18,random_baseline,-0.07838939130306244,-0.15983103215694427,0.019722785931342836,0.04010550305247307,0.2500019073486328,0.0,True
2,6,19,random_baseline,-0.2839423418045044,-0.3465205430984497,0.07066935272522679,0.08089721202850342,0.39820796251296997,0.0,True
2,6,20,random_baseline,0.08714447915554047,0.06434716284275055,0.32525510219028575,0.14454308152198792,0.4180925488471985,0.0,True
2,6,21,random_baseline,0.7742552757263184,0.8301857709884644,0.37602286548299385,0.10052797198295593,0.8880770206451416,0.0,True
2,6,22,random_baseline,-0.1760498285293579,-0.315008282661438,0.08137752039504026,0.10381811857223511,0.2500006854534149,0.0,True
2,6,23,random_baseline,0.05670173466205597,0.03650284931063652,0.0,0.019724423065781593,0.250003844499588,0.0,True
2,6,24,random_baseline,0.24054595828056335,0.2896674871444702,0.5057789090448546,0.1222321093082428,0.6364507079124451,0.0,True
2,6,25,random_baseline,0.10012497007846832,0.08515729010105133,0.10546057709622135,0.08062931895256042,0.3965577185153961,0.0,True
2,6,26,random_baseline,0.12777139246463776,0.14450635015964508,0.07594398102683317,0.06130467727780342,0.4436175227165222,0.0,True
2,6,27,random_baseline,0.28925859928131104,0.3243769407272339,0.04065449985105488,0.061735864728689194,0.2500011622905731,0.0,True
2,6,28,random_baseline,-0.2615548372268677,-0.2401813119649887,0.0,0.019724423065781593,0.250003844499588,0.0,True
2,6,29,random_baseline,-0.06896601617336273,-0.044509995728731155,0.07563644887950569,0.06110529601573944,0.4442058503627777,0.0,True
2,6,30,random_baseline,0.1259637027978897,0.08470524847507477,0.039919311507180304,0.060976140201091766,0.2500011622905731,0.0,True
2,6,31,random_baseline,-0.06816361844539642,-0.07776843011379242,0.0,0.019724423065781593,0.250003844499588,0.0,True
2,7,0,deterministic_actor,0.42685553431510925,0.45892333984375,0.0,0.019724423065781593,0.25000685453414917,0.0,True
2,7,1,actor_stochastic,0.7017916440963745,0.6297975778579712,0.0,0.019724423065781593,0.25000685453414917,0.0,True
2,7,2,actor_stochastic,-0.43757253885269165,-0.4530247151851654,0.1063610131538273,0.08127298206090927,0.3953128159046173,0.0,True
2,7,3,actor_stochastic,-0.5330901145935059,-0.4314385652542114,0.18553619048255168,0.10349603742361069,0.6870014071464539,0.0,True
2,7,4,actor_stochastic,0.48561322689056396,0.37809550762176514,0.0,0.019724423065781593,0.25000685453414917,0.0,True
2,7,5,actor_stochastic,-0.0489266999065876,-0.04295312240719795,0.07458716563834436,0.060519739985466,0.44594570994377136,0.0,True
2,7,6,actor_stochastic,0.3491150736808777,0.2626405954360962,0.019666525548935672,0.04004720598459244,0.2500034272670746,0.0,True
2,7,7,actor_stochastic,-0.4597386121749878,-0.34794533252716064,0.19483151771298465,0.10479177534580231,0.577873706817627,0.0,True
2,7,8,actor_stochastic,-0.08417163789272308,-0.10760889947414398,0.038643721252701546,0.059657707810401917,0.25000229477882385,0.0,True
2,7,9,actor_stochastic,-0.2147616147994995,-0.15060530602931976,0.07580555533793978,0.06124243885278702,0.44380223751068115,0.0,True
2,7,10,actor_stochastic,-0.3257902264595032,-0.2808448076248169,0.01971528762325084,0.040097594261169434,0.2500034272670746,0.0,True
2,7,11,actor_stochastic,-0.07237087190151215,-0.1000596135854721,0.019485246452503612,0.03985981643199921,0.2500034272670746,0.0,True
2,7,12,actor_stochastic,-0.17047929763793945,-0.07194815576076508,0.040998016955708774,0.06209052354097366,0.2500022053718567,0.0,True
2,7,13,actor_stochastic,0.1712133139371872,0.18575532734394073,0.11403410334668862,0.08099418133497238,0.4998001456260681,0.0,True
2,7,14,actor_stochastic,-0.4312654733657837,-0.3854151964187622,0.09835601554441022,0.0602068156003952,0.749624490737915,0.0,True
2,7,15,actor_stochastic,-0.38388592004776,-0.40213799476623535,0.10530565512952558,0.08051090687513351,0.3967897593975067,0.0,True
2,7,16,random_baseline,0.09168137609958649,0.1324833780527115,0.15308478892636093,0.10304763913154602,0.5626912117004395,0.0,True
2,7,17,random_baseline,-0.29669511318206787,-0.30238640308380127,0.0,0.019724423065781593,0.25000685453414917,0.0,True
2,7,18,random_baseline,0.5173450708389282,0.39982831478118896,0.0742967619338707,0.06033150106668472,0.4465080797672272,0.0,True
2,7,19,random_baseline,-0.10131822526454926,-0.22193537652492523,0.0,0.019724423065781593,0.25000685453414917,0.0,True
2,7,20,random_baseline,0.05128197371959686,0.13116206228733063,0.10017609947853967,0.060957424342632294,0.7493871450424194,0.0,True
2,7,21,random_baseline,-0.39247143268585205,-0.4115554094314575,0.03970074966932899,0.06074996292591095,0.25000226497650146,0.0,True
2,7,22,random_baseline,0.49122798442840576,0.6191624402999878,0.12515982987601393,0.08040694892406464,0.658350944519043,0.0,True
2,7,23,random_baseline,0.1543450504541397,0.22424615919589996,0.07674610157590861,0.0618155375123024,0.4421202540397644,0.0,True
2,7,24,random_baseline,0.013114585541188717,-0.03111802414059639,0.0734712097488007,0.059749361127614975,0.4482572376728058,0.0,True
2,7,25,random_baseline,1.57413911819458,1.6160457134246826,0.0,0.019724423065781593,0.25000685453414917,0.0,True
2,7,26,random_baseline,0.4664705991744995,0.5169285535812378,0.0,0.019724423065781593,0.25000685453414917,0.0,True
2,7,27,random_baseline,-0.12285958230495453,-0.09379397332668304,0.09882700388662802,0.06054646521806717,0.7497981786727905,0.0,True
2,7,28,random_baseline,0.34095299243927,0.25140297412872314,0.0,0.019724423065781593,0.25000685453414917,0.0,True
2,7,29,random_baseline,0.1726471334695816,0.19416798651218414,0.0,0.019724423065781593,0.25000685453414917,0.0,True
2,7,30,random_baseline,-0.40086793899536133,-0.47581303119659424,0.10661304167107197,0.08148139715194702,0.39491337537765503,0.0,True
2,7,31,random_baseline,0.5377546548843384,0.6262825727462769,0.03910669794111951,0.060136131942272186,0.25000226497650146,0.0,True
2,8,0,deterministic_actor,0.168829083442688,0.19000698626041412,0.0,0.06132656708359718,0.4435548186302185,0.0,True
2,8,1,actor_stochastic,0.02703101560473442,0.0627685934305191,0.060445142009872686,0.10262744873762131,0.36258915066719055,0.0,True
2,8,2,actor_stochastic,0.33110952377319336,0.23368443548679352,0.03157623595044067,0.08203868567943573,0.3938549757003784,0.0,True
2,8,3,actor_stochastic,-0.057677436619997025,-0.06471787393093109,0.0,0.06132656708359718,0.4435548186302185,0.0,True
2,8,4,actor_stochastic,-0.18286333978176117,-0.2148037999868393,0.0,0.06132656708359718,0.4435548186302185,0.0,True
2,8,5,actor_stochastic,-0.5191255807876587,-0.6462069749832153,0.0,0.06132656708359718,0.4435548186302185,0.0,True
2,8,6,actor_stochastic,-0.24212108552455902,-0.23916541039943695,0.0,0.06132656708359718,0.4435548186302185,0.0,True
2,8,7,actor_stochastic,0.2609204053878784,0.22495736181735992,0.031874165649066956,0.08225584030151367,0.3934459090232849,0.0,True
2,8,8,actor_stochastic,0.12035073339939117,0.04826725646853447,0.06127506628535324,0.10325147211551666,0.3618371784687042,0.0,True
2,8,9,actor_stochastic,0.040695562958717346,-0.005865205079317093,0.0,0.06132656708359718,0.4435548186302185,0.0,True
2,8,10,actor_stochastic,-0.2189551591873169,-0.19497309625148773,0.0,0.06132656708359718,0.4435548186302185,0.0,True
2,8,11,actor_stochastic,0.04830898344516754,0.10674180090427399,0.031860121894803584,0.0822455957531929,0.39346522092819214,0.0,True
2,8,12,actor_stochastic,0.36613500118255615,0.26942241191864014,0.0,0.06132656708359718,0.4435548186302185,0.0,True
2,8,13,actor_stochastic,-0.896546483039856,-0.8544894456863403,0.0,0.06132656708359718,0.4435548186302185,0.0,True
2,8,14,actor_stochastic,-0.011026546359062195,-0.1543484777212143,0.05842082723503451,0.10104319453239441,0.3645412027835846,0.0,True
2,8,15,actor_stochastic,0.08050169050693512,0.04699982330203056,0.0,0.06132656708359718,0.4435548186302185,0.0,True
2,8,16,random_baseline,0.6430052518844604,0.6973885297775269,0.05915810010855866,0.10160742700099945,0.363838791847229,0.0,True
2,8,17,random_baseline,0.22882705926895142,0.08413971960544586,0.03033512060939718,0.08113817870616913,0.39557260274887085,0.0,True
2,8,18,random_baseline,-0.22832489013671875,-0.1885906308889389,0.030516342026536223,0.08126924932003021,0.39532047510147095,0.0,True
2,8,19,random_baseline,0.30912864208221436,0.33482253551483154,0.0,0.06132656708359718,0.4435548186302185,0.0,True
2,8,20,random_baseline,0.03840626776218414,0.004933249205350876,0.0,0.06132656708359718,0.4435548186302185,0.0,True
2,8,21,random_baseline,0.2858469486236572,0.30861103534698486,0.0,0.06132656708359718,0.4435548186302185,0.0,True
2,8,22,random_baseline,0.05566157400608063,0.038319479674100876,0.0,0.06132656708359718,0.4435548186302185,0.0,True
2,8,23,random_baseline,0.2571526765823364,0.2093447595834732,0.0,0.06132656708359718,0.4435548186302185,0.0,True
2,8,24,random_baseline,-0.1248687356710434,-0.216439351439476,0.030448107422899075,0.081219881772995,0.39541536569595337,0.0,True
2,8,25,random_baseline,-0.42326605319976807,-0.4697161912918091,0.05925187971748644,0.10168413072824478,0.36374396085739136,0.0,True
2,8,26,random_baseline,0.451518177986145,0.4509129524230957,0.032190850346610116,0.082487091422081,0.3930125832557678,0.0,True
2,8,27,random_baseline,0.390885591506958,0.3563019037246704,0.030286430057405347,0.08110298961400986,0.3956405222415924,0.0,True
2,8,28,random_baseline,0.780530571937561,0.868707537651062,0.03067806322829264,0.08138633519411087,0.3950957953929901,0.0,True
2,8,29,random_baseline,-0.03881608322262764,-0.06093655899167061,0.06110080329812358,0.10310755670070648,0.36200976371765137,0.0,True
2,8,30,random_baseline,-0.30938005447387695,-0.39140188694000244,0.058159392378684886,0.1008417010307312,0.364793986082077,0.0,True
2,8,31,random_baseline,0.023392215371131897,-0.022649873048067093,0.03042019295225137,0.08119969069957733,0.39545416831970215,0.0,True
2,9,0,deterministic_actor,0.11315260827541351,0.11219324171543121,0.08065717985477369,0.10307373106479645,0.2500007152557373,0.0,True
2,9,1,actor_stochastic,0.0918484777212143,0.11439909040927887,0.10795965013186881,0.08243783563375473,0.3931034803390503,0.0,True
2,9,2,actor_stochastic,-0.1408320516347885,-0.1103135198354721,0.2523203375525883,0.08220164477825165,0.6598682999610901,0.0,True
2,9,3,actor_stochastic,0.28007858991622925,0.2380901724100113,0.04012157548399721,0.06118515133857727,0.2500011622905731,0.0,True
2,9,4,actor_stochastic,-0.014601696282625198,-0.03797255828976631,0.019722721330534657,0.040105439722537994,0.2500018775463104,0.0,True
2,9,5,actor_stochastic,0.07671774178743362,0.03455532714724541,0.07462440108274333,0.06047140061855316,0.4460888206958771,0.0,True
2,9,6,actor_stochastic,0.2822784185409546,0.25520598888397217,0.07638377410021656,0.06159073859453201,0.4427768588066101,0.0,True
2,9,7,actor_stochastic,0.09411968290805817,0.11593069136142731,0.07777745578562907,0.10009787976741791,0.2500007152557373,0.0,True
2,9,8,actor_stochastic,-0.08868084847927094,-0.22823010385036469,0.01912906528227527,0.039491962641477585,0.2500019371509552,0.0,True
2,9,9,actor_stochastic,0.7719144821166992,0.8419188261032104,0.6922865457162293,0.14011749625205994,0.8136903643608093,0.0,True
2,9,10,actor_stochastic,0.08793272078037262,0.09309996664524078,0.03891200148754623,0.03983162343502045,0.4999564290046692,0.0,True
2,9,11,actor_stochastic,-0.04511056840419769,0.027483832091093063,0.0,0.019724423065781593,0.250003844499588,0.0,True
2,9,12,actor_stochastic,-0.2736321687698364,-0.2540346384048462,0.0,0.019724423065781593,0.250003844499588,0.0,True
2,9,13,actor_stochastic,0.3620007038116455,0.3757137060165405,0.18153241004395232,0.09989980608224869,0.48275026679039,0.0,True
2,9,14,actor_stochastic,-0.16149865090847015,-0.14360247552394867,0.07584782503103316,0.0612671822309494,0.4437280297279358,0.0,True
2,9,15,actor_stochastic,-0.2693136930465698,-0.162667378783226,0.04019115747591919,0.040504805743694305,0.4996629059314728,0.0,True
2,9,16,random_baseline,-0.012473925948143005,-0.16421757638454437,0.039403632095148355,0.04008904844522476,0.4998750388622284,0.0,True
2,9,17,random_baseline,-0.08424554765224457,-0.12889204919338226,0.038717336180791165,0.0397302582859993,0.4999774992465973,0.0,True
2,9,18,random_baseline,0.6484551429748535,0.6777976751327515,0.0,0.019724423065781593,0.250003844499588,0.0,True
2,9,19,random_baseline,0.875220537185669,0.9685920476913452,0.0,0.019724423065781593,0.250003844499588,0.0,True
2,9,20,random_baseline,-0.3513595461845398,-0.4565540552139282,0.2911679827921598,0.1424206793308258,0.4241825342178345,0.0,True
2,9,21,random_baseline,-0.34678584337234497,-0.3979877233505249,0.10644330766192987,0.08129539340734482,0.3952690064907074,0.0,True
2,9,22,random_baseline,0.02796114981174469,0.10971631109714508,0.10774361810780916,0.08226528763771057,0.3934270143508911,0.0,True
2,9,23,random_baseline,0.11000312864780426,0.07396401464939117,0.3557289876428192,0.1222415417432785,0.6374380588531494,0.0,True
2,9,24,random_baseline,0.5578844547271729,0.6000241041183472,0.5066376568166409,0.12231019139289856,0.6387254595756531,0.0,True
2,9,25,random_baseline,-0.33134233951568604,-0.33686363697052,0.03858139993018433,0.039659515023231506,0.4999884366989136,0.0,True
2,9,26,random_baseline,-0.1186629980802536,-0.12336240708827972,0.020189787480827417,0.04058809205889702,0.2500018775463104,0.0,True
2,9,27,random_baseline,-0.08268343657255173,0.01596440002322197,0.0,0.019724423065781593,0.250003844499588,0.0,True
2,9,28,random_baseline,0.15173830091953278,0.18840207159519196,0.0,0.019724423065781593,0.250003844499588,0.0,True
2,9,29,random_baseline,0.16524279117584229,0.05547608062624931,0.039337266300604905,0.0603746622800827,0.2500011920928955,0.0,True
2,9,30,random_baseline,0.09444506466388702,0.060624729841947556,0.07314001986265006,0.05956842750310898,0.4488026797771454,0.0,True
2,9,31,random_baseline,-0.010521281510591507,-0.03400622680783272,0.019255583657918563,0.039622705429792404,0.2500019073486328,0.0,True
2,10,0,deterministic_actor,0.22545386850833893,0.24731703102588654,0.0,0.06159188598394394,0.4427746832370758,0.0,True
2,10,1,actor_stochastic,-0.2104424089193344,-0.23861895501613617,0.031132287660788464,0.08201000094413757,0.39390870928764343,0.0,True
2,10,2,actor_stochastic,-0.3731529116630554,-0.29023993015289307,0.3387420021015174,0.12409307062625885,0.8884307742118835,0.0,True
2,10,3,actor_stochastic,-0.04482625797390938,-0.03527175262570381,0.0,0.06159188598394394,0.4427746832370758,0.0,True
2,10,4,actor_stochastic,-0.5535944700241089,-0.6411863565444946,0.0,0.06159188598394394,0.4427746832370758,0.0,True
2,10,5,actor_stochastic,-0.6902197599411011,-0.7538996934890747,0.0,0.06159188598394394,0.4427746832370758,0.0,True
2,10,6,actor_stochastic,0.05191792547702789,-0.011889088898897171,0.0,0.06159188598394394,0.4427746832370758,0.0,True
2,10,7,actor_stochastic,0.2376091480255127,0.29658591747283936,0.0,0.06159188598394394,0.4427746832370758,0.0,True
2,10,8,actor_stochastic,-0.21797138452529907,-0.194708451628685,0.09586822688564828,0.12350943684577942,0.44544342160224915,0.0,True
2,10,9,actor_stochastic,0.10792653262615204,0.13492168486118317,0.0,0.06159188598394394,0.4427746832370758,0.0,True
2,10,10,actor_stochastic,-0.27544355392456055,-0.21086536347866058,0.2368503128032466,0.14320527017116547,0.5709736347198486,0.0,True
2,10,11,actor_stochastic,-0.1707594394683838,-0.09882079064846039,0.15548076368650104,0.12247255444526672,0.635562539100647,0.0,True
2,10,12,actor_stochastic,-0.6600736379623413,-0.6821767091751099,0.0,0.06159188598394394,0.4427746832370758,0.0,True
2,10,13,actor_stochastic,0.03527010977268219,-0.015130151063203812,0.10334567353094501,0.10133447498083115,0.6898387670516968,0.0,True
2,10,14,actor_stochastic,-0.28553682565689087,-0.34108102321624756,0.0,0.06159188598394394,0.4427746832370758,0.0,True
2,10,15,actor_stochastic,-0.5881662964820862,-0.6179512739181519,0.05071988947950538,0.0816027969121933,0.6548044681549072,0.0,True
2,10,16,random_baseline,-0.2934529781341553,-0.2996116876602173,0.0,0.06159188598394394,0.4427746832370758,0.0,True
2,10,17,random_baseline,0.009809624403715134,0.01522911712527275,0.0,0.06159188598394394,0.4427746832370758,0.0,True
2,10,18,random_baseline,0.5526436567306519,0.5822007656097412,0.0,0.06159188598394394,0.4427746832370758,0.0,True
2,10,19,random_baseline,0.053567662835121155,0.16990388929843903,0.0,0.06159188598394394,0.4427746832370758,0.0,True
2,10,20,random_baseline,-0.9949665069580078,-1.1015912294387817,0.0,0.06159188598394394,0.4427746832370758,0.0,True
2,10,21,random_baseline,-0.03967033699154854,-0.04286156967282295,-3.301611191843281,0.0824396014213562,0.3931010365486145,0.125,True
2,10,22,random_baseline,-0.8149001598358154,-0.7027617692947388,0.12046028719748772,0.10206083953380585,0.879397988319397,0.0,True
2,10,23,random_baseline,-0.17265181243419647,-0.18005238473415375,0.060109483132099205,0.10266344249248505,0.3625451922416687,0.0,True
2,10,24,random_baseline,0.086236372590065,0.08784092962741852,0.061130588885036696,0.10344165563583374,0.3616095781326294,0.0,True
2,10,25,random_baseline,0.008836399763822556,-0.023422349244356155,0.0,0.06159188598394394,0.4427746832370758,0.0,True
2,10,26,random_baseline,-0.13901959359645844,-0.09786282479763031,0.08650453584996179,0.12255580723285675,0.34250420331954956,0.0,True
2,10,27,random_baseline,0.03714097663760185,0.07324828207492828,0.0,0.06159188598394394,0.4427746832370758,0.0,True
2,10,28,random_baseline,-0.6103736162185669,-0.6477948427200317,0.0,0.06159188598394394,0.4427746832370758,0.0,True
2,10,29,random_baseline,0.6817446947097778,0.7477701902389526,0.030792773499069833,0.08176340162754059,0.39437592029571533,0.0,True
2,10,30,random_baseline,0.07362522184848785,0.06857146322727203,0.0,0.06159188598394394,0.4427746832370758,0.0,True
2,10,31,random_baseline,-0.5032308101654053,-0.6177998781204224,0.0,0.06159188598394394,0.4427746832370758,0.0,True
2,11,0,deterministic_actor,0.5463617444038391,0.5753765106201172,0.09472366668111248,0.14385515451431274,0.5807023644447327,0.0,True
2,11,1,actor_stochastic,-0.07075189054012299,-0.053149331361055374,0.28489537813411503,0.16640228033065796,0.7202388644218445,0.0,True
2,11,2,actor_stochastic,-0.20267164707183838,-0.16237078607082367,0.0,0.10367655754089355,0.6867297887802124,0.0,True
2,11,3,actor_stochastic,-0.2916763424873352,-0.23391757905483246,0.0,0.10367655754089355,0.6867297887802124,0.0,True
2,11,4,actor_stochastic,-0.012237656861543655,-0.0007983334362506866,0.09542463620761277,0.144118994474411,0.5811443328857422,0.0,True
2,11,5,actor_stochastic,-0.16759167611598969,-0.12439356744289398,0.11179289827991071,0.1435374915599823,0.8088544011116028,0.0,True
2,11,6,actor_stochastic,-0.3067331314086914,-0.32084810733795166,0.0,0.10367655754089355,0.6867297887802124,0.0,True
2,11,7,actor_stochastic,0.6443602442741394,0.6881943941116333,0.04887483502584372,0.12345677614212036,0.6383434534072876,0.0,True
2,11,8,actor_stochastic,0.3302372694015503,0.301263689994812,0.0,0.10367655754089355,0.6867297887802124,0.0,True
2,11,9,actor_stochastic,0.1422581821680069,0.11436642706394196,0.0966596790726876,0.1447252482175827,0.5795468688011169,0.0,True
2,11,10,actor_stochastic,-0.3260294198989868,-0.3460618257522583,0.275246319949821,0.16423828899860382,0.7196511030197144,0.0,True
2,11,11,actor_stochastic,0.2641357183456421,0.23875321447849274,0.0,0.10367655754089355,0.6867297887802124,0.0,True
2,11,12,actor_stochastic,0.20223607122898102,0.23611606657505035,0.0,0.10367655754089355,0.6867297887802124,0.0,True
2,11,13,actor_stochastic,-0.10976947844028473,-0.1174851506948471,0.0,0.10367655754089355,0.6867297887802124,0.0,True
2,11,14,actor_stochastic,-0.06973396241664886,-0.08343325555324554,0.28377700894295166,0.16516782343387604,0.7288229465484619,0.0,True
2,11,15,actor_stochastic,-0.16784368455410004,-0.175515279173851,0.09619345042572944,0.14449594914913177,0.5801501274108887,0.0,True
2,11,16,random_baseline,1.8150631189346313,1.8536686897277832,0.09951031432077874,0.14622066915035248,0.5744999051094055,0.0,True
2,11,17,random_baseline,0.16169200837612152,0.1297307163476944,0.09889507006672957,0.145917147397995,0.5752881765365601,0.0,True
2,11,18,random_baseline,0.06137056276202202,0.08276642858982086,0.10145619679297466,0.14489084482192993,0.6381958723068237,0.0,True
2,11,19,random_baseline,1.1321771144866943,1.212851881980896,0.0,0.10367655754089355,0.6867297887802124,0.0,True
2,11,20,random_baseline,-0.007280219346284866,-0.058699000626802444,0.09572183683997534,0.14434567093849182,0.5794051885604858,0.0,True
2,11,21,random_baseline,0.5184246301651001,0.4973181486129761,0.0,0.10367655754089355,0.6867297887802124,0.0,True
2,11,22,random_baseline,-0.11179743707180023,-0.19107066094875336,0.0,0.10367655754089355,0.6867297887802124,0.0,True
2,11,23,random_baseline,-0.40869832038879395,-0.516647219657898,0.09784462401102102,0.14530974626541138,0.5780147910118103,0.0,True
2,11,24,random_baseline,-0.1311185210943222,-0.14413176476955414,0.2783378608402918,0.16441002488136292,0.7250038981437683,0.0,True
2,11,25,random_baseline,0.8435045480728149,0.9021826982498169,0.0,0.10367655754089355,0.6867297887802124,0.0,True
2,11,26,random_baseline,-0.016901839524507523,-0.03200732544064522,0.09596957171064796,0.14446748793125153,0.5790838599205017,0.0,True
2,11,27,random_baseline,0.20316137373447418,0.17096318304538727,0.09744979310012895,0.1452031135559082,0.5771514177322388,0.0,True
2,11,28,random_baseline,0.27786946296691895,0.29464924335479736,0.049593399043885426,0.12377673387527466,0.6374180316925049,0.0,True
2,11,29,random_baseline,0.08549632132053375,0.1041792780160904,0.09831388889596353,0.14562954008579254,0.5760371685028076,0.0,True
2,11,30,random_baseline,-0.023576542735099792,0.030538450926542282,0.0,0.10367655754089355,0.6867297887802124,0.0,True
2,11,31,random_baseline,0.25626516342163086,0.2571357488632202,0.0,0.10367655754089355,0.6867297887802124,0.0,True
2,12,0,deterministic_actor,0.11315260827541351,0.11219324171543121,0.08065717985477369,0.10307373106479645,0.2500007152557373,0.0,True
2,12,1,actor_stochastic,-0.03900323808193207,-0.08830557763576508,0.0,0.019724423065781593,0.250003844499588,0.0,True
2,12,2,actor_stochastic,1.0228462219238281,1.083863615989685,0.019125738340654144,0.039488524198532104,0.2500019371509552,0.0,True
2,12,3,actor_stochastic,0.36076706647872925,0.4645341634750366,0.0,0.019724423065781593,0.250003844499588,0.0,True
2,12,4,actor_stochastic,0.02170027792453766,-0.09292517602443695,0.01995601099906451,0.04034651070833206,0.2500019073486328,0.0,True
2,12,5,actor_stochastic,-0.15139351785182953,-0.1678677648305893,0.0,0.019724423065781593,0.250003844499588,0.0,True
2,12,6,actor_stochastic,-0.4551328420639038,-0.4603825807571411,0.019423785705038183,0.03979652374982834,0.2500019371509552,0.0,True
2,12,7,actor_stochastic,0.6194509267807007,0.6504576206207275,0.10591405169790798,0.08094388246536255,0.3959466218948364,0.0,True
2,12,8,actor_stochastic,-0.3593391180038452,-0.3164583444595337,0.7038820031791846,0.14217278361320496,0.8085673451423645,0.0,True
2,12,9,actor_stochastic,-0.07802735269069672,-0.08578310906887054,0.0193443105607782,0.03971439599990845,0.2500019073486328,0.0,True
2,12,10,actor_stochastic,0.06971444189548492,0.09242428839206696,0.07599196789145021,0.061368849128484726,0.44342857599258423,0.0,True
2,12,11,actor_stochastic,-0.19727659225463867,-0.11929045617580414,0.0,0.019724423065781593,0.250003844499588,0.0,True
2,12,12,actor_stochastic,0.4160909652709961,0.5368057489395142,0.0,0.019724423065781593,0.250003844499588,0.0,True
2,12,13,actor_stochastic,0.02665604278445244,0.06166161224246025,0.0,0.019724423065781593,0.250003844499588,0.0,True
2,12,14,actor_stochastic,-0.10626928508281708,-0.06630049645900726,0.1291471832519625,0.08258499950170517,0.6554161906242371,0.0,True
2,12,15,actor_stochastic,0.40252959728240967,0.2715967893600464,0.30129438788393365,0.10052579641342163,0.6914858818054199,0.0,True
2,12,16,random_baseline,-0.031684741377830505,-0.00034295395016670227,0.07607609198672724,0.06139048933982849,0.4433649182319641,0.0,True
2,12,17,random_baseline,0.042894378304481506,0.001733195036649704,0.10829143526832338,0.08265494555234909,0.3926982283592224,0.0,True
2,12,18,random_baseline,0.40468037128448486,0.40983664989471436,0.019129917782226037,0.03949284553527832,0.2500019073486328,0.0,True
2,12,19,random_baseline,-0.07149539887905121,-0.05726443603634834,0.4634815068191265,0.10302019119262695,0.687703549861908,0.0,True
2,12,20,random_baseline,0.1045779138803482,0.11751069128513336,0.03993301610720075,0.06099029630422592,0.2500011622905731,0.0,True
2,12,21,random_baseline,0.013189565390348434,0.0438922755420208,0.0975999669074237,0.060221776366233826,0.7497393488883972,0.0,True
2,12,22,random_baseline,-0.232879638671875,-0.12651263177394867,0.0,0.019724423065781593,0.250003844499588,0.0,True
2,12,23,random_baseline,0.12884148955345154,0.16934706270694733,0.07646225716063668,0.06166113168001175,0.44257059693336487,0.0,True
2,12,24,random_baseline,-0.03898893669247627,-0.030410874634981155,0.019830390113220537,0.04021669924259186,0.2500018775463104,0.0,True
2,12,25,random_baseline,-0.778688907623291,-0.9180711507797241,0.08086611271144904,0.1032896414399147,0.2500006854534149,0.0,True
2,12,26,random_baseline,0.4771304130554199,0.5290030241012573,0.07697916975595329,0.06201361119747162,0.44154155254364014,0.0,True
2,12,27,random_baseline,0.004429113119840622,0.0009917132556438446,0.0,0.019724423065781593,0.250003844499588,0.0,True
2,12,28,random_baseline,0.10203172266483307,0.11088933050632477,0.0,0.019724423065781593,0.250003844499588,0.0,True
2,12,29,random_baseline,-0.5749727487564087,-0.685430645942688,0.07532594048065862,0.060982704162597656,0.44456860423088074,0.0,True
2,12,30,random_baseline,0.22640782594680786,0.3559379577636719,0.0,0.019724423065781593,0.250003844499588,0.0,True
2,12,31,random_baseline,0.2539377212524414,0.19224108755588531,0.18872281222680062,0.10311761498451233,0.48433661460876465,0.0,True
2,13,0,deterministic_actor,0.5104355812072754,0.5549492835998535,0.11377643379458705,0.14462795853614807,0.3270382881164551,0.0,True
2,13,1,actor_stochastic,0.01932920143008232,0.027046572417020798,0.0,0.062014389783144,0.4415404498577118,0.0,True
2,13,2,actor_stochastic,-0.6269880533218384,-0.7088686227798462,0.0,0.062014389783144,0.4415404498577118,0.0,True
2,13,3,actor_stochastic,-0.44316500425338745,-0.43644535541534424,0.0,0.062014389783144,0.4415404498577118,0.0,True
2,13,4,actor_stochastic,-0.18828682601451874,-0.21363364160060883,0.0,0.062014389783144,0.4415404498577118,0.0,True
2,13,5,actor_stochastic,0.0003724806010723114,0.00602329894900322,0.1785260407047198,0.14489120244979858,0.6382889747619629,0.0,True
2,13,6,actor_stochastic,-0.13175784051418304,-0.12108241021633148,0.12669143428688473,0.12437762320041656,0.6322384476661682,0.0,True
2,13,7,actor_stochastic,0.3323180079460144,0.23939718306064606,0.03161322222029383,0.08282896131277084,0.39237573742866516,0.0,True
2,13,8,actor_stochastic,-0.19773875176906586,-0.25539159774780273,0.0,0.062014389783144,0.4415404498577118,0.0,True
2,13,9,actor_stochastic,0.7172844409942627,0.6120699644088745,0.061001031964237354,0.10386655479669571,0.3611048460006714,0.0,True
2,13,10,actor_stochastic,0.617671012878418,0.450140118598938,0.07635215200461382,0.10325675457715988,0.5611699819564819,0.0,True
2,13,11,actor_stochastic,-0.020480677485466003,-0.10476981103420258,0.0,0.062014389783144,0.4415404498577118,0.0,True
2,13,12,actor_stochastic,-0.11177407205104828,-0.09259425103664398,0.12432565117588057,0.12253998219966888,0.6364578604698181,0.0,True
2,13,13,actor_stochastic,-0.40977954864501953,-0.41818344593048096,0.0760541946199269,0.10340725630521774,0.5577346682548523,0.0,True
2,13,14,actor_stochastic,0.5878757834434509,0.5698169469833374,0.0315794521478192,0.08280429989099503,0.3924214839935303,0.0,True
2,13,15,actor_stochastic,-0.12266407907009125,-0.17774640023708344,0.03241297561118392,0.08341434597969055,0.39129725098609924,0.0,True
2,13,16,random_baseline,-0.38040244579315186,-0.3560076951980591,0.10722957563411298,0.1033610850572586,0.6871246099472046,0.0,True
2,13,17,random_baseline,-0.2500380277633667,-0.26348793506622314,0.07447605916979474,0.10237161815166473,0.5587806701660156,0.0,True
2,13,18,random_baseline,-0.08192812651395798,-0.027198899537324905,0.06944348778925655,0.10349022597074509,0.47542399168014526,0.0,True
2,13,19,random_baseline,0.46951401233673096,0.3779505491256714,0.22016824307654112,0.16403889656066895,0.4207753837108612,0.0,True
2,13,20,random_baseline,-0.05983661487698555,-0.0871802419424057,0.03154240127715787,0.08277725428342819,0.39247167110443115,0.0,True
2,13,21,random_baseline,-0.3447421193122864,-0.41270482540130615,0.0,0.062014389783144,0.4415404498577118,0.0,True
2,13,22,random_baseline,0.10723389685153961,0.13887394964694977,0.0,0.062014389783144,0.4415404498577118,0.0,True
2,13,23,random_baseline,-0.6728763580322266,-0.6586281061172485,0.12442338527713748,0.12254936993122101,0.6359290480613708,0.0,True
2,13,24,random_baseline,0.1917482614517212,0.14570511877536774,0.030415938527598555,0.08195771276950836,0.3940075933933258,0.0,True
2,13,25,random_baseline,0.0996183305978775,0.07491959631443024,0.050620335019760904,0.08205243945121765,0.6526340246200562,0.0,True
2,13,26,random_baseline,-0.2517279386520386,-0.20803557336330414,0.0,0.062014389783144,0.4415404498577118,0.0,True
2,13,27,random_baseline,0.05129195749759674,-0.0057073719799518585,0.12656036616860838,0.1237948015332222,0.6344624161720276,0.0,True
2,13,28,random_baseline,-0.3957694172859192,-0.3943430185317993,0.03167978181726181,0.08287757635116577,0.39228564500808716,0.0,True
2,13,29,random_baseline,0.027459636330604553,-0.0480114109814167,0.17807322364697353,0.14308439195156097,0.7103307843208313,0.0,True
2,13,30,random_baseline,-0.008572448045015335,-0.02943526580929756,0.0,0.062014389783144,0.4415404498577118,0.0,True
2,13,31,random_baseline,-0.06119106709957123,-0.03299914672970772,0.10763005450137711,0.1227581650018692,0.4999281167984009,0.0,True
2,14,0,deterministic_actor,0.2778986692428589,0.3044927716255188,0.0,0.062014389783144,0.44154098629951477,0.0,True
2,14,1,actor_stochastic,-0.11176447570323944,-0.22542153298854828,0.0,0.062014389783144,0.44154098629951477,0.0,True
2,14,2,actor_stochastic,0.5669938325881958,0.5867623090744019,0.1050109946932274,0.10247102379798889,0.688233494758606,0.0,True
2,14,3,actor_stochastic,-0.48277175426483154,-0.4204951524734497,0.0,0.062014389783144,0.44154098629951477,0.0,True
2,14,4,actor_stochastic,-0.6213055849075317,-0.6966789960861206,0.0,0.062014389783144,0.44154098629951477,0.0,True
2,14,5,actor_stochastic,-0.14633482694625854,-0.09240292012691498,0.0,0.062014389783144,0.44154098629951477,0.0,True
2,14,6,actor_stochastic,-0.24078035354614258,-0.19667063653469086,0.05029767244028963,0.08194391429424286,0.6520056128501892,0.0,True
2,14,7,actor_stochastic,-0.16846679151058197,-0.18404708802700043,0.0,0.062014389783144,0.44154098629951477,0.0,True
2,14,8,actor_stochastic,-0.380977988243103,-0.38439667224884033,0.0,0.062014389783144,0.44154098629951477,0.0,True
2,14,9,actor_stochastic,-0.8323627710342407,-0.7325154542922974,0.0,0.062014389783144,0.44154098629951477,0.0,True
2,14,10,actor_stochastic,0.17087902128696442,0.18111886084079742,0.0,0.062014389783144,0.44154098629951477,0.0,True
2,14,11,actor_stochastic,-0.18127548694610596,-0.13305579125881195,0.0,0.062014389783144,0.44154098629951477,0.0,True
2,14,12,actor_stochastic,-0.04899774491786957,-0.08770762383937836,0.0,0.062014389783144,0.44154098629951477,0.0,True
2,14,13,actor_stochastic,0.5067561268806458,0.5456494092941284,0.1091182217902639,0.10400255769491196,0.6862424612045288,0.0,True
2,14,14,actor_stochastic,0.28882014751434326,0.30127131938934326,0.052172392507934935,0.08257414400577545,0.6555758714675903,0.0,True
2,14,15,actor_stochastic,0.08128965646028519,0.022605787962675095,0.0,0.062014389783144,0.44154098629951477,0.0,True
2,14,16,random_baseline,0.010619889944791794,0.013624083250761032,0.05032240993547805,0.08195222914218903,0.6520538926124573,0.0,True
2,14,17,random_baseline,-0.07707773894071579,-0.050944436341524124,0.10892980430452828,0.10386493802070618,0.6864374876022339,0.0,True
2,14,18,random_baseline,0.06967009603977203,0.06039608642458916,0.0,0.062014389783144,0.44154098629951477,0.0,True
2,14,19,random_baseline,-0.27572691440582275,-0.22259722650051117,0.10854672612638101,0.10371071100234985,0.6866522431373596,0.0,True
2,14,20,random_baseline,-0.6054452657699585,-0.6767321825027466,0.0,0.062014389783144,0.44154098629951477,0.0,True
2,14,21,random_baseline,-0.19221483170986176,-0.22381220757961273,0.0,0.062014389783144,0.44154098629951477,0.0,True
2,14,22,random_baseline,-0.1673930436372757,-0.13709770143032074,0.0,0.062014389783144,0.44154098629951477,0.0,True
2,14,23,random_baseline,0.006894242018461227,0.04966343566775322,0.05065806650607982,0.08206512778997421,0.6527073383331299,0.0,True
2,14,24,random_baseline,0.11309219896793365,0.08476008474826813,0.0,0.062014389783144,0.44154098629951477,0.0,True
2,14,25,random_baseline,0.4440069794654846,0.5247198343276978,0.0,0.062014389783144,0.44154098629951477,0.0,True
2,14,26,random_baseline,-1.9120047092437744,-2.0180323123931885,0.0,0.062014389783144,0.44154098629951477,0.0,True
2,14,27,random_baseline,0.2482917755842209,0.28582507371902466,0.10941975529111779,0.10412247478961945,0.6860700845718384,0.0,True
2,14,28,random_baseline,0.01652015745639801,-0.03352080658078194,0.0,0.062014389783144,0.44154098629951477,0.0,True
2,14,29,random_baseline,-0.48217642307281494,-0.40740692615509033,0.10971134949619928,0.10420194268226624,0.6859546303749084,0.0,True
2,14,30,random_baseline,-0.28516829013824463,-0.31597912311553955,0.0,0.062014389783144,0.44154098629951477,0.0,True
2,14,31,random_baseline,-0.2491999864578247,-0.16683517396450043,0.0,0.062014389783144,0.44154098629951477,0.0,True
2,15,0,deterministic_actor,0.11315260827541351,0.11219324171543121,0.08065717985477369,0.10307373106479645,0.2500007152557373,0.0,True
2,15,1,actor_stochastic,-0.11431656777858734,-0.12293826043605804,0.01945730429579526,0.03983116149902344,0.2500019073486328,0.0,True
2,15,2,actor_stochastic,0.10224904119968414,0.09488476812839508,0.02025232106314293,0.04065271466970444,0.2500018775463104,0.0,True
2,15,3,actor_stochastic,0.14521707594394684,0.17130650579929352,0.057922306259088764,0.07958002388477325,0.25000089406967163,0.0,True
2,15,4,actor_stochastic,0.22238600254058838,0.177206888794899,0.019659444838925108,0.04004004970192909,0.2500019073486328,0.0,True
2,15,5,actor_stochastic,0.0909631997346878,0.034002672880887985,0.0,0.019724423065781593,0.250003844499588,0.0,True
2,15,6,actor_stochastic,0.4870795011520386,0.5581361055374146,0.0,0.019724423065781593,0.250003844499588,0.0,True
2,15,7,actor_stochastic,0.3011895418167114,0.3674759268760681,0.07346599092636868,0.059735819697380066,0.44829684495925903,0.0,True
2,15,8,actor_stochastic,-0.18443380296230316,-0.17207156121730804,0.07442212210931025,0.060323234647512436,0.44653159379959106,0.0,True
2,15,9,actor_stochastic,-0.09044574201107025,-0.09160910546779633,0.01996246877271051,0.040353186428546906,0.2500018775463104,0.0,True
2,15,10,actor_stochastic,0.3751786947250366,0.354425311088562,0.01934637317229643,0.03971652686595917,0.2500019073486328,0.0,True
2,15,11,actor_stochastic,0.19672787189483643,0.1293267160654068,0.019819521027244727,0.0402054637670517,0.2500018775463104,0.0,True
2,15,12,actor_stochastic,0.16108407080173492,0.2121342569589615,0.019827902982105718,0.04021412506699562,0.2500018775463104,0.0,True
2,15,13,actor_stochastic,0.30455338954925537,0.2799338102340698,0.020443394103528995,0.040850162506103516,0.2500018775463104,0.0,True
2,15,14,actor_stochastic,-0.5349924564361572,-0.6276978254318237,0.059394898985275564,0.08110176771879196,0.25000089406967163,0.0,True
2,15,15,actor_stochastic,-1.0155072212219238,-1.0823084115982056,0.02000310498822568,0.04039517790079117,0.2500018775463104,0.0,True
2,15,16,random_baseline,0.40835702419281006,0.43601691722869873,0.01919305238277477,0.039558086544275284,0.2500019371509552,0.0,True
2,15,17,random_baseline,-0.2923804521560669,-0.31695377826690674,0.0,0.019724423065781593,0.250003844499588,0.0,True
2,15,18,random_baseline,-0.3032035231590271,-0.3034015893936157,0.0,0.019724423065781593,0.250003844499588,0.0,True
2,15,19,random_baseline,0.002906929701566696,-0.0133734829723835,0.10786137615242929,0.0823306143283844,0.39330440759658813,0.0,True
2,15,20,random_baseline,0.006655346602201462,-0.014560330659151077,0.040392550495411565,0.06146517023444176,0.2500011622905731,0.0,True
2,15,21,random_baseline,-0.4298441708087921,-0.5033015012741089,0.019372181195163218,0.03974319249391556,0.2500019073486328,0.0,True
2,15,22,random_baseline,0.49863100051879883,0.5424915552139282,0.0,0.019724423065781593,0.250003844499588,0.0,True
2,15,23,random_baseline,-0.18760539591312408,-0.30342233180999756,0.07398071401572243,0.06008339300751686,0.4472504258155823,0.0,True
2,15,24,random_baseline,0.252113938331604,0.2701672315597534,0.019646077085975874,0.0400262326002121,0.2500019073486328,0.0,True
2,15,25,random_baseline,-0.2567025423049927,-0.20103178918361664,0.7215014537042583,0.14393389225006104,0.8140361905097961,0.0,True
2,15,26,random_baseline,-0.19681201875209808,-0.2157035917043686,0.0,0.019724423065781593,0.250003844499588,0.0,True
2,15,27,random_baseline,-1.2363542318344116,-1.3671892881393433,0.0,0.019724423065781593,0.250003844499588,0.0,True
2,15,28,random_baseline,0.11485828459262848,0.09625042974948883,0.29026005534797694,0.12309317290782928,0.4486358165740967,0.0,True
2,15,29,random_baseline,0.2615610361099243,0.30357348918914795,0.6463059007262184,0.12290413677692413,0.8900965452194214,0.0,True
2,15,30,random_baseline,0.589017391204834,0.5973461866378784,0.07883797379948394,0.10119380056858063,0.2500006854534149,0.0,True
2,15,31,random_baseline,0.1727694422006607,0.26724326610565186,0.05391382957245211,0.05955719202756882,0.4499933123588562,0.0,True
2,16,0,deterministic_actor,0.23712573945522308,0.25980907678604126,0.0,0.06049196794629097,0.4460287094116211,0.0,True
2,16,1,actor_stochastic,0.08641339838504791,0.05792726203799248,-3.3333333333333335,0.06049196794629097,0.4460287094116211,0.125,True
2,16,2,actor_stochastic,-0.46291136741638184,-0.45575034618377686,0.0,0.06049196794629097,0.4460287094116211,0.0,True
2,16,3,actor_stochastic,-0.26273882389068604,-0.22437869012355804,0.0,0.06049196794629097,0.4460287094116211,0.0,True
2,16,4,actor_stochastic,0.0841759592294693,0.12194909155368805,0.10916261638851196,0.10220326483249664,0.6888594031333923,0.0,True
2,16,5,actor_stochastic,-0.13700823485851288,-0.17196522653102875,0.0,0.06049196794629097,0.4460287094116211,0.0,True
2,16,6,actor_stochastic,0.16756834089756012,0.17214860022068024,0.0,0.06049196794629097,0.4460287094116211,0.0,True
2,16,7,actor_stochastic,0.13235963881015778,0.1468762308359146,0.0,0.06049196794629097,0.4460287094116211,0.0,True
2,16,8,actor_stochastic,-0.2666574716567993,-0.22220478951931,0.10543169361345098,0.10079596936702728,0.6910598874092102,0.0,True
2,16,9,actor_stochastic,-0.2479790300130844,-0.2528020143508911,0.0,0.06049196794629097,0.4460287094116211,0.0,True
2,16,10,actor_stochastic,0.019383322447538376,0.030125509947538376,0.0,0.06049196794629097,0.4460287094116211,0.0,True
2,16,11,actor_stochastic,-0.04510222375392914,0.003617178648710251,0.03841412998043983,0.08034443855285645,0.4998924732208252,0.0,True
2,16,12,actor_stochastic,1.0826351642608643,1.2744420766830444,0.0,0.06049196794629097,0.4460287094116211,0.0,True
2,16,13,actor_stochastic,-0.20915961265563965,-0.15319405496120453,0.10517283817508502,0.10068026185035706,0.6912257075309753,0.0,True
2,16,14,actor_stochastic,-0.32701754570007324,-0.3760758638381958,0.0,0.06049196794629097,0.4460287094116211,0.0,True
2,16,15,actor_stochastic,0.09986890852451324,0.10418881475925446,0.0,0.06049196794629097,0.4460287094116211,0.0,True
2,16,16,random_baseline,-0.5283064246177673,-0.5810482501983643,0.0,0.06049196794629097,0.4460287094116211,0.0,True
2,16,17,random_baseline,0.11126632988452911,0.11812891066074371,0.11009797610445284,0.10252341628074646,0.688313901424408,0.0,True
2,16,18,random_baseline,0.39264976978302,0.2982372045516968,0.10743800552735322,0.10157551616430283,0.6898818016052246,0.0,True
2,16,19,random_baseline,-0.28590571880340576,-0.31145453453063965,0.07530036778930733,0.10115300118923187,0.5623423457145691,0.0,True
2,16,20,random_baseline,0.7013338804244995,0.7764185667037964,0.09932183223423491,0.12233496457338333,0.49063360691070557,0.0,True
2,16,21,random_baseline,-0.11538134515285492,-0.10893355309963226,0.0,0.06049196794629097,0.4460287094116211,0.0,True
2,16,22,random_baseline,0.7240573167800903,0.7494162321090698,0.0,0.06049196794629097,0.4460287094116211,0.0,True
2,16,23,random_baseline,-0.5931690335273743,-0.5208603143692017,0.27854452805433744,0.10100404918193817,0.888137698173523,0.0,True
2,16,24,random_baseline,0.048390522599220276,0.16330327093601227,0.10036174374386712,0.1219998449087143,0.500529408454895,0.0,True
2,16,25,random_baseline,-0.3268510103225708,-0.19197283685207367,0.0510547016252574,0.08045704662799835,0.6606404781341553,0.0,True
2,16,26,random_baseline,-0.15509210526943207,-0.1635495275259018,0.0,0.06049196794629097,0.4460287094116211,0.0,True
2,16,27,random_baseline,-0.40288233757019043,-0.40866053104400635,0.06952203775765657,0.10141175985336304,0.48033562302589417,0.0,True
2,16,28,random_baseline,-1.5073667764663696,-1.5816775560379028,0.0,0.06049196794629097,0.4460287094116211,0.0,True
2,16,29,random_baseline,-0.21353119611740112,-0.18317900598049164,0.4248433989152212,0.1637939214706421,0.719382107257843,0.0,True
2,16,30,random_baseline,0.19165296852588654,0.18454565107822418,0.0,0.06049196794629097,0.4460287094116211,0.0,True
2,16,31,random_baseline,-0.9779560565948486,-1.099368691444397,0.0,0.06049196794629097,0.4460287094116211,0.0,True
2,17,0,deterministic_actor,0.38139772415161133,0.41688060760498047,0.0,0.06049196794629097,0.44602930545806885,0.0,True
2,17,1,actor_stochastic,-0.142567977309227,-0.1341162770986557,0.05137522776371537,0.08056407421827316,0.6612429022789001,0.0,True
2,17,2,actor_stochastic,-0.056007251143455505,-0.03041611984372139,0.0,0.06049196794629097,0.44602930545806885,0.0,True
2,17,3,actor_stochastic,-0.5187238454818726,-0.47852206230163574,0.0,0.06049196794629097,0.44602930545806885,0.0,True
2,17,4,actor_stochastic,-0.3002837896347046,-0.28282129764556885,0.0,0.06049196794629097,0.44602930545806885,0.0,True
2,17,5,actor_stochastic,-0.18197689950466156,-0.277962327003479,0.05414954177128861,0.08149033784866333,0.6662074327468872,0.0,True
2,17,6,actor_stochastic,0.05852748081088066,0.0674361139535904,0.0,0.06049196794629097,0.44602930545806885,0.0,True
2,17,7,actor_stochastic,0.13160456717014313,0.1481083780527115,0.05134043561416852,0.08055245131254196,0.6611778140068054,0.0,True
2,17,8,actor_stochastic,-0.27583906054496765,-0.28312063217163086,0.0,0.06049196794629097,0.44602930545806885,0.0,True
2,17,9,actor_stochastic,-0.17867885529994965,-0.17297087609767914,0.0,0.06049196794629097,0.44602930545806885,0.0,True
2,17,10,actor_stochastic,0.5015856623649597,0.5363320112228394,0.0,0.06049196794629097,0.44602930545806885,0.0,True
2,17,11,actor_stochastic,-0.33187949657440186,-0.3749734163284302,0.0,0.06049196794629097,0.44602930545806885,0.0,True
2,17,12,actor_stochastic,0.38970544934272766,0.3012787103652954,0.053601736146632974,0.08130744099617004,0.6652619242668152,0.0,True
2,17,13,actor_stochastic,0.033500444144010544,0.06902636587619781,0.10779835344970899,0.10173524916172028,0.689628005027771,0.0,True
2,17,14,actor_stochastic,-0.7941755056381226,-0.9703565835952759,0.0,0.06049196794629097,0.44602930545806885,0.0,True
2,17,15,actor_stochastic,-0.00299917533993721,0.0031699053943157196,0.0,0.06049196794629097,0.44602930545806885,0.0,True
2,17,16,random_baseline,0.3550741672515869,0.39788615703582764,0.05356499674415393,0.08129517734050751,0.6651978492736816,0.0,True
2,17,17,random_baseline,-0.9443261623382568,-1.0392225980758667,0.0,0.06049196794629097,0.44602930545806885,0.0,True
2,17,18,random_baseline,-0.4026895761489868,-0.41653454303741455,0.0,0.06049196794629097,0.44602930545806885,0.0,True
2,17,19,random_baseline,0.2910664975643158,0.31510984897613525,0.05279181735714186,0.08103705197572708,0.66383296251297,0.0,True
2,17,20,random_baseline,-0.0624384731054306,-0.056773293763399124,0.0,0.06049196794629097,0.44602930545806885,0.0,True
2,17,21,random_baseline,-0.642216682434082,-0.6645499467849731,0.0,0.06049196794629097,0.44602930545806885,0.0,True
2,17,22,random_baseline,-0.02910493314266205,-0.008804429322481155,0.0,0.06049196794629097,0.44602930545806885,0.0,True
2,17,23,random_baseline,-0.5474193096160889,-0.7212961912155151,0.0,0.06049196794629097,0.44602930545806885,0.0,True
2,17,24,random_baseline,-0.21696434915065765,-0.21821509301662445,0.0,0.06049196794629097,0.44602930545806885,0.0,True
2,17,25,random_baseline,0.2660052180290222,0.26267874240875244,0.0,0.06049196794629097,0.44602930545806885,0.0,True
2,17,26,random_baseline,-0.8202365636825562,-0.9916924834251404,0.0,0.06049196794629097,0.44602930545806885,0.0,True
2,17,27,random_baseline,-0.047083958983421326,-0.1442929357290268,0.055363607831079624,0.08189573884010315,0.668242871761322,0.0,True
2,17,28,random_baseline,-0.14965377748012543,-0.16774950921535492,0.0,0.06049196794629097,0.44602930545806885,0.0,True
2,17,29,random_baseline,-0.3123696446418762,-0.44792330265045166,0.0,0.06049196794629097,0.44602930545806885,0.0,True
2,17,30,random_baseline,-0.12073765695095062,-0.18316470086574554,0.0,0.06049196794629097,0.44602930545806885,0.0,True
2,17,31,random_baseline,-0.2213273048400879,-0.3188382387161255,0.0,0.06049196794629097,0.44602930545806885,0.0,True
2,18,0,deterministic_actor,0.11315260827541351,0.11219324171543121,0.08065717985477369,0.10307373106479645,0.2500007152557373,0.0,True
2,18,1,actor_stochastic,0.037294283509254456,-0.08004485070705414,0.0,0.019724423065781593,0.250003844499588,0.0,True
2,18,2,actor_stochastic,0.32200324535369873,0.19265832006931305,0.020200384320540197,0.0405990406870842,0.2500018775463104,0.0,True
2,18,3,actor_stochastic,0.38087356090545654,0.34310901165008545,0.07413676880373302,0.060189660638570786,0.4469316005706787,0.0,True
2,18,4,actor_stochastic,0.8770522475242615,0.9101998805999756,0.0,0.019724423065781593,0.250003844499588,0.0,True
2,18,5,actor_stochastic,-0.004458297044038773,0.0033999793231487274,0.07868469107829566,0.10103539377450943,0.2500007152557373,0.0,True
2,18,6,actor_stochastic,-0.079840287566185,-0.13512669503688812,0.09418820442516213,0.08090522885322571,0.4999944865703583,0.0,True
2,18,7,actor_stochastic,0.14864099025726318,0.07638062536716461,0.019549138958962566,0.039926059544086456,0.2500019073486328,0.0,True
2,18,8,actor_stochastic,0.20988477766513824,0.21830834448337555,0.02029488838138825,0.040696702897548676,0.2500018775463104,0.0,True
2,18,9,actor_stochastic,-0.07246612012386322,-0.11437879502773285,0.0,0.019724423065781593,0.250003844499588,0.0,True
2,18,10,actor_stochastic,0.08461292088031769,0.11483491957187653,0.0,0.019724423065781593,0.250003844499588,0.0,True
2,18,11,actor_stochastic,-0.0998225063085556,-0.08268319070339203,0.0,0.019724423065781593,0.250003844499588,0.0,True
2,18,12,actor_stochastic,-0.3502733111381531,-0.3745986223220825,0.019352710973012957,0.039723075926303864,0.2500019073486328,0.0,True
2,18,13,actor_stochastic,0.2473294734954834,0.21640433371067047,0.0,0.019724423065781593,0.250003844499588,0.0,True
2,18,14,actor_stochastic,0.16416825354099274,0.2018383890390396,0.0,0.019724423065781593,0.250003844499588,0.0,True
2,18,15,actor_stochastic,0.017295490950345993,0.03446091338992119,0.10507011135422469,0.08034694939851761,0.3971099555492401,0.0,True
2,18,16,random_baseline,-0.37975120544433594,-0.3506394624710083,0.0,0.019724423065781593,0.250003844499588,0.0,True
2,18,17,random_baseline,-0.1085873693227768,-0.12460528314113617,0.058852041090374785,0.08054079115390778,0.25000086426734924,0.0,True
2,18,18,random_baseline,0.026620041579008102,0.06112564727663994,0.0762765113797535,0.06152086704969406,0.4429818093776703,0.0,True
2,18,19,random_baseline,0.10331739485263824,0.05811966583132744,0.0,0.019724423065781593,0.250003844499588,0.0,True
2,18,20,random_baseline,-0.25454115867614746,-0.20368729531764984,0.07400159161262226,0.06011229008436203,0.44716379046440125,0.0,True
2,18,21,random_baseline,-0.2923929691314697,-0.22607098519802094,0.0,0.019724423065781593,0.250003844499588,0.0,True
2,18,22,random_baseline,-0.3767598867416382,-0.3482586145401001,0.0,0.019724423065781593,0.250003844499588,0.0,True
2,18,23,random_baseline,-0.009528864175081253,0.01076425239443779,0.0,0.019724423065781593,0.250003844499588,0.0,True
2,18,24,random_baseline,-0.4539073705673218,-0.41321003437042236,0.07455839289981658,0.06043877452611923,0.44618627429008484,0.0,True
2,18,25,random_baseline,-0.01831875741481781,0.038940321654081345,0.1361504599652387,0.10252414643764496,0.36271369457244873,0.0,True
2,18,26,random_baseline,-0.13883934915065765,-0.11590968072414398,0.3094527708836805,0.10286978632211685,0.6878334879875183,0.0,True
2,18,27,random_baseline,0.12242855131626129,0.1106342226266861,0.04037590655861906,0.06144796684384346,0.2500011622905731,0.0,True
2,18,28,random_baseline,-0.12068544328212738,-0.19269190728664398,0.44583009042986366,0.16429729759693146,0.4730203151702881,0.0,True
2,18,29,random_baseline,-0.04572843387722969,-0.041972268372774124,0.09441846247005109,0.08029048144817352,0.49990442395210266,0.0,True
2,18,30,random_baseline,-0.3562333583831787,-0.35409510135650635,0.0,0.019724423065781593,0.250003844499588,0.0,True
2,18,31,random_baseline,0.8422789573669434,0.8710116147994995,0.0,0.019724423065781593,0.250003844499588,0.0,True
2,19,0,deterministic_actor,0.03437256067991257,0.025531869381666183,0.05760416227543232,0.15947936475276947,0.25000080466270447,0.0,True
2,19,1,actor_stochastic,-0.45386040210723877,-0.39222538471221924,0.09880269552537962,0.16135823726654053,0.4730073809623718,0.0,True
2,19,2,actor_stochastic,-0.2448810189962387,-0.2560797929763794,0.0,0.09995253384113312,0.25000131130218506,0.0,True
2,19,3,actor_stochastic,-0.5471327304840088,-0.6209689378738403,0.0,0.09995253384113312,0.25000131130218506,0.0,True
2,19,4,actor_stochastic,0.018041979521512985,0.0352252833545208,0.0,0.09995253384113312,0.25000131130218506,0.0,True
2,19,5,actor_stochastic,0.07847917824983597,0.042559992522001266,0.0,0.09995253384113312,0.25000131130218506,0.0,True
2,19,6,actor_stochastic,-0.44755834341049194,-0.4078329801559448,0.0,0.09995253384113312,0.25000131130218506,0.0,True
2,19,7,actor_stochastic,-0.23191659152507782,-0.2506369352340698,0.0,0.09995253384113312,0.25000131130218506,0.0,True
2,19,8,actor_stochastic,-0.31087517738342285,-0.3801161050796509,0.019800293058125133,0.12041370570659637,0.25000107288360596,0.0,True
2,19,9,actor_stochastic,-0.19010698795318604,-0.11641274392604828,0.026719547191680015,0.1199040561914444,0.3459817171096802,0.0,True
2,19,10,actor_stochastic,0.045858874917030334,-0.025232423096895218,0.019881842349761942,0.12049797177314758,0.25000107288360596,0.0,True
2,19,11,actor_stochastic,0.3210763931274414,0.23493660986423492,0.0,0.09995253384113312,0.25000131130218506,0.0,True
2,19,12,actor_stochastic,0.015493527054786682,-0.0662909597158432,0.06031483641185001,0.16228051483631134,0.2500007748603821,0.0,True
2,19,13,actor_stochastic,-0.06784532964229584,-0.14159069955348969,0.019977749171016135,0.12059708684682846,0.25000107288360596,0.0,True
2,19,14,actor_stochastic,-0.06314776837825775,-0.06281410157680511,0.0,0.09995253384113312,0.25000131130218506,0.0,True
2,19,15,actor_stochastic,0.01706935465335846,-0.07513724267482758,0.0,0.09995253384113312,0.25000131130218506,0.0,True
2,19,16,random_baseline,0.4355887770652771,0.47297751903533936,0.0,0.09995253384113312,0.25000131130218506,0.0,True
2,19,17,random_baseline,0.11421872675418854,0.18634523451328278,0.0,0.09995253384113312,0.25000131130218506,0.0,True
2,19,18,random_baseline,0.020221363753080368,0.03178204223513603,0.06260898299451498,0.14157834649085999,0.42745262384414673,0.0,True
2,19,19,random_baseline,0.15923728048801422,0.1297835260629654,0.0790064884683717,0.16179585456848145,0.40440064668655396,0.0,True
2,19,20,random_baseline,0.33904027938842773,0.37742602825164795,0.0,0.09995253384113312,0.25000131130218506,0.0,True
2,19,21,random_baseline,-0.4263397455215454,-0.43185245990753174,0.02059225513011471,0.12123209983110428,0.25000104308128357,0.0,True
2,19,22,random_baseline,-0.0554233081638813,-0.05839954689145088,0.020804747952754953,0.12145169079303741,0.25000104308128357,0.0,True
2,19,23,random_baseline,-0.8309510946273804,-0.9077671766281128,0.0,0.09995253384113312,0.25000131130218506,0.0,True
2,19,24,random_baseline,-0.006226528435945511,-0.02724229171872139,0.0,0.09995253384113312,0.25000131130218506,0.0,True
2,19,25,random_baseline,-0.24878275394439697,-0.24688826501369476,0.0,0.09995253384113312,0.25000131130218506,0.0,True
2,19,26,random_baseline,0.17616303265094757,0.11866535246372223,0.0,0.09995253384113312,0.25000131130218506,0.0,True
2,19,27,random_baseline,0.14530695974826813,0.16936959326267242,0.0,0.09995253384113312,0.25000131130218506,0.0,True
2,19,28,random_baseline,-0.38101890683174133,-0.44259440898895264,0.0,0.09995253384113312,0.25000131130218506,0.0,True
2,19,29,random_baseline,-0.1395479291677475,-0.13142214715480804,0.0,0.09995253384113312,0.25000131130218506,0.0,True
2,19,30,random_baseline,-0.9884737730026245,-1.119009017944336,0.019219417587612083,0.11981344223022461,0.25000107288360596,0.0,True
2,19,31,random_baseline,0.13040675222873688,0.08484448492527008,0.0455967616089331,0.14057214558124542,0.3309907913208008,0.0,True
