seed,state_id,candidate_id,candidate_type,predicted_q_mean,predicted_q_last,cumulative_reward,TotalThroughput,FairIdx,ProbCollision,finite_check
0,0,0,deterministic_actor,0.16115990281105042,0.1781800091266632,0.5043200797515671,0.14297719299793243,0.6400175094604492,0.0,True
0,0,1,actor_stochastic,0.018293529748916626,0.01579144597053528,0.15066362446537515,0.08274351060390472,0.403786838054657,0.0,True
0,0,2,actor_stochastic,0.35356810688972473,0.36492040753364563,0.04053201902592266,0.0406862273812294,0.49954044818878174,0.0,True
0,0,3,actor_stochastic,-0.002624005079269409,-0.004898279905319214,0.1508984899321902,0.0829211175441742,0.40183785557746887,0.0,True
0,0,4,actor_stochastic,0.07278874516487122,0.10192850232124329,0.07617910951122435,0.06145748868584633,0.44316795468330383,0.0,True
0,0,5,actor_stochastic,0.5330212116241455,0.5507767200469971,0.25378095259678757,0.08250099420547485,0.6601393222808838,0.0,True
0,0,6,actor_stochastic,0.23115989565849304,0.23894479870796204,0.03843613578431105,0.039584189653396606,0.49999672174453735,0.0,True
0,0,7,actor_stochastic,0.26476553082466125,0.26291635632514954,0.0,0.019724423065781593,0.250003844499588,0.0,True
0,0,8,actor_stochastic,0.07756736874580383,0.1438935101032257,0.15052605704436184,0.08069402724504471,0.6627486348152161,0.0,True
0,0,9,actor_stochastic,0.12194719910621643,0.15511825680732727,0.0763455119644019,0.0615658164024353,0.44284990429878235,0.0,True
0,0,10,actor_stochastic,0.2516503632068634,0.27833059430122375,0.09802317603047932,0.06032522767782211,0.7498252391815186,0.0,True
0,0,11,actor_stochastic,0.3896022140979767,0.43754783272743225,0.038431899817031996,0.03958192840218544,0.4999969005584717,0.0,True
0,0,12,actor_stochastic,0.08104851841926575,0.09842374920845032,0.07636242122594228,0.06157682463526726,0.4428176283836365,0.0,True
0,0,13,actor_stochastic,0.3385260999202728,0.37072089314460754,0.46029676080548637,0.10240186750888824,0.6885114312171936,0.0,True
0,0,14,actor_stochastic,0.3228222131729126,0.3477497398853302,0.07635123375026903,0.06157059967517853,0.44283589720726013,0.0,True
0,0,15,actor_stochastic,0.21693065762519836,0.23577001690864563,0.05674193528869145,0.0611734539270401,0.45496469736099243,0.0,True
0,0,16,random_baseline,0.1504000723361969,0.18806293606758118,0.13540968480504267,0.10194867849349976,0.36341696977615356,0.0,True
0,0,17,random_baseline,-0.10201624035835266,-0.08399078249931335,0.0602209702839827,0.08195541799068451,0.25000086426734924,0.0,True
0,0,18,random_baseline,-0.0011083781719207764,0.054873257875442505,0.07638881296325438,0.06159403175115585,0.4427672028541565,0.0,True
0,0,19,random_baseline,0.16030123829841614,0.17504146695137024,0.0,0.019724423065781593,0.250003844499588,0.0,True
0,0,20,random_baseline,-0.017529696226119995,0.016785889863967896,0.1082866132794273,0.08265215903520584,0.39270347356796265,0.0,True
0,0,21,random_baseline,0.02755078673362732,0.0604269802570343,0.13584020304810918,0.10228482633829117,0.36300522089004517,0.0,True
0,0,22,random_baseline,-0.07867851853370667,-0.08523508906364441,0.04085342881114963,0.06194143742322922,0.25000113248825073,0.0,True
0,0,23,random_baseline,0.14786717295646667,0.16516521573066711,0.29523065378892777,0.10260062664747238,0.5567375421524048,0.0,True
0,0,24,random_baseline,-0.1453683078289032,-0.12572214007377625,0.01953663870258028,0.03991314396262169,0.2500019073486328,0.0,True
0,0,25,random_baseline,0.23756256699562073,0.2515871822834015,0.07306457073304254,0.05949067696928978,0.449038028717041,0.0,True
0,0,26,random_baseline,0.18043449521064758,0.2056901752948761,0.2479787133445961,0.10034643113613129,0.561893105506897,0.0,True
0,0,27,random_baseline,0.000833660364151001,0.01836565136909485,0.020083821390871347,0.04047859087586403,0.2500018775463104,0.0,True
0,0,28,random_baseline,-0.036971479654312134,-0.011274069547653198,0.0402336555790129,0.06130097061395645,0.2500011622905731,0.0,True
0,0,29,random_baseline,0.005656033754348755,0.021237164735794067,0.0385468684910419,0.039641644805669785,0.49999070167541504,0.0,True
0,0,30,random_baseline,0.013604700565338135,0.013900905847549438,0.291168864131757,0.1231292188167572,0.4487125277519226,0.0,True
0,0,31,random_baseline,-0.020960181951522827,0.02035406231880188,0.019772150177477087,0.04015651345252991,0.2500019073486328,0.0,True
0,1,0,deterministic_actor,0.09649261832237244,0.11035779118537903,0.0,0.040385838598012924,0.2500033974647522,0.0,True
0,1,1,actor_stochastic,-0.11233213543891907,-0.11102291941642761,0.0,0.040385838598012924,0.2500033974647522,0.0,True
0,1,2,actor_stochastic,-0.04487916827201843,-0.008572787046432495,0.0,0.040385838598012924,0.2500033974647522,0.0,True
0,1,3,actor_stochastic,0.12764820456504822,0.13014963269233704,0.0,0.040385838598012924,0.2500033974647522,0.0,True
0,1,4,actor_stochastic,0.16208353638648987,0.16593483090400696,0.04025871838541392,0.08198810368776321,0.2500016689300537,0.0,True
0,1,5,actor_stochastic,0.5756102800369263,0.5887982845306396,0.019568327706162913,0.060607198625802994,0.25000226497650146,0.0,True
0,1,6,actor_stochastic,0.20311561226844788,0.20310476422309875,0.0,0.040385838598012924,0.2500033974647522,0.0,True
0,1,7,actor_stochastic,0.009098976850509644,0.00264933705329895,0.0,0.040385838598012924,0.2500033974647522,0.0,True
0,1,8,actor_stochastic,0.300555020570755,0.28144338726997375,0.0,0.040385838598012924,0.2500033974647522,0.0,True
0,1,9,actor_stochastic,0.1951909363269806,0.17426207661628723,0.0,0.040385838598012924,0.2500033974647522,0.0,True
0,1,10,actor_stochastic,0.6625002026557922,0.6802375316619873,0.0,0.040385838598012924,0.2500033974647522,0.0,True
0,1,11,actor_stochastic,0.03190162777900696,0.07683542370796204,0.0,0.040385838598012924,0.2500033974647522,0.0,True
0,1,12,actor_stochastic,0.11439457535743713,0.17695501446723938,0.0,0.040385838598012924,0.2500033974647522,0.0,True
0,1,13,actor_stochastic,0.37615343928337097,0.37475040555000305,0.019593759660039237,0.06063345819711685,0.25000226497650146,0.0,True
0,1,14,actor_stochastic,0.33593109250068665,0.33959653973579407,0.01957832468122833,0.06061750650405884,0.25000226497650146,0.0,True
0,1,15,actor_stochastic,0.22858747839927673,0.23111942410469055,0.0,0.040385838598012924,0.2500033974647522,0.0,True
0,1,16,random_baseline,0.16402414441108704,0.16587737202644348,0.0,0.040385838598012924,0.2500033974647522,0.0,True
0,1,17,random_baseline,0.08390048146247864,0.0788901150226593,0.0,0.040385838598012924,0.2500033974647522,0.0,True
0,1,18,random_baseline,0.030806124210357666,0.03873065114021301,0.0,0.040385838598012924,0.2500033974647522,0.0,True
0,1,19,random_baseline,-0.038235753774642944,-0.06563112139701843,0.0,0.040385838598012924,0.2500033974647522,0.0,True
0,1,20,random_baseline,0.2278936207294464,0.2576353847980499,0.039908628148528,0.08162632584571838,0.2500016689300537,0.0,True
0,1,21,random_baseline,0.08328858017921448,0.12733343243598938,0.0,0.040385838598012924,0.2500033974647522,0.0,True
0,1,22,random_baseline,0.029117852449417114,0.042205601930618286,0.0,0.040385838598012924,0.2500033974647522,0.0,True
0,1,23,random_baseline,0.21098986268043518,0.22753551602363586,0.0,0.040385838598012924,0.2500033974647522,0.0,True
0,1,24,random_baseline,0.23565825819969177,0.2575700581073761,0.036742517160875315,0.06128866225481033,0.4541131854057312,0.0,True
0,1,25,random_baseline,0.3122616112232208,0.31171444058418274,0.04029002670566265,0.08202045410871506,0.2500016689300537,0.0,True
0,1,26,random_baseline,0.15813186764717102,0.14739683270454407,0.07636035400008061,0.08174373209476471,0.49993154406547546,0.0,True
0,1,27,random_baseline,0.08358249068260193,0.07781556248664856,0.0,0.040385838598012924,0.2500033974647522,0.0,True
0,1,28,random_baseline,-0.06717106699943542,-0.038257330656051636,0.0,0.040385838598012924,0.2500033974647522,0.0,True
0,1,29,random_baseline,0.19799569249153137,0.22011831402778625,0.03996189612921353,0.08168137073516846,0.2500016689300537,0.0,True
0,1,30,random_baseline,-0.05210116505622864,-0.07381150126457214,0.0,0.040385838598012924,0.2500033974647522,0.0,True
0,1,31,random_baseline,0.4189043343067169,0.41936662793159485,0.0,0.040385838598012924,0.2500033974647522,0.0,True
0,2,0,deterministic_actor,0.09262213110923767,0.10559943318367004,0.0,0.040385838598012924,0.2500041425228119,0.0,True
0,2,1,actor_stochastic,0.15388575196266174,0.1538713276386261,0.0,0.040385838598012924,0.2500041425228119,0.0,True
0,2,2,actor_stochastic,0.06997445225715637,0.06137922406196594,0.0,0.040385838598012924,0.2500041425228119,0.0,True
0,2,3,actor_stochastic,0.07239153981208801,0.07260873913764954,0.0,0.040385838598012924,0.2500041425228119,0.0,True
0,2,4,actor_stochastic,-0.08990827202796936,-0.06390377879142761,0.0,0.040385838598012924,0.2500041425228119,0.0,True
0,2,5,actor_stochastic,0.19166222214698792,0.20315149426460266,0.0,0.040385838598012924,0.2500041425228119,0.0,True
0,2,6,actor_stochastic,0.06739720702171326,0.0660577118396759,0.0,0.040385838598012924,0.2500041425228119,0.0,True
0,2,7,actor_stochastic,0.15464547276496887,0.14353111386299133,0.0,0.040385838598012924,0.2500041425228119,0.0,True
0,2,8,actor_stochastic,-0.12926527857780457,-0.1455824077129364,0.0,0.040385838598012924,0.2500041425228119,0.0,True
0,2,9,actor_stochastic,0.510966956615448,0.5309007167816162,0.0,0.040385838598012924,0.2500041425228119,0.0,True
0,2,10,actor_stochastic,0.23469629883766174,0.25277212262153625,0.0,0.040385838598012924,0.2500041425228119,0.0,True
0,2,11,actor_stochastic,0.5509822368621826,0.5513150691986084,0.0,0.040385838598012924,0.2500041425228119,0.0,True
0,2,12,actor_stochastic,0.44762614369392395,0.4595315754413605,0.0,0.040385838598012924,0.2500041425228119,0.0,True
0,2,13,actor_stochastic,0.2654081881046295,0.2559364140033722,0.0,0.040385838598012924,0.2500041425228119,0.0,True
0,2,14,actor_stochastic,0.42877915501594543,0.43915966153144836,0.0,0.040385838598012924,0.2500041425228119,0.0,True
0,2,15,actor_stochastic,0.122324138879776,0.15590313076972961,0.0,0.040385838598012924,0.2500041425228119,0.0,True
0,2,16,random_baseline,0.15132132172584534,0.13866356015205383,0.0,0.040385838598012924,0.2500041425228119,0.0,True
0,2,17,random_baseline,0.3160443603992462,0.3141515552997589,0.0,0.040385838598012924,0.2500041425228119,0.0,True
0,2,18,random_baseline,-0.057556480169296265,-0.06553336977958679,0.0,0.040385838598012924,0.2500041425228119,0.0,True
0,2,19,random_baseline,0.177963525056839,0.19382742047309875,0.0,0.040385838598012924,0.2500041425228119,0.0,True
0,2,20,random_baseline,0.22451642155647278,0.23626592755317688,0.0,0.040385838598012924,0.2500041425228119,0.0,True
0,2,21,random_baseline,0.19488421082496643,0.2232692539691925,0.0,0.040385838598012924,0.2500041425228119,0.0,True
0,2,22,random_baseline,0.06072679162025452,0.0667736828327179,0.0,0.040385838598012924,0.2500041425228119,0.0,True
0,2,23,random_baseline,0.13634231686592102,0.1269223988056183,0.0,0.040385838598012924,0.2500041425228119,0.0,True
0,2,24,random_baseline,0.0229017436504364,-0.00777551531791687,0.0,0.040385838598012924,0.2500041425228119,0.0,True
0,2,25,random_baseline,-0.0496901273727417,-0.08256098628044128,0.0,0.040385838598012924,0.2500041425228119,0.0,True
0,2,26,random_baseline,0.2419680655002594,0.2214992344379425,0.0,0.040385838598012924,0.2500041425228119,0.0,True
0,2,27,random_baseline,0.21315184235572815,0.23174551129341125,0.034812565709410236,0.06041513383388519,0.44902509450912476,0.0,True
0,2,28,random_baseline,0.04896286129951477,0.06833723187446594,0.0,0.040385838598012924,0.2500041425228119,0.0,True
0,2,29,random_baseline,0.1862063705921173,0.20072439312934875,0.0,0.040385838598012924,0.2500041425228119,0.0,True
0,2,30,random_baseline,0.24551406502723694,0.275267630815506,0.0,0.040385838598012924,0.2500041425228119,0.0,True
0,2,31,random_baseline,0.19743523001670837,0.231843501329422,0.0,0.040385838598012924,0.2500041425228119,0.0,True
0,3,0,deterministic_actor,0.16115990281105042,0.1781800091266632,0.5043200797515671,0.14297719299793243,0.6400175094604492,0.0,True
0,3,1,actor_stochastic,0.23061862587928772,0.2678578197956085,0.07455779995668438,0.06039994955062866,0.44630223512649536,0.0,True
0,3,2,actor_stochastic,-0.06001827120780945,-0.038101404905319214,0.020386476177181454,0.0407913476228714,0.25000184774398804,0.0,True
0,3,3,actor_stochastic,0.025434762239456177,0.05069616436958313,0.0,0.019724423065781593,0.250003844499588,0.0,True
0,3,4,actor_stochastic,0.12302711606025696,0.1218898594379425,0.05694521788182301,0.06144002452492714,0.45423585176467896,0.0,True
0,3,5,actor_stochastic,-0.17101529240608215,-0.154983252286911,0.020687199860761406,0.041102103888988495,0.25000184774398804,0.0,True
0,3,6,actor_stochastic,0.2119627296924591,0.21573999524116516,0.03825711310182175,0.03949148207902908,0.5000020265579224,0.0,True
0,3,7,actor_stochastic,0.23397937417030334,0.2407400906085968,0.18006989158308362,0.10110922157764435,0.4792286157608032,0.0,True
0,3,8,actor_stochastic,-0.05546543002128601,-0.035743921995162964,0.019913907422335033,0.04030299931764603,0.2500018775463104,0.0,True
0,3,9,actor_stochastic,-0.0706309974193573,-0.04666826128959656,0.0,0.019724423065781593,0.250003844499588,0.0,True
0,3,10,actor_stochastic,-0.2089056670665741,-0.1806623637676239,0.0,0.019724423065781593,0.250003844499588,0.0,True
0,3,11,actor_stochastic,0.14578953385353088,0.14576271176338196,0.05661996434850948,0.06121893972158432,0.4539373219013214,0.0,True
0,3,12,actor_stochastic,0.4906935691833496,0.5042531490325928,0.2545587140268368,0.0823715478181839,0.6610579490661621,0.0,True
0,3,13,actor_stochastic,0.10894110798835754,0.12761715054512024,0.07357496095390498,0.05984513461589813,0.4479672908782959,0.0,True
0,3,14,actor_stochastic,0.3487006723880768,0.34560850262641907,0.29756252147563894,0.08300507813692093,0.657680332660675,0.0,True
0,3,15,actor_stochastic,0.3199150860309601,0.3303516209125519,0.0995455540616394,0.060712240636348724,0.7495225667953491,0.0,True
0,3,16,random_baseline,-0.11607211828231812,-0.11363658308982849,0.28929435170956663,0.1230354756116867,0.4491759240627289,0.0,True
0,3,17,random_baseline,-0.02205035090446472,0.02070501446723938,0.07428332727294157,0.060262419283390045,0.44671356678009033,0.0,True
0,3,18,random_baseline,-0.09619686007499695,-0.07650110125541687,0.019882432985722422,0.040270477533340454,0.2500018775463104,0.0,True
0,3,19,random_baseline,-0.03263995051383972,-0.009372919797897339,0.13660613330157506,0.10287877172231674,0.36228427290916443,0.0,True
0,3,20,random_baseline,0.36507800221443176,0.3734119236469269,0.30235440178076756,0.1018465906381607,0.6893824934959412,0.0,True
0,3,21,random_baseline,0.10414806008338928,0.1116354763507843,0.04050189659193833,0.04067016392946243,0.4995519518852234,0.0,True
0,3,22,random_baseline,-0.12177452445030212,-0.1124865710735321,0.10977182969568344,0.10104915499687195,0.48399606347084045,0.0,True
0,3,23,random_baseline,-0.09157145023345947,-0.07542094588279724,0.020722199655763114,0.04113827645778656,0.25000184774398804,0.0,True
0,3,24,random_baseline,0.07495120167732239,0.08548954129219055,0.0,0.019724423065781593,0.250003844499588,0.0,True
0,3,25,random_baseline,0.08758729696273804,0.09001973271369934,0.0,0.019724423065781593,0.250003844499588,0.0,True
0,3,26,random_baseline,0.17497220635414124,0.1667506992816925,0.20240401983317066,0.09979631006717682,0.6925609707832336,0.0,True
0,3,27,random_baseline,-0.0044761598110198975,-0.014645785093307495,0.0557646519554153,0.06067811697721481,0.45284274220466614,0.0,True
0,3,28,random_baseline,0.0971551239490509,0.11253097653388977,0.03848787180297409,0.039610959589481354,0.4999942481517792,0.0,True
0,3,29,random_baseline,-0.0997229516506195,-0.062265604734420776,0.019613760531685235,0.039992839097976685,0.2500019073486328,0.0,True
0,3,30,random_baseline,-0.20251807570457458,-0.182843416929245,0.019512166532139733,0.03988785296678543,0.2500019073486328,0.0,True
0,3,31,random_baseline,0.35743239521980286,0.3645055592060089,0.30113131929389236,0.10162718594074249,0.6895714998245239,0.0,True
0,4,0,deterministic_actor,-0.17106232047080994,-0.15583965182304382,0.0,0.03957061469554901,0.4999998211860657,0.0,True
0,4,1,actor_stochastic,-0.008692711591720581,-0.01570531725883484,0.035513851318436256,0.06008461117744446,0.44724804162979126,0.0,True
0,4,2,actor_stochastic,0.10886433720588684,0.140335351228714,0.05758353154590659,0.059405941516160965,0.7499966025352478,0.0,True
0,4,3,actor_stochastic,0.08044686913490295,0.11661222577095032,0.0658574277121895,0.07975661754608154,0.3982768952846527,0.0,True
0,4,4,actor_stochastic,-0.054483622312545776,-0.022348135709762573,0.08548688162591833,0.0791599452495575,0.6661205291748047,0.0,True
0,4,5,actor_stochastic,0.1352689564228058,0.15682247281074524,0.10930053911397024,0.07951397448778152,0.6644526124000549,0.0,True
0,4,6,actor_stochastic,0.13401535153388977,0.1512944996356964,0.05753616992482583,0.0593896210193634,0.7499970197677612,0.0,True
0,4,7,actor_stochastic,0.3290710747241974,0.3425605595111847,0.05757614398205719,0.059403397142887115,0.749996542930603,0.0,True
0,4,8,actor_stochastic,-0.026950448751449585,0.0006320774555206299,0.0,0.03957061469554901,0.4999998211860657,0.0,True
0,4,9,actor_stochastic,0.05090513825416565,0.04929044842720032,0.08593930185012863,0.0793643519282341,0.6663209199905396,0.0,True
0,4,10,actor_stochastic,-0.014654010534286499,0.025836974382400513,0.0,0.03957061469554901,0.4999998211860657,0.0,True
0,4,11,actor_stochastic,0.013629943132400513,0.022946149110794067,0.0,0.03957061469554901,0.4999998211860657,0.0,True
0,4,12,actor_stochastic,-0.06253242492675781,-0.0155392587184906,0.0,0.03957061469554901,0.4999998211860657,0.0,True
0,4,13,actor_stochastic,0.3034023344516754,0.3167865574359894,0.0574464809313587,0.059358708560466766,0.7499975562095642,0.0,True
0,4,14,actor_stochastic,0.225825697183609,0.22621563076972961,0.0,0.03957061469554901,0.4999998211860657,0.0,True
0,4,15,actor_stochastic,-0.23325499892234802,-0.22940465807914734,0.0,0.03957061469554901,0.4999998211860657,0.0,True
0,4,16,random_baseline,-0.1751626431941986,-0.11831638216972351,0.0,0.03957061469554901,0.4999998211860657,0.0,True
0,4,17,random_baseline,-0.2007492482662201,-0.18573352694511414,0.27015758970243137,0.14032286405563354,0.6433513760566711,0.0,True
0,4,18,random_baseline,0.12987175583839417,0.1229579746723175,0.0,0.03957061469554901,0.4999998211860657,0.0,True
0,4,19,random_baseline,-0.0670347511768341,-0.04924079775810242,0.0,0.03957061469554901,0.4999998211860657,0.0,True
0,4,20,random_baseline,-0.17672160267829895,-0.18948742747306824,0.1255394588324389,0.12354900687932968,0.34168124198913574,0.0,True
0,4,21,random_baseline,-0.07935699820518494,-0.02636966109275818,0.0,0.03957061469554901,0.4999998211860657,0.0,True
0,4,22,random_baseline,-0.06734058260917664,-0.09132024645805359,0.06680144162925439,0.08046583831310272,0.39687785506248474,0.0,True
0,4,23,random_baseline,-0.17636612057685852,-0.18394777178764343,0.0,0.03957061469554901,0.4999998211860657,0.0,True
0,4,24,random_baseline,0.019129306077957153,0.055530816316604614,0.0858509117943402,0.07955268025398254,0.6635814309120178,0.0,True
0,4,25,random_baseline,-0.06708064675331116,-0.08831474184989929,0.035992277982281315,0.06040578708052635,0.4462859630584717,0.0,True
0,4,26,random_baseline,0.14453890919685364,0.14403322339057922,0.13642460041625373,0.12234718352556229,0.49713531136512756,0.0,True
0,4,27,random_baseline,-0.12718740105628967,-0.14325186610221863,0.06712443644145341,0.08068805932998657,0.39644408226013184,0.0,True
0,4,28,random_baseline,0.3300062119960785,0.3734915554523468,0.0,0.03957061469554901,0.4999998211860657,0.0,True
0,4,29,random_baseline,-0.19459161162376404,-0.21301862597465515,0.09591855783673346,0.10110511630773544,0.3644634485244751,0.0,True
0,4,30,random_baseline,0.08551022410392761,0.08261933922767639,0.0,0.03957061469554901,0.4999998211860657,0.0,True
0,4,31,random_baseline,-0.10191592574119568,-0.07071086764335632,0.0,0.03957061469554901,0.4999998211860657,0.0,True
0,5,0,deterministic_actor,-0.2730638086795807,-0.2613527476787567,0.0,0.03957061469554901,0.5000008344650269,0.0,True
0,5,1,actor_stochastic,0.1942163109779358,0.1954297125339508,0.0,0.03957061469554901,0.5000008344650269,0.0,True
0,5,2,actor_stochastic,-0.07094916701316833,-0.06684991717338562,0.0,0.03957061469554901,0.5000008344650269,0.0,True
0,5,3,actor_stochastic,-0.034515708684921265,0.004397183656692505,0.0,0.03957061469554901,0.5000008344650269,0.0,True
0,5,4,actor_stochastic,0.028372913599014282,0.04957178235054016,0.0,0.03957061469554901,0.5000008344650269,0.0,True
0,5,5,actor_stochastic,0.012292295694351196,0.005160599946975708,0.0,0.03957061469554901,0.5000008344650269,0.0,True
0,5,6,actor_stochastic,0.16561463475227356,0.16455581784248352,0.0,0.03957061469554901,0.5000008344650269,0.0,True
0,5,7,actor_stochastic,0.08309021592140198,0.08747103810310364,0.0,0.03957061469554901,0.5000008344650269,0.0,True
0,5,8,actor_stochastic,-0.09753534197807312,-0.10212633013725281,0.06712194700316687,0.08067536354064941,0.39646926522254944,0.0,True
0,5,9,actor_stochastic,-0.06164547801017761,-0.05955049395561218,0.06724676960759553,0.0807565376162529,0.39631134271621704,0.0,True
0,5,10,actor_stochastic,0.07651382684707642,0.12045958638191223,0.0,0.03957061469554901,0.5000008344650269,0.0,True
0,5,11,actor_stochastic,0.010399669408798218,0.019604474306106567,0.0,0.03957061469554901,0.5000008344650269,0.0,True
0,5,12,actor_stochastic,0.13739702105522156,0.1409776508808136,0.0669335364389464,0.08052575588226318,0.39676108956336975,0.0,True
0,5,13,actor_stochastic,-0.18812748789787292,-0.18488594889640808,0.03446020290837951,0.059381987899541855,0.449369341135025,0.0,True
0,5,14,actor_stochastic,-0.0019711554050445557,-0.002023667097091675,0.03549263456729349,0.06007032096385956,0.44729164242744446,0.0,True
0,5,15,actor_stochastic,0.10871484875679016,0.09580209851264954,0.0,0.03957061469554901,0.5000008344650269,0.0,True
0,5,16,random_baseline,-0.07661518454551697,-0.07651826739311218,0.06632594968783795,0.08008526265621185,0.39762619137763977,0.0,True
0,5,17,random_baseline,-0.026779383420944214,-0.028933733701705933,0.0,0.03957061469554901,0.5000008344650269,0.0,True
0,5,18,random_baseline,0.13545843958854675,0.16511180996894836,0.0,0.03957061469554901,0.5000008344650269,0.0,True
0,5,19,random_baseline,-0.13460800051689148,-0.13962337374687195,0.06718275020669193,0.08072573691606522,0.3963712155818939,0.0,True
0,5,20,random_baseline,-0.39144033193588257,-0.3958267271518707,0.0,0.03957061469554901,0.5000008344650269,0.0,True
0,5,21,random_baseline,-0.0766090452671051,-0.0657026469707489,0.0,0.03957061469554901,0.5000008344650269,0.0,True
0,5,22,random_baseline,-0.26921045780181885,-0.2761770188808441,0.0,0.03957061469554901,0.5000008344650269,0.0,True
0,5,23,random_baseline,0.14342764019966125,0.16005542874336243,0.0,0.03957061469554901,0.5000008344650269,0.0,True
0,5,24,random_baseline,-0.10944150388240814,-0.12348631024360657,0.0,0.03957061469554901,0.5000008344650269,0.0,True
0,5,25,random_baseline,0.06334421038627625,0.07539060711860657,0.0,0.03957061469554901,0.5000008344650269,0.0,True
0,5,26,random_baseline,-0.053929418325424194,-0.06571361422538757,0.0,0.03957061469554901,0.5000008344650269,0.0,True
0,5,27,random_baseline,-0.0634748637676239,-0.022902697324752808,0.0,0.03957061469554901,0.5000008344650269,0.0,True
0,5,28,random_baseline,0.0022203028202056885,0.0011582672595977783,0.03494023997808556,0.05970124900341034,0.4484030604362488,0.0,True
0,5,29,random_baseline,0.007464557886123657,0.0030677616596221924,0.06819765428204441,0.08146099746227264,0.39495277404785156,0.0,True
0,5,30,random_baseline,-0.014063805341720581,-0.021183699369430542,0.03434229489759755,0.059303779155015945,0.449606716632843,0.0,True
0,5,31,random_baseline,-0.04978285729885101,-0.035358279943466187,0.0,0.03957061469554901,0.5000008344650269,0.0,True
0,6,0,deterministic_actor,0.16115990281105042,0.1781800091266632,0.5043200797515671,0.14297719299793243,0.6400175094604492,0.0,True
0,6,1,actor_stochastic,0.4506799876689911,0.4629252254962921,0.25018830323728647,0.0820033997297287,0.6569987535476685,0.0,True
0,6,2,actor_stochastic,0.3042736351490021,0.3277585804462433,0.0746434352494384,0.06047188863158226,0.44608739018440247,0.0,True
0,6,3,actor_stochastic,0.10531619191169739,0.1715276539325714,0.1497353385379297,0.08033859729766846,0.6657841205596924,0.0,True
0,6,4,actor_stochastic,-0.05146166682243347,-0.04547426104545593,0.09674313870250908,0.08183068037033081,0.49978238344192505,0.0,True
0,6,5,actor_stochastic,0.124848872423172,0.14733532071113586,0.038431800608648016,0.039581917226314545,0.4999969005584717,0.0,True
0,6,6,actor_stochastic,0.2649766504764557,0.3186805546283722,0.07621927275653681,0.06148361787199974,0.4430912137031555,0.0,True
0,6,7,actor_stochastic,0.2208360731601715,0.2287595570087433,0.040789393260044,0.040823742747306824,0.49943605065345764,0.0,True
0,6,8,actor_stochastic,0.11789396405220032,0.12952879071235657,0.20910394730144885,0.12411849200725555,0.34755319356918335,0.0,True
0,6,9,actor_stochastic,0.12744322419166565,0.13717010617256165,0.0,0.019724423065781593,0.250003844499588,0.0,True
0,6,10,actor_stochastic,0.35901638865470886,0.3638449013233185,0.3560201204135565,0.08107782155275345,0.9996505975723267,0.0,True
0,6,11,actor_stochastic,-4.9561262130737305e-05,0.03786161541938782,0.01964757674759427,0.04002778232097626,0.2500018775463104,0.0,True
0,6,12,actor_stochastic,0.03634873032569885,0.042142659425735474,0.05798887623832949,0.06193123385310173,0.45669373869895935,0.0,True
0,6,13,actor_stochastic,-0.21619102358818054,-0.19906923174858093,0.020020238045422956,0.04041288048028946,0.2500019073486328,0.0,True
0,6,14,actor_stochastic,-0.06296798586845398,-0.011464804410934448,0.0,0.019724423065781593,0.250003844499588,0.0,True
0,6,15,actor_stochastic,-0.009656757116317749,-0.0058886706829071045,0.05710023444255932,0.06138957291841507,0.4554802179336548,0.0,True
0,6,16,random_baseline,0.04193964600563049,0.06003645062446594,0.0,0.019724423065781593,0.250003844499588,0.0,True
0,6,17,random_baseline,0.046949535608291626,0.05083492398262024,0.09446386530234105,0.08048280328512192,0.4999360144138336,0.0,True
0,6,18,random_baseline,0.07065656781196594,0.14211252331733704,0.07647082368923531,0.06169191747903824,0.4424804747104645,0.0,True
0,6,19,random_baseline,0.2372298538684845,0.2405126392841339,0.0551027659178622,0.06078116595745087,0.448097288608551,0.0,True
0,6,20,random_baseline,-0.047557324171066284,-0.042644232511520386,0.0,0.019724423065781593,0.250003844499588,0.0,True
0,6,21,random_baseline,-0.04854103922843933,-0.028367727994918823,0.07325399183847664,0.05964692682027817,0.4485653042793274,0.0,True
0,6,22,random_baseline,0.14617279171943665,0.16435840725898743,0.0,0.019724423065781593,0.250003844499588,0.0,True
0,6,23,random_baseline,0.14823517203330994,0.1525581181049347,0.09304106018829922,0.08006538450717926,0.4999954402446747,0.0,True
0,6,24,random_baseline,0.28496602177619934,0.2850988209247589,0.30351138841219055,0.10202232003211975,0.6890736818313599,0.0,True
0,6,25,random_baseline,0.30527326464653015,0.334673672914505,0.07336613191995708,0.05967891216278076,0.44846871495246887,0.0,True
0,6,26,random_baseline,0.11554017663002014,0.14254692196846008,0.0762881948973467,0.06152848154306412,0.44295942783355713,0.0,True
0,6,27,random_baseline,-0.027515918016433716,-0.0030955970287323,0.06026745171905204,0.08200345188379288,0.25000089406967163,0.0,True
0,6,28,random_baseline,-0.13210713863372803,-0.06223616003990173,0.0,0.019724423065781593,0.250003844499588,0.0,True
0,6,29,random_baseline,0.031230837106704712,0.06965950131416321,0.0,0.019724423065781593,0.250003844499588,0.0,True
0,6,30,random_baseline,-0.021952956914901733,-0.0042140185832977295,0.10463755126418545,0.08004400134086609,0.39770641922950745,0.0,True
0,6,31,random_baseline,-0.008657604455947876,0.023669272661209106,0.13481438605051818,0.10148905217647552,0.3639845848083496,0.0,True
0,7,0,deterministic_actor,0.21704402565956116,0.23179510235786438,0.0,0.1022038608789444,0.2500012516975403,0.0,True
0,7,1,actor_stochastic,0.07868734002113342,0.13716724514961243,0.01928595642003458,0.1221335306763649,0.25000104308128357,0.0,True
0,7,2,actor_stochastic,-0.12578889727592468,-0.11687394976615906,0.0,0.1022038608789444,0.2500012516975403,0.0,True
0,7,3,actor_stochastic,0.2977135479450226,0.2981603443622589,0.02042860513279986,0.12331432104110718,0.25000104308128357,0.0,True
0,7,4,actor_stochastic,0.1842658817768097,0.2325451672077179,0.0,0.1022038608789444,0.2500012516975403,0.0,True
0,7,5,actor_stochastic,0.0028328001499176025,0.012618809938430786,0.0,0.1022038608789444,0.2500012516975403,0.0,True
0,7,6,actor_stochastic,-0.03353574872016907,-0.02500244975090027,0.0,0.1022038608789444,0.2500012516975403,0.0,True
0,7,7,actor_stochastic,0.40257182717323303,0.409305602312088,0.019189234013577156,0.12203358113765717,0.25000104308128357,0.0,True
0,7,8,actor_stochastic,0.1480940878391266,0.14277532696723938,0.04503260967263691,0.1425631046295166,0.3282772898674011,0.0,True
0,7,9,actor_stochastic,-0.10549476742744446,-0.10578438639640808,0.0,0.1022038608789444,0.2500012516975403,0.0,True
0,7,10,actor_stochastic,0.3524220287799835,0.3821723759174347,0.04622072120415689,0.14303627610206604,0.3330118954181671,0.0,True
0,7,11,actor_stochastic,0.20721080899238586,0.23264005780220032,0.0,0.1022038608789444,0.2500012516975403,0.0,True
0,7,12,actor_stochastic,0.017640918493270874,0.028362542390823364,0.0,0.1022038608789444,0.2500012516975403,0.0,True
0,7,13,actor_stochastic,-0.03372746706008911,0.0008889734745025635,0.039144912779913894,0.14265532791614532,0.250000923871994,0.0,True
0,7,14,actor_stochastic,0.17739012837409973,0.19756296277046204,0.0,0.1022038608789444,0.2500012516975403,0.0,True
0,7,15,actor_stochastic,0.4925543963909149,0.5010613203048706,0.11365968398400883,0.16552172601222992,0.5813120007514954,0.0,True
0,7,16,random_baseline,-0.06793275475502014,-0.06442186236381531,0.0,0.1022038608789444,0.2500012516975403,0.0,True
0,7,17,random_baseline,0.1001901924610138,0.09684351086616516,0.020669049340835337,0.1235627830028534,0.2500010132789612,0.0,True
0,7,18,random_baseline,0.19304397702217102,0.2226593792438507,0.026427669204476898,0.12207101285457611,0.3436557650566101,0.0,True
0,7,19,random_baseline,-0.2123751938343048,-0.2070893943309784,0.01919178228474257,0.12203621119260788,0.25000104308128357,0.0,True
0,7,20,random_baseline,0.049126893281936646,0.05844953656196594,0.020506928998371254,0.12339525669813156,0.25000104308128357,0.0,True
0,7,21,random_baseline,0.053443700075149536,0.054885655641555786,0.02016247287482707,0.12303930521011353,0.25000104308128357,0.0,True
0,7,22,random_baseline,0.00505104660987854,0.007399827241897583,0.02058026014433924,0.12347103655338287,0.25000104308128357,0.0,True
0,7,23,random_baseline,0.1037537157535553,0.10302475094795227,0.06378682069036305,0.16253893077373505,0.3193020224571228,0.0,True
0,7,24,random_baseline,0.12557187676429749,0.1319432556629181,0.0,0.1022038608789444,0.2500012516975403,0.0,True
0,7,25,random_baseline,0.2530154287815094,0.28452566266059875,0.02697175797549062,0.1223965734243393,0.34507614374160767,0.0,True
0,7,26,random_baseline,0.31859782338142395,0.3017626106739044,0.10122193811232214,0.16510328650474548,0.4731845557689667,0.0,True
0,7,27,random_baseline,0.2777387499809265,0.3097691237926483,0.061315164929857516,0.143362894654274,0.42325952649116516,0.0,True
0,7,28,random_baseline,0.07191160321235657,0.09229257702827454,0.0,0.1022038608789444,0.2500012516975403,0.0,True
0,7,29,random_baseline,0.07986882328987122,0.07997015118598938,0.020535946297101412,0.12342524528503418,0.25000104308128357,0.0,True
0,7,30,random_baseline,-0.033201664686203,-0.03812476992607117,0.019452892983465444,0.12230604141950607,0.25000104308128357,0.0,True
0,7,31,random_baseline,0.21256843209266663,0.2807929813861847,0.06059773604030236,0.14298371970653534,0.4221038520336151,0.0,True
0,8,0,deterministic_actor,0.11485949158668518,0.1313512623310089,0.0,0.14358589053153992,0.25000110268592834,0.0,True
0,8,1,actor_stochastic,0.39000990986824036,0.40929725766181946,0.0,0.14358589053153992,0.25000110268592834,0.0,True
0,8,2,actor_stochastic,0.3956526815891266,0.41416576504707336,0.0,0.14358589053153992,0.25000110268592834,0.0,True
0,8,3,actor_stochastic,0.5519311428070068,0.5671193599700928,0.0,0.14358589053153992,0.25000110268592834,0.0,True
0,8,4,actor_stochastic,0.2705451548099518,0.27207544445991516,0.0,0.14358589053153992,0.25000110268592834,0.0,True
0,8,5,actor_stochastic,0.26547005772590637,0.2721698582172394,0.0,0.14358589053153992,0.25000110268592834,0.0,True
0,8,6,actor_stochastic,0.2902434468269348,0.3371601998806,0.0,0.14358589053153992,0.25000110268592834,0.0,True
0,8,7,actor_stochastic,0.19425973296165466,0.19924762845039368,0.0,0.14358589053153992,0.25000110268592834,0.0,True
0,8,8,actor_stochastic,0.29269304871559143,0.2861692011356354,0.0,0.14358589053153992,0.25000110268592834,0.0,True
0,8,9,actor_stochastic,0.43523386120796204,0.4502103626728058,0.0,0.14358589053153992,0.25000110268592834,0.0,True
0,8,10,actor_stochastic,0.09125563502311707,0.08539584279060364,0.0,0.14358589053153992,0.25000110268592834,0.0,True
0,8,11,actor_stochastic,0.05829551815986633,0.08311441540718079,0.020235531774532023,0.16449680924415588,0.2500009536743164,0.0,True
0,8,12,actor_stochastic,0.37823566794395447,0.40165379643440247,0.0,0.14358589053153992,0.25000110268592834,0.0,True
0,8,13,actor_stochastic,0.3397039473056793,0.346723347902298,0.0,0.14358589053153992,0.25000110268592834,0.0,True
0,8,14,actor_stochastic,0.036532968282699585,0.032744914293289185,0.0,0.14358589053153992,0.25000110268592834,0.0,True
0,8,15,actor_stochastic,0.1347382366657257,0.11427667737007141,0.0,0.14358589053153992,0.25000110268592834,0.0,True
0,8,16,random_baseline,-0.05977258086204529,-0.047703951597213745,0.0,0.14358589053153992,0.25000110268592834,0.0,True
0,8,17,random_baseline,0.06947067379951477,0.04925420880317688,0.0,0.14358589053153992,0.25000110268592834,0.0,True
0,8,18,random_baseline,0.1353771984577179,0.13212183117866516,0.019217013514679204,0.16344429552555084,0.2500009834766388,0.0,True
0,8,19,random_baseline,0.24415412545204163,0.25576284527778625,0.0,0.14358589053153992,0.25000110268592834,0.0,True
0,8,20,random_baseline,0.1179056465625763,0.11819174885749817,0.0,0.14358589053153992,0.25000110268592834,0.0,True
0,8,21,random_baseline,0.2226732075214386,0.2310488522052765,0.019843986276170116,0.16409219801425934,0.2500009536743164,0.0,True
0,8,22,random_baseline,0.09957733750343323,0.12207344174385071,0.0,0.14358589053153992,0.25000110268592834,0.0,True
0,8,23,random_baseline,0.1688837707042694,0.18991711735725403,0.0,0.14358589053153992,0.25000110268592834,0.0,True
0,8,24,random_baseline,-0.019829243421554565,-0.012832850217819214,0.0,0.14358589053153992,0.25000110268592834,0.0,True
0,8,25,random_baseline,-0.04241093993186951,-0.02789899706840515,0.01925530910448381,0.1634838730096817,0.2500009536743164,0.0,True
0,8,26,random_baseline,-0.062295764684677124,-0.05485936999320984,0.0,0.14358589053153992,0.25000110268592834,0.0,True
0,8,27,random_baseline,-0.03854110836982727,-0.035385340452194214,0.0,0.14358589053153992,0.25000110268592834,0.0,True
0,8,28,random_baseline,0.004888802766799927,-0.010457724332809448,0.0,0.14358589053153992,0.25000110268592834,0.0,True
0,8,29,random_baseline,0.10017749667167664,0.12449720501899719,0.0,0.14358589053153992,0.25000110268592834,0.0,True
0,8,30,random_baseline,0.06746676564216614,0.09549692273139954,0.02047158082043973,0.16474074125289917,0.2500009536743164,0.0,True
0,8,31,random_baseline,0.3271135985851288,0.37013891339302063,0.0,0.14358589053153992,0.25000110268592834,0.0,True
0,9,0,deterministic_actor,0.16115990281105042,0.1781800091266632,0.5043200797515671,0.14297719299793243,0.6400175094604492,0.0,True
0,9,1,actor_stochastic,0.33481982350349426,0.35782650113105774,0.04052904277440307,0.040684640407562256,0.49954161047935486,0.0,True
0,9,2,actor_stochastic,0.123180091381073,0.12351778149604797,0.01999359021204987,0.04038534685969353,0.2500018775463104,0.0,True
0,9,3,actor_stochastic,0.11561372876167297,0.14273002743721008,0.0,0.019724423065781593,0.250003844499588,0.0,True
0,9,4,actor_stochastic,0.031274110078811646,0.056396275758743286,0.07636624651665505,0.061591848731040955,0.44277358055114746,0.0,True
0,9,5,actor_stochastic,0.18218347430229187,0.21628955006599426,0.15063545389866648,0.0807437151670456,0.662314772605896,0.0,True
0,9,6,actor_stochastic,0.2737789452075958,0.2678277790546417,0.07637735785566152,0.061586566269397736,0.44278910756111145,0.0,True
0,9,7,actor_stochastic,0.24538591504096985,0.255567342042923,0.05569362105965277,0.06073484942317009,0.45200851559638977,0.0,True
0,9,8,actor_stochastic,0.024058610200881958,0.05252864956855774,0.0,0.019724423065781593,0.250003844499588,0.0,True
0,9,9,actor_stochastic,0.40603306889533997,0.4312739670276642,0.29865535950454203,0.0829259529709816,0.6627934575080872,0.0,True
0,9,10,actor_stochastic,0.10385364294052124,0.14678993821144104,0.0810201048879414,0.1034487634897232,0.2500006854534149,0.0,True
0,9,11,actor_stochastic,-0.09589883685112,-0.06480047106742859,0.019983217167993988,0.04037462919950485,0.2500018775463104,0.0,True
0,9,12,actor_stochastic,0.41524699330329895,0.4483697712421417,0.0405465957368535,0.04069400206208229,0.49953481554985046,0.0,True
0,9,13,actor_stochastic,-0.005157917737960815,-0.006709307432174683,0.080305089300006,0.10270988941192627,0.2500007152557373,0.0,True
0,9,14,actor_stochastic,0.3648622930049896,0.3965759575366974,0.33825486586442705,0.10308922827243805,0.5626500844955444,0.0,True
0,9,15,actor_stochastic,-0.1552855670452118,-0.12062904238700867,0.01998449764829893,0.04037594795227051,0.2500019073486328,0.0,True
0,9,16,random_baseline,0.15853723883628845,0.20841243863105774,0.15145471673362607,0.08112048357725143,0.6589101552963257,0.0,True
0,9,17,random_baseline,0.04838266968727112,0.08129957318305969,0.0,0.019724423065781593,0.250003844499588,0.0,True
0,9,18,random_baseline,0.0071287453174591064,0.02076604962348938,0.0390549146254362,0.06008288636803627,0.2500011622905731,0.0,True
0,9,19,random_baseline,-0.0309065580368042,0.033018261194229126,0.0,0.019724423065781593,0.250003844499588,0.0,True
0,9,20,random_baseline,-0.01391822099685669,0.03660765290260315,0.0,0.019724423065781593,0.250003844499588,0.0,True
0,9,21,random_baseline,0.057803064584732056,0.11467674374580383,0.1505331262185138,0.08069723844528198,0.6627205610275269,0.0,True
0,9,22,random_baseline,0.046764522790908813,0.07431867718696594,0.08184281694462331,0.10429894924163818,0.2500006854534149,0.0,True
0,9,23,random_baseline,0.036814600229263306,0.04709461331367493,0.07461034117827792,0.06046515703201294,0.4461074769496918,0.0,True
0,9,24,random_baseline,-0.14245566725730896,-0.11727544665336609,0.019723946438718304,0.04010670259594917,0.2500019073486328,0.0,True
0,9,25,random_baseline,-0.03936508297920227,-0.023480623960494995,0.06079963202322981,0.08255338668823242,0.25000086426734924,0.0,True
0,9,26,random_baseline,-0.001007169485092163,0.02081325650215149,0.13647235194935528,0.10277510434389114,0.3624095320701599,0.0,True
0,9,27,random_baseline,0.026375800371170044,0.043912678956985474,0.039532086187865245,0.06057599186897278,0.2500011920928955,0.0,True
0,9,28,random_baseline,0.21631625294685364,0.26893070340156555,0.13681289972400476,0.10304024070501328,0.3620898127555847,0.0,True
0,9,29,random_baseline,0.22907856106758118,0.2454221546649933,0.040498601950721295,0.04066840559244156,0.49955326318740845,0.0,True
0,9,30,random_baseline,-0.025186091661453247,-0.029987186193466187,0.0,0.019724423065781593,0.250003844499588,0.0,True
0,9,31,random_baseline,0.16070488095283508,0.16482236981391907,0.0,0.019724423065781593,0.250003844499588,0.0,True
0,10,0,deterministic_actor,0.010052233934402466,0.027140885591506958,0.0764723325795406,0.08168093860149384,0.4998689591884613,0.0,True
0,10,1,actor_stochastic,0.08167293667793274,0.08943489193916321,0.0352034790427207,0.06035780906677246,0.45058247447013855,0.0,True
0,10,2,actor_stochastic,0.25543704628944397,0.291519433259964,0.07862953813831439,0.08267564326524734,0.4996059238910675,0.0,True
0,10,3,actor_stochastic,0.07664158940315247,0.086931973695755,0.0,0.04017361253499985,0.2500033974647522,0.0,True
0,10,4,actor_stochastic,0.45198825001716614,0.46575167775154114,0.114860056979638,0.10204808413982391,0.48354479670524597,0.0,True
0,10,5,actor_stochastic,0.08401992917060852,0.09468868374824524,0.07855454813587928,0.08261586725711823,0.4996255040168762,0.0,True
0,10,6,actor_stochastic,0.010237365961074829,0.03067949414253235,0.13946719004432823,0.10000772774219513,0.6928718686103821,0.0,True
0,10,7,actor_stochastic,0.1927490532398224,0.1847250759601593,0.03549191242254494,0.060488421469926834,0.4513534903526306,0.0,True
0,10,8,actor_stochastic,0.09154024720191956,0.08698442578315735,0.034620724380841204,0.06009363383054733,0.4490002691745758,0.0,True
0,10,9,actor_stochastic,0.43151912093162537,0.4481249153614044,0.035738327590993366,0.06059996038675308,0.4520060420036316,0.0,True
0,10,10,actor_stochastic,0.3528406322002411,0.3552727997303009,0.34739557567483137,0.14315813779830933,0.4913732707500458,0.0,True
0,10,11,actor_stochastic,0.24818828701972961,0.2465226948261261,0.07638244978364893,0.0815361812710762,0.49989593029022217,0.0,True
0,10,12,actor_stochastic,0.21897605061531067,0.2155645191669464,0.0,0.04017361253499985,0.2500033974647522,0.0,True
0,10,13,actor_stochastic,0.33412542939186096,0.33321359753608704,0.0,0.04017361253499985,0.2500033974647522,0.0,True
0,10,14,actor_stochastic,0.3514080345630646,0.35564592480659485,0.13833084106394608,0.10186374187469482,0.37245455384254456,0.0,True
0,10,15,actor_stochastic,0.257825642824173,0.29186752438545227,0.08652431984746606,0.08026054501533508,0.6661763787269592,0.0,True
0,10,16,random_baseline,0.007587701082229614,0.031940728425979614,0.08676856627449708,0.08033465594053268,0.6665971279144287,0.0,True
0,10,17,random_baseline,0.29919058084487915,0.3499113619327545,0.0,0.04017361253499985,0.2500033974647522,0.0,True
0,10,18,random_baseline,-0.09061607718467712,-0.07592889666557312,0.0,0.04017361253499985,0.2500033974647522,0.0,True
0,10,19,random_baseline,0.21850112080574036,0.22139814496040344,0.03533767107150675,0.060418590903282166,0.45094218850135803,0.0,True
0,10,20,random_baseline,-0.09790125489234924,-0.09387537837028503,0.0,0.04017361253499985,0.2500033974647522,0.0,True
0,10,21,random_baseline,-0.02317395806312561,0.009571820497512817,0.07684463626575258,0.08184345066547394,0.49983519315719604,0.0,True
0,10,22,random_baseline,0.2662797272205353,0.25652673840522766,0.08763029721931803,0.08057491481304169,0.6678071022033691,0.0,True
0,10,23,random_baseline,-0.05427953600883484,-0.047233790159225464,0.019521916639831046,0.06034699082374573,0.25000226497650146,0.0,True
0,10,24,random_baseline,0.12810352444648743,0.15251997113227844,0.07416412493882434,0.08043928444385529,0.5000016093254089,0.0,True
0,10,25,random_baseline,0.018435508012771606,0.02921941876411438,0.0,0.04017361253499985,0.2500033974647522,0.0,True
0,10,26,random_baseline,0.20735999941825867,0.23432055115699768,0.11300301215454434,0.10140207409858704,0.4793359637260437,0.0,True
0,10,27,random_baseline,-0.09019675850868225,-0.08781883120536804,0.0,0.04017361253499985,0.2500033974647522,0.0,True
0,10,28,random_baseline,0.15263643860816956,0.15743377804756165,0.0,0.04017361253499985,0.2500033974647522,0.0,True
0,10,29,random_baseline,0.15781989693641663,0.15042856335639954,0.0744358843886237,0.08067837357521057,0.49999377131462097,0.0,True
0,10,30,random_baseline,0.31781646609306335,0.3215771019458771,0.2246604540755661,0.12245512008666992,0.45147642493247986,0.0,True
0,10,31,random_baseline,0.10468843579292297,0.09820011258125305,0.0,0.04017361253499985,0.2500033974647522,0.0,True
0,11,0,deterministic_actor,-0.052300065755844116,-0.03380867838859558,0.03934487766011121,0.12228958308696747,0.4999469220638275,0.0,True
0,11,1,actor_stochastic,-0.11203387379646301,-0.11557838320732117,0.0,0.10195831209421158,0.4785044193267822,0.0,True
0,11,2,actor_stochastic,0.009563475847244263,-0.0005323588848114014,0.07985736417024716,0.14362765848636627,0.490436315536499,0.0,True
0,11,3,actor_stochastic,0.3541910946369171,0.3824456036090851,0.0,0.10195831209421158,0.4785044193267822,0.0,True
0,11,4,actor_stochastic,0.44560644030570984,0.46619537472724915,0.08007063912410069,0.1437433511018753,0.49034297466278076,0.0,True
0,11,5,actor_stochastic,0.2093895971775055,0.20623424649238586,0.0,0.10195831209421158,0.4785044193267822,0.0,True
0,11,6,actor_stochastic,0.39030352234840393,0.4016205370426178,0.038844424427849446,0.12203196436166763,0.4999222755432129,0.0,True
0,11,7,actor_stochastic,0.23901739716529846,0.24390485882759094,0.0,0.10195831209421158,0.4785044193267822,0.0,True
0,11,8,actor_stochastic,0.2728034555912018,0.2703140079975128,0.06836855572007716,0.14269722998142242,0.41984620690345764,0.0,True
0,11,9,actor_stochastic,-0.012870103120803833,0.012761145830154419,0.0,0.10195831209421158,0.4785044193267822,0.0,True
0,11,10,actor_stochastic,-0.020701497793197632,0.00263860821723938,0.07853328754847383,0.14291658997535706,0.49100324511528015,0.0,True
0,11,11,actor_stochastic,0.28282514214515686,0.29069116711616516,0.0770623755968855,0.14212071895599365,0.4916248917579651,0.0,True
0,11,12,actor_stochastic,0.16943684220314026,0.15238311886787415,0.079854392533071,0.1436285823583603,0.49043551087379456,0.0,True
0,11,13,actor_stochastic,0.3556523025035858,0.38611307740211487,0.0800716035218799,0.1437438726425171,0.49034252762794495,0.0,True
0,11,14,actor_stochastic,0.1553741991519928,0.14596202969551086,0.07935972568748455,0.14335793256759644,0.49065259099006653,0.0,True
0,11,15,actor_stochastic,0.032901376485824585,0.04696586728096008,0.03502942139377416,0.122179314494133,0.44753867387771606,0.0,True
0,11,16,random_baseline,-0.14141227304935455,-0.14589610695838928,0.0,0.10195831209421158,0.4785044193267822,0.0,True
0,11,17,random_baseline,-0.049427419900894165,-0.03409406542778015,0.03954719354829182,0.12239377945661545,0.49995550513267517,0.0,True
0,11,18,random_baseline,0.17705538868904114,0.20345762372016907,0.06960174131191689,0.14351016283035278,0.41886234283447266,0.0,True
0,11,19,random_baseline,0.06548920273780823,0.07915619015693665,0.0,0.10195831209421158,0.4785044193267822,0.0,True
0,11,20,random_baseline,0.15153899788856506,0.16863611340522766,0.07754539353245457,0.14237715303897858,0.49142611026763916,0.0,True
0,11,21,random_baseline,0.12186524271965027,0.12095144391059875,0.0695743551835932,0.1434921771287918,0.4188840091228485,0.0,True
0,11,22,random_baseline,0.1737087070941925,0.18546083569526672,0.0,0.10195831209421158,0.4785044193267822,0.0,True
0,11,23,random_baseline,0.006218403577804565,0.012525349855422974,0.07985801017832893,0.14362800121307373,0.49043601751327515,0.0,True
0,11,24,random_baseline,-0.19465571641921997,-0.1935189664363861,0.0,0.10195831209421158,0.4785044193267822,0.0,True
0,11,25,random_baseline,0.2436560094356537,0.2630913555622101,0.03934264893222909,0.12228843569755554,0.49994686245918274,0.0,True
0,11,26,random_baseline,0.06352975964546204,0.05499961972236633,0.035278362915256656,0.12233337759971619,0.44731125235557556,0.0,True
0,11,27,random_baseline,0.16325750946998596,0.16398552060127258,0.0,0.10195831209421158,0.4785044193267822,0.0,True
0,11,28,random_baseline,0.02485087513923645,0.01547744870185852,0.03517591526217453,0.12226995825767517,0.4474048912525177,0.0,True
0,11,29,random_baseline,0.23724845051765442,0.2411048710346222,0.06881601783225985,0.142991304397583,0.4194892942905426,0.0,True
0,11,30,random_baseline,0.27902844548225403,0.3094809353351593,0.07954895068332239,0.14206847548484802,0.5779896378517151,0.0,True
0,11,31,random_baseline,0.06539216637611389,0.0757305920124054,0.0,0.10195831209421158,0.4785044193267822,0.0,True
0,12,0,deterministic_actor,0.16115990281105042,0.1781800091266632,0.5043200797515671,0.14297719299793243,0.6400175094604492,0.0,True
0,12,1,actor_stochastic,0.38366034626960754,0.3977048695087433,0.2516109422349644,0.08144456148147583,0.6661477088928223,0.0,True
0,12,2,actor_stochastic,0.084657222032547,0.11185196042060852,0.07615228402562879,0.06144002825021744,0.44321927428245544,0.0,True
0,12,3,actor_stochastic,0.23426058888435364,0.24472549557685852,0.040531912896023516,0.040686167776584625,0.4995404779911041,0.0,True
0,12,4,actor_stochastic,0.3591022193431854,0.3735339939594269,0.07639535379508232,0.0615982860326767,0.44275471568107605,0.0,True
0,12,5,actor_stochastic,-0.024358004331588745,0.0038917362689971924,0.019516983906692372,0.039892829954624176,0.2500019073486328,0.0,True
0,12,6,actor_stochastic,0.19146183133125305,0.19205644726753235,0.05686875128948671,0.06134093552827835,0.4545014202594757,0.0,True
0,12,7,actor_stochastic,-0.00860092043876648,0.0290849506855011,0.07628507560118042,0.06152644753456116,0.44296541810035706,0.0,True
0,12,8,actor_stochastic,0.08187201619148254,0.09356191754341125,0.0,0.019724423065781593,0.250003844499588,0.0,True
0,12,9,actor_stochastic,-0.022053688764572144,0.0013859570026397705,0.01988050419016399,0.04026848450303078,0.2500018775463104,0.0,True
0,12,10,actor_stochastic,0.21857145428657532,0.21626070141792297,0.7026187620613404,0.14260505139827728,0.8063136339187622,0.0,True
0,12,11,actor_stochastic,0.4712524712085724,0.48501327633857727,0.2554390661546148,0.08271588385105133,0.6617098450660706,0.0,True
0,12,12,actor_stochastic,0.38509872555732727,0.42146947979927063,0.23666018801043773,0.06051621586084366,0.7494159936904907,0.0,True
0,12,13,actor_stochastic,0.285584956407547,0.2967126667499542,0.04054016334209643,0.04069057106971741,0.49953728914260864,0.0,True
0,12,14,actor_stochastic,0.04582050442695618,0.11704900860786438,0.07616865802332998,0.06145068630576134,0.4431879222393036,0.0,True
0,12,15,actor_stochastic,0.18191030621528625,0.23009279370307922,0.07613753658399061,0.061430446803569794,0.44324740767478943,0.0,True
0,12,16,random_baseline,-0.12260916829109192,-0.10901066660881042,0.039200434867370466,0.06023326516151428,0.2500011920928955,0.0,True
0,12,17,random_baseline,0.24203988909721375,0.2831299602985382,0.15264308090044945,0.08169573545455933,0.6524216532707214,0.0,True
0,12,18,random_baseline,0.2174055278301239,0.24351993203163147,0.10797318169401021,0.08244204521179199,0.3930956721305847,0.0,True
0,12,19,random_baseline,0.0004075467586517334,0.007046729326248169,0.056048454841596276,0.060368794947862625,0.45671722292900085,0.0,True
0,12,20,random_baseline,0.03910759091377258,0.05064752697944641,0.0,0.019724423065781593,0.250003844499588,0.0,True
0,12,21,random_baseline,-0.053719550371170044,0.010042458772659302,0.07338177223705111,0.059677764773368835,0.44847217202186584,0.0,True
0,12,22,random_baseline,0.15437033772468567,0.2108953297138214,0.10789769795682688,0.0823812186717987,0.3932094871997833,0.0,True
0,12,23,random_baseline,0.022043615579605103,0.028185158967971802,0.08132369177162663,0.10376249253749847,0.2500006854534149,0.0,True
0,12,24,random_baseline,0.3329451382160187,0.33985021710395813,0.30825850497159585,0.10297414660453796,0.6877617239952087,0.0,True
0,12,25,random_baseline,0.0019544661045074463,0.014298707246780396,0.07352134920463309,0.05981902405619621,0.4480459690093994,0.0,True
0,12,26,random_baseline,-0.025366276502609253,0.010749131441116333,0.038527496323689764,0.0595378652215004,0.2500011920928955,0.0,True
0,12,27,random_baseline,0.3360773026943207,0.34894993901252747,0.15228582228102758,0.08151507377624512,0.6548941135406494,0.0,True
0,12,28,random_baseline,-0.15824434161186218,-0.1340484321117401,0.06056159880964239,0.08230741322040558,0.25000089406967163,0.0,True
0,12,29,random_baseline,0.07058373093605042,0.06997373700141907,0.0408804319489677,0.0619693398475647,0.25000113248825073,0.0,True
0,12,30,random_baseline,-0.0015715062618255615,0.04408767819404602,0.0,0.019724423065781593,0.250003844499588,0.0,True
0,12,31,random_baseline,0.16543442010879517,0.15707853436470032,0.15024421294697168,0.08062499761581421,0.6640347838401794,0.0,True
0,13,0,deterministic_actor,-0.09443792700767517,-0.07227012515068054,0.10800099234193049,0.10168132185935974,0.6897016763687134,0.0,True
0,13,1,actor_stochastic,0.10499313473701477,0.11162641644477844,0.038686641568220125,0.08041641116142273,0.49992743134498596,0.0,True
0,13,2,actor_stochastic,0.2586335241794586,0.307172566652298,0.06122613348033075,0.10212625563144684,0.3631996512413025,0.0,True
0,13,3,actor_stochastic,0.07664969563484192,0.08106163144111633,0.040896889004850834,0.08155550807714462,0.5000004172325134,0.0,True
0,13,4,actor_stochastic,-0.1231050193309784,-0.0972568690776825,0.08942831305593982,0.12343908846378326,0.3417716324329376,0.0,True
0,13,5,actor_stochastic,-0.24021920561790466,-0.22840616106987,0.04053937428936798,0.08137071132659912,0.5000022053718567,0.0,True
0,13,6,actor_stochastic,0.07953956723213196,0.13799074292182922,0.28700261727493553,0.16430766880512238,0.610483705997467,0.0,True
0,13,7,actor_stochastic,-0.01962420344352722,-0.002811640501022339,0.12188368756183346,0.10105738788843155,0.8891705870628357,0.0,True
0,13,8,actor_stochastic,0.049935728311538696,0.04977777600288391,0.05046736492034077,0.08018375188112259,0.6598427891731262,0.0,True
0,13,9,actor_stochastic,0.11656191945075989,0.14952829480171204,0.05183677285208071,0.08064097911119461,0.6624190807342529,0.0,True
0,13,10,actor_stochastic,0.04489734768867493,0.08557727932929993,0.06117610246156924,0.10209299623966217,0.36324048042297363,0.0,True
0,13,11,actor_stochastic,0.06720808148384094,0.06513574719429016,0.10650247969504845,0.10109580308198929,0.6917967200279236,0.0,True
0,13,12,actor_stochastic,0.10049203038215637,0.09536007046699524,0.0,0.06042450666427612,0.4462299942970276,0.0,True
0,13,13,actor_stochastic,0.22459915280342102,0.23900964856147766,0.0,0.06042450666427612,0.4462299942970276,0.0,True
0,13,14,actor_stochastic,0.06109943985939026,0.09562519192695618,0.12239149144319708,0.14335396885871887,0.421937495470047,0.0,True
0,13,15,actor_stochastic,0.06672137975692749,0.06224605441093445,0.0,0.06042450666427612,0.4462299942970276,0.0,True
0,13,16,random_baseline,0.17503562569618225,0.18180254101753235,0.10728738874308812,0.10136497020721436,0.692185640335083,0.0,True
0,13,17,random_baseline,0.06432357430458069,0.11773517727851868,0.11026992499844673,0.10250939428806305,0.6883059144020081,0.0,True
0,13,18,random_baseline,0.01083347201347351,0.03290775418281555,0.0,0.06042450666427612,0.4462299942970276,0.0,True
0,13,19,random_baseline,0.06506851315498352,0.05789533257484436,0.0,0.06042450666427612,0.4462299942970276,0.0,True
0,13,20,random_baseline,0.17383411526679993,0.18568924069404602,0.0,0.06042450666427612,0.4462299942970276,0.0,True
0,13,21,random_baseline,-0.08902958035469055,-0.0863020122051239,0.0,0.06042450666427612,0.4462299942970276,0.0,True
0,13,22,random_baseline,-0.10122844576835632,-0.0605451762676239,0.0,0.06042450666427612,0.4462299942970276,0.0,True
0,13,23,random_baseline,0.07677587866783142,0.08221176266670227,0.0,0.06042450666427612,0.4462299942970276,0.0,True
0,13,24,random_baseline,-0.08606375753879547,-0.0726688802242279,0.0,0.06042450666427612,0.4462299942970276,0.0,True
0,13,25,random_baseline,-0.11233100295066833,-0.050970762968063354,0.0614807783303066,0.10232441127300262,0.3629574775695801,0.0,True
0,13,26,random_baseline,0.1623331606388092,0.22971728444099426,0.05916717882927927,0.1005445346236229,0.3651684522628784,0.0,True
0,13,27,random_baseline,0.26620033383369446,0.2867410480976105,0.10432839486796663,0.10027627646923065,0.6918095350265503,0.0,True
0,13,28,random_baseline,-0.18420633673667908,-0.18091318011283875,0.04075807109676495,0.08148372173309326,0.5000017285346985,0.0,True
0,13,29,random_baseline,0.24558952450752258,0.2678506672382355,0.05171798119452975,0.08060132712125778,0.6621999144554138,0.0,True
0,13,30,random_baseline,-0.021707683801651,-0.021033257246017456,0.0,0.06042450666427612,0.4462299942970276,0.0,True
0,13,31,random_baseline,-0.16207236051559448,-0.1796409785747528,0.04056801551910768,0.08138550817966461,0.5000022649765015,0.0,True
0,14,0,deterministic_actor,0.015410810708999634,0.03507903218269348,0.4467020190736898,0.22840644419193268,0.6680554151535034,0.0,True
0,14,1,actor_stochastic,-0.10840842127799988,-0.12227842211723328,0.11359955216745449,0.18482351303100586,0.6993346810340881,0.0,True
0,14,2,actor_stochastic,0.13862374424934387,0.1595304310321808,0.3523301222504759,0.2051178514957428,0.9613571763038635,0.0,True
0,14,3,actor_stochastic,-0.02890262007713318,-0.038580626249313354,0.11090139328403525,0.18379129469394684,0.7011157274246216,0.0,True
0,14,4,actor_stochastic,0.030610352754592896,0.02581670880317688,0.1147729566328414,0.18527626991271973,0.6985442638397217,0.0,True
0,14,5,actor_stochastic,0.22011283040046692,0.24018743634223938,0.05333386889552629,0.16457118093967438,0.6584123373031616,0.0,True
0,14,6,actor_stochastic,0.1957961618900299,0.20354631543159485,0.3521970491999743,0.20479716360569,0.9594498872756958,0.0,True
0,14,7,actor_stochastic,0.10220029950141907,0.13010767102241516,0.05980785273003305,0.16494309902191162,0.7254415154457092,0.0,True
0,14,8,actor_stochastic,0.38123998045921326,0.39534690976142883,0.22848499265036268,0.18620812892913818,0.6934046149253845,0.0,True
0,14,9,actor_stochastic,-0.2567245662212372,-0.21638700366020203,0.05202770054064837,0.1640113890171051,0.659940779209137,0.0,True
0,14,10,actor_stochastic,0.2951907217502594,0.3026001751422882,0.2830293053460786,0.206358402967453,0.692115068435669,0.0,True
0,14,11,actor_stochastic,0.1613331139087677,0.165664941072464,0.14626822700609057,0.18473407626152039,0.9582794904708862,0.0,True
0,14,12,actor_stochastic,-0.09970691800117493,-0.10256096720695496,0.05562186801914168,0.1634259968996048,0.7264091372489929,0.0,True
0,14,13,actor_stochastic,0.24524787068367004,0.2675378620624542,0.11811201090549958,0.18500520288944244,0.7498558163642883,0.0,True
0,14,14,actor_stochastic,0.004487186670303345,0.005957871675491333,0.11417584674851625,0.18504945933818817,0.6989409327507019,0.0,True
0,14,15,actor_stochastic,0.45860618352890015,0.46755197644233704,0.0540847702324041,0.164894238114357,0.6575316190719604,0.0,True
0,14,16,random_baseline,0.07225391268730164,0.09658673405647278,0.11627679884639805,0.18491597473621368,0.7991845011711121,0.0,True
0,14,17,random_baseline,-0.133940190076828,-0.1099841296672821,0.09950137172318962,0.1841939389705658,0.6077078580856323,0.0,True
0,14,18,random_baseline,0.20691898465156555,0.23701217770576477,0.22814175932783043,0.1861245334148407,0.6937257647514343,0.0,True
0,14,19,random_baseline,0.055077582597732544,0.07931306958198547,0.11447726027644067,0.18516816198825836,0.698733389377594,0.0,True
0,14,20,random_baseline,-0.011205583810806274,0.009447365999221802,0.14782188105709526,0.18512949347496033,0.9588697552680969,0.0,True
0,14,21,random_baseline,0.03065207600593567,0.059679776430130005,0.353695548003826,0.20493441820144653,0.9582487344741821,0.0,True
0,14,22,random_baseline,-0.07864519953727722,-0.06388875842094421,0.11252477929312378,0.18441122770309448,0.7000495791435242,0.0,True
0,14,23,random_baseline,0.09443750977516174,0.12389782071113586,0.11318138190743669,0.18467852473258972,0.6995865702629089,0.0,True
0,14,24,random_baseline,0.0004902184009552002,0.01859453320503235,0.05408991061099763,0.16489645838737488,0.6575255393981934,0.0,True
0,14,25,random_baseline,0.186569482088089,0.2237856686115265,0.35670214806023065,0.20588642358779907,0.9583234190940857,0.0,True
0,14,26,random_baseline,-0.022933214902877808,-0.013765066862106323,0.2547224493895053,0.2042127549648285,0.6523880362510681,0.0,True
0,14,27,random_baseline,-0.12174209952354431,-0.0848054587841034,0.11251492305553332,0.18441151082515717,0.700049102306366,0.0,True
0,14,28,random_baseline,0.37467625737190247,0.368181973695755,0.0,0.14364425837993622,0.7149845957756042,0.0,True
0,14,29,random_baseline,0.1318080723285675,0.1844795048236847,0.22148571657285002,0.18496422469615936,0.6923983097076416,0.0,True
0,14,30,random_baseline,-0.08684349060058594,-0.06588336825370789,0.11443571734243929,0.18516167998313904,0.6987447738647461,0.0,True
0,14,31,random_baseline,0.0365617573261261,0.014275819063186646,0.11255729657135413,0.18443238735198975,0.7000130414962769,0.0,True
0,15,0,deterministic_actor,0.16115990281105042,0.1781800091266632,0.5043200797515671,0.14297719299793243,0.6400175094604492,0.0,True
0,15,1,actor_stochastic,0.16404226422309875,0.16763094067573547,0.05353148046056857,0.05924975126981735,0.4499594569206238,0.0,True
0,15,2,actor_stochastic,0.2866068184375763,0.2988927662372589,0.10793546635789333,0.081070676445961,0.6683134436607361,0.0,True
0,15,3,actor_stochastic,0.09538576006889343,0.09361770749092102,0.020124662944669653,0.040520794689655304,0.25000184774398804,0.0,True
0,15,4,actor_stochastic,0.08644178509712219,0.09810999035835266,0.019887704873104022,0.040275923907756805,0.2500019073486328,0.0,True
0,15,5,actor_stochastic,0.28444987535476685,0.31485190987586975,0.07701791870500099,0.06203920766711235,0.4414670765399933,0.0,True
0,15,6,actor_stochastic,0.08330336213111877,0.11064746975898743,0.10642174944937247,0.08121944963932037,0.39541491866111755,0.0,True
0,15,7,actor_stochastic,-0.008077353239059448,-0.007066935300827026,0.040055465785514735,0.06111683323979378,0.2500011622905731,0.0,True
0,15,8,actor_stochastic,0.20518890023231506,0.21516969799995422,0.5026984287356125,0.14361795783042908,0.575347363948822,0.0,True
0,15,9,actor_stochastic,-0.08256646990776062,-0.04061862826347351,0.0,0.019724423065781593,0.250003844499588,0.0,True
0,15,10,actor_stochastic,0.0592135488986969,0.06524351239204407,0.09482658730439733,0.0809517428278923,0.4999845325946808,0.0,True
0,15,11,actor_stochastic,0.13228824734687805,0.1328752338886261,0.01996930492251869,0.04036024957895279,0.2500019073486328,0.0,True
0,15,12,actor_stochastic,0.328939825296402,0.38207772374153137,0.450378709470286,0.10043749958276749,0.6915975213050842,0.0,True
0,15,13,actor_stochastic,0.03036615252494812,0.03731444478034973,0.13493957088090697,0.10257558524608612,0.4784008860588074,0.0,True
0,15,14,actor_stochastic,-0.018747180700302124,0.028632432222366333,0.0197233304238689,0.040106065571308136,0.2500019073486328,0.0,True
0,15,15,actor_stochastic,0.1779727041721344,0.1785605251789093,0.056565471259640315,0.060921862721443176,0.45574191212654114,0.0,True
0,15,16,random_baseline,0.30718937516212463,0.31441715359687805,0.25046555606295257,0.10155513882637024,0.5591464042663574,0.0,True
0,15,17,random_baseline,0.1151452362537384,0.12619855999946594,0.020408463523678904,0.04081407189369202,0.25000184774398804,0.0,True
0,15,18,random_baseline,0.1346152126789093,0.1405065357685089,0.07618972019396747,0.06146438419818878,0.4431476593017578,0.0,True
0,15,19,random_baseline,0.0679868757724762,0.09635666012763977,0.0,0.019724423065781593,0.250003844499588,0.0,True
0,15,20,random_baseline,0.2815759479999542,0.2841947376728058,0.12744859498064057,0.08171296864748001,0.6555227637290955,0.0,True
0,15,21,random_baseline,0.15326222777366638,0.17240217328071594,0.073475584146383,0.059790901839733124,0.44813072681427,0.0,True
0,15,22,random_baseline,-0.0025018155574798584,0.040241748094558716,0.061015034189409754,0.08277598768472672,0.25000086426734924,0.0,True
0,15,23,random_baseline,-0.13297119736671448,-0.12465307116508484,0.4579836112029446,0.12228678166866302,0.6418398022651672,0.0,True
0,15,24,random_baseline,0.13110128045082092,0.16446474194526672,0.07439344396482302,0.06034836173057556,0.4464564025402069,0.0,True
0,15,25,random_baseline,0.12565866112709045,0.12862852215766907,0.0,0.019724423065781593,0.250003844499588,0.0,True
0,15,26,random_baseline,-0.11246737837791443,-0.07511255145072937,0.019436608965461354,0.03980977460741997,0.2500019073486328,0.0,True
0,15,27,random_baseline,-0.11617577075958252,-0.11433765292167664,0.020731647523959028,0.04114803671836853,0.25000184774398804,0.0,True
0,15,28,random_baseline,0.06421422958374023,0.06927123665809631,0.0,0.019724423065781593,0.250003844499588,0.0,True
0,15,29,random_baseline,-0.16103073954582214,-0.15471717715263367,0.020244873512828786,0.040645018219947815,0.2500018775463104,0.0,True
0,15,30,random_baseline,0.21536120772361755,0.2473609745502472,0.07699847155456795,0.062026362866163254,0.44150441884994507,0.0,True
0,15,31,random_baseline,0.05076304078102112,0.06432989239692688,0.0,0.019724423065781593,0.250003844499588,0.0,True
0,16,0,deterministic_actor,-0.146671324968338,-0.13596221804618835,0.05444557497476056,0.12113890796899796,0.3437030613422394,0.0,True
0,16,1,actor_stochastic,0.04769381880760193,0.08215120434761047,0.11666354081323765,0.14457963407039642,0.5777655243873596,0.0,True
0,16,2,actor_stochastic,0.38355007767677307,0.40090444684028625,0.06820806654801954,0.12208202481269836,0.49881142377853394,0.0,True
0,16,3,actor_stochastic,0.038145989179611206,0.060899049043655396,0.02792229888135314,0.10120047628879547,0.3643442988395691,0.0,True
0,16,4,actor_stochastic,0.24867966771125793,0.24427202343940735,0.04669770934643414,0.10266855359077454,0.5672718286514282,0.0,True
0,16,5,actor_stochastic,0.24525728821754456,0.2374270260334015,0.0,0.08140163123607635,0.3950660824775696,0.0,True
0,16,6,actor_stochastic,-0.2484724223613739,-0.2504989802837372,0.11589712605371041,0.14413349330425262,0.5777154564857483,0.0,True
0,16,7,actor_stochastic,0.13219717144966125,0.11529329419136047,0.0,0.08140163123607635,0.3950660824775696,0.0,True
0,16,8,actor_stochastic,0.3239497244358063,0.33344343304634094,0.17460778250746015,0.16530917584896088,0.7211503982543945,0.0,True
0,16,9,actor_stochastic,0.12072083353996277,0.10365751385688782,0.11379629854310153,0.14318498969078064,0.5760217308998108,0.0,True
0,16,10,actor_stochastic,0.24986031651496887,0.257520467042923,0.0,0.08140163123607635,0.3950660824775696,0.0,True
0,16,11,actor_stochastic,0.22543957829475403,0.2105109989643097,0.06649686496890102,0.12371999770402908,0.448798269033432,0.0,True
0,16,12,actor_stochastic,0.21729019284248352,0.21914461255073547,0.11342434093264762,0.14301835000514984,0.5757067203521729,0.0,True
0,16,13,actor_stochastic,0.25347593426704407,0.2675626575946808,0.0,0.08140163123607635,0.3950660824775696,0.0,True
0,16,14,actor_stochastic,-0.11951038241386414,-0.13002488017082214,0.11649436744682365,0.16462674736976624,0.41563212871551514,0.0,True
0,16,15,actor_stochastic,0.025711804628372192,0.044309407472610474,0.0375480338667235,0.10168346017599106,0.47827789187431335,0.0,True
0,16,16,random_baseline,0.20448198914527893,0.20541217923164368,0.09014132832599342,0.14199943840503693,0.44767871499061584,0.0,True
0,16,17,random_baseline,0.2288263738155365,0.2420525848865509,0.09643757226548755,0.12289586663246155,0.6383629441261292,0.0,True
0,16,18,random_baseline,-0.05745658278465271,-0.02028629183769226,0.0,0.08140163123607635,0.3950660824775696,0.0,True
0,16,19,random_baseline,0.05182567238807678,0.06008747220039368,0.04327338200698209,0.10138161480426788,0.5595333576202393,0.0,True
0,16,20,random_baseline,-0.15576526522636414,-0.14131519198417664,0.0,0.08140163123607635,0.3950660824775696,0.0,True
0,16,21,random_baseline,-0.01359221339225769,-0.0004055202007293701,0.0,0.08140163123607635,0.3950660824775696,0.0,True
0,16,22,random_baseline,-0.10785350203514099,-0.1126844584941864,0.11647967076296334,0.14440351724624634,0.5781335830688477,0.0,True
0,16,23,random_baseline,0.2568381726741791,0.2538817226886749,0.13328597707248044,0.16298720240592957,0.529877781867981,0.0,True
0,16,24,random_baseline,0.12350890040397644,0.14120176434516907,0.0,0.08140163123607635,0.3950660824775696,0.0,True
0,16,25,random_baseline,0.0658593475818634,0.08417728543281555,0.0,0.08140163123607635,0.3950660824775696,0.0,True
0,16,26,random_baseline,-0.0009207427501678467,0.02248552441596985,0.0,0.08140163123607635,0.3950660824775696,0.0,True
0,16,27,random_baseline,0.1711290180683136,0.1782086193561554,0.027960955543532024,0.10122988373041153,0.36430755257606506,0.0,True
0,16,28,random_baseline,0.3200280964374542,0.3495955765247345,0.37823019204022623,0.20309346914291382,0.5980300307273865,0.0,True
0,16,29,random_baseline,0.005147844552993774,0.00488927960395813,0.08976974678452998,0.1434420943260193,0.41800978779792786,0.0,True
0,16,30,random_baseline,0.048873573541641235,0.09327152371406555,0.05417801919183615,0.12092477828264236,0.3438868224620819,0.0,True
0,16,31,random_baseline,0.3346886932849884,0.3500540554523468,0.11311678340643122,0.14215712249279022,0.5798864960670471,0.0,True
0,17,0,deterministic_actor,-0.12669911980628967,-0.11591121554374695,0.0,0.08140163123607635,0.395066499710083,0.0,True
0,17,1,actor_stochastic,-0.0006863772869110107,0.00316503643989563,0.0,0.08140163123607635,0.395066499710083,0.0,True
0,17,2,actor_stochastic,-0.019366711378097534,0.04448011517524719,0.0,0.08140163123607635,0.395066499710083,0.0,True
0,17,3,actor_stochastic,0.09932294487953186,0.08733204007148743,0.0,0.08140163123607635,0.395066499710083,0.0,True
0,17,4,actor_stochastic,0.08784016966819763,0.10378637909889221,0.0,0.08140163123607635,0.395066499710083,0.0,True
0,17,5,actor_stochastic,-0.02804705500602722,-0.0010034739971160889,0.0,0.08140163123607635,0.395066499710083,0.0,True
0,17,6,actor_stochastic,0.2972695529460907,0.3141012489795685,0.043799361787160714,0.10158039629459381,0.5607552528381348,0.0,True
0,17,7,actor_stochastic,0.07968750596046448,0.10700014233589172,0.0,0.08140163123607635,0.395066499710083,0.0,True
0,17,8,actor_stochastic,0.1703050434589386,0.1568613350391388,0.0,0.08140163123607635,0.395066499710083,0.0,True
0,17,9,actor_stochastic,0.02743878960609436,0.046277791261672974,0.0,0.08140163123607635,0.395066499710083,0.0,True
0,17,10,actor_stochastic,0.027416616678237915,0.0660264790058136,0.0,0.08140163123607635,0.395066499710083,0.0,True
0,17,11,actor_stochastic,0.4286084473133087,0.4487893879413605,0.04536761562081346,0.10217065364122391,0.5643260478973389,0.0,True
0,17,12,actor_stochastic,0.3363715708255768,0.36590269207954407,0.0,0.08140163123607635,0.395066499710083,0.0,True
0,17,13,actor_stochastic,0.1069362461566925,0.11789682507514954,0.0,0.08140163123607635,0.395066499710083,0.0,True
0,17,14,actor_stochastic,0.0684451162815094,0.052737265825271606,0.0,0.08140163123607635,0.395066499710083,0.0,True
0,17,15,actor_stochastic,0.05226889252662659,0.08799245953559875,0.0,0.08140163123607635,0.395066499710083,0.0,True
0,17,16,random_baseline,0.09360626339912415,0.07532671093940735,0.0,0.08140163123607635,0.395066499710083,0.0,True
0,17,17,random_baseline,0.02294287085533142,0.060372620820999146,0.0,0.08140163123607635,0.395066499710083,0.0,True
0,17,18,random_baseline,0.23374751210212708,0.26998046040534973,0.04332433358726012,0.10140088200569153,0.5596524477005005,0.0,True
0,17,19,random_baseline,-0.010078713297843933,-0.0013727843761444092,0.0,0.08140163123607635,0.395066499710083,0.0,True
0,17,20,random_baseline,0.29794567823410034,0.34929922223091125,0.0,0.08140163123607635,0.395066499710083,0.0,True
0,17,21,random_baseline,0.11516299843788147,0.11309698224067688,0.044855981834393606,0.10197848081588745,0.5631728172302246,0.0,True
0,17,22,random_baseline,0.1667969524860382,0.19538572430610657,0.0,0.08140163123607635,0.395066499710083,0.0,True
0,17,23,random_baseline,-0.08395057916641235,-0.05738446116447449,0.0,0.08140163123607635,0.395066499710083,0.0,True
0,17,24,random_baseline,-0.27515050768852234,-0.29035279154777527,0.0,0.08140163123607635,0.395066499710083,0.0,True
0,17,25,random_baseline,0.09750214219093323,0.11068585515022278,0.0445591134347588,0.10186680406332016,0.5624984502792358,0.0,True
0,17,26,random_baseline,-0.17516347765922546,-0.17356380820274353,0.0,0.08140163123607635,0.395066499710083,0.0,True
0,17,27,random_baseline,0.23510602116584778,0.22964361310005188,0.0,0.08140163123607635,0.395066499710083,0.0,True
0,17,28,random_baseline,0.07602789998054504,0.08214595913887024,0.0,0.08140163123607635,0.395066499710083,0.0,True
0,17,29,random_baseline,-0.021115750074386597,-0.018880099058151245,0.0,0.08140163123607635,0.395066499710083,0.0,True
0,17,30,random_baseline,0.007294267416000366,0.013367921113967896,0.0,0.08140163123607635,0.395066499710083,0.0,True
0,17,31,random_baseline,0.28105953335762024,0.3322586119174957,0.0,0.08140163123607635,0.395066499710083,0.0,True
0,18,0,deterministic_actor,0.16115990281105042,0.1781800091266632,0.5043200797515671,0.14297719299793243,0.6400175094604492,0.0,True
0,18,1,actor_stochastic,-0.13631746172904968,-0.10866376757621765,0.0,0.019724423065781593,0.250003844499588,0.0,True
0,18,2,actor_stochastic,0.27728429436683655,0.2606799900531769,0.0,0.019724423065781593,0.250003844499588,0.0,True
0,18,3,actor_stochastic,0.3078613579273224,0.33695629239082336,0.07512040839509947,0.060796916484832764,0.44511955976486206,0.0,True
0,18,4,actor_stochastic,-0.020315736532211304,-0.0023791491985321045,0.03974113901747005,0.060792021453380585,0.2500011622905731,0.0,True
0,18,5,actor_stochastic,0.195916086435318,0.2006540596485138,0.057079446825356595,0.061632320284843445,0.4536394774913788,0.0,True
0,18,6,actor_stochastic,0.1683584749698639,0.19607999920845032,0.038619463649231016,0.039679333567619324,0.49998560547828674,0.0,True
0,18,7,actor_stochastic,0.06461432576179504,0.09382608532905579,0.07615632388331159,0.06144265830516815,0.44321155548095703,0.0,True
0,18,8,actor_stochastic,0.09752574563026428,0.14431455731391907,0.07586538491499875,0.06125367060303688,0.44376781582832336,0.0,True
0,18,9,actor_stochastic,-0.025651901960372925,0.008056432008743286,0.0760887791240189,0.06139874458312988,0.44334059953689575,0.0,True
0,18,10,actor_stochastic,0.021206051111221313,0.03416517376899719,0.09359684055200715,0.07987856864929199,0.49992790818214417,0.0,True
0,18,11,actor_stochastic,0.3652321398258209,0.3586175739765167,0.07617275556030578,0.06145334988832474,0.443180114030838,0.0,True
0,18,12,actor_stochastic,0.0906006395816803,0.13447406888008118,0.03820600463386672,0.039465032517910004,0.5000025033950806,0.0,True
0,18,13,actor_stochastic,0.025882691144943237,0.02885034680366516,0.09559101097472966,0.08140942454338074,0.49998098611831665,0.0,True
0,18,14,actor_stochastic,0.12390807271003723,0.12529924511909485,0.04037084462386403,0.06144274026155472,0.2500011622905731,0.0,True
0,18,15,actor_stochastic,0.46248987317085266,0.4780323803424835,0.2533199058575139,0.08234722912311554,0.6606811881065369,0.0,True
0,18,16,random_baseline,0.11599615216255188,0.1643994152545929,0.12604238073844168,0.08092175424098969,0.6574401259422302,0.0,True
0,18,17,random_baseline,0.04797986149787903,0.0563676655292511,0.019137517605873736,0.03950069844722748,0.2500019073486328,0.0,True
0,18,18,random_baseline,0.234637051820755,0.24288681149482727,0.07581350585168903,0.06122002750635147,0.4438670575618744,0.0,True
0,18,19,random_baseline,-0.00891682505607605,0.018591195344924927,0.038302925457092116,0.05930580198764801,0.2500012218952179,0.0,True
0,18,20,random_baseline,0.07274284958839417,0.06790474057197571,0.07384231370571798,0.060019977390766144,0.4474410116672516,0.0,True
0,18,21,random_baseline,0.039235860109329224,0.03244855999946594,0.020543896810850646,0.040954023599624634,0.25000184774398804,0.0,True
0,18,22,random_baseline,0.05274239182472229,0.047694236040115356,0.07351158756108317,0.05980318784713745,0.44809359312057495,0.0,True
0,18,23,random_baseline,0.13653603196144104,0.17573049664497375,0.0,0.019724423065781593,0.250003844499588,0.0,True
0,18,24,random_baseline,0.1541459858417511,0.17614057660102844,0.0,0.019724423065781593,0.250003844499588,0.0,True
0,18,25,random_baseline,0.14700904488563538,0.15249422192573547,0.0,0.019724423065781593,0.250003844499588,0.0,True
0,18,26,random_baseline,0.15422490239143372,0.1485297977924347,0.0,0.019724423065781593,0.250003844499588,0.0,True
0,18,27,random_baseline,-0.08777782320976257,-0.052685946226119995,0.0,0.019724423065781593,0.250003844499588,0.0,True
0,18,28,random_baseline,-0.0507645308971405,-0.00846812129020691,0.0,0.019724423065781593,0.250003844499588,0.0,True
0,18,29,random_baseline,0.36997857689857483,0.3962128460407257,0.4597075829775367,0.10228729993104935,0.6887113451957703,0.0,True
0,18,30,random_baseline,0.021943598985671997,0.033533841371536255,0.019965643440998073,0.04035646468400955,0.2500018775463104,0.0,True
0,18,31,random_baseline,0.20812895894050598,0.21338728070259094,0.07459859767421999,0.06045951694250107,0.4461243748664856,0.0,True
0,19,0,deterministic_actor,0.06501045823097229,0.07966950535774231,0.0,0.060325294733047485,0.25000226497650146,0.0,True
0,19,1,actor_stochastic,0.3164342939853668,0.32732608914375305,0.0,0.060325294733047485,0.25000226497650146,0.0,True
0,19,2,actor_stochastic,0.06692537665367126,0.06484249234199524,0.032230951298286105,0.08097627758979797,0.40321114659309387,0.0,True
0,19,3,actor_stochastic,0.052622824907302856,0.07955530285835266,0.0,0.060325294733047485,0.25000226497650146,0.0,True
0,19,4,actor_stochastic,0.31819239258766174,0.3110678493976593,0.0,0.060325294733047485,0.25000226497650146,0.0,True
0,19,5,actor_stochastic,0.3842945396900177,0.40151289105415344,0.0507492274751047,0.10223928093910217,0.37333256006240845,0.0,True
0,19,6,actor_stochastic,0.05896785855293274,0.06304195523262024,0.0,0.060325294733047485,0.25000226497650146,0.0,True
0,19,7,actor_stochastic,0.1333310902118683,0.1490819752216339,0.0,0.060325294733047485,0.25000226497650146,0.0,True
0,19,8,actor_stochastic,0.28715780377388,0.2894800007343292,0.0,0.060325294733047485,0.25000226497650146,0.0,True
0,19,9,actor_stochastic,0.21978071331977844,0.21795251965522766,0.0,0.060325294733047485,0.25000226497650146,0.0,True
0,19,10,actor_stochastic,0.21244123578071594,0.22356298565864563,0.06036584682500691,0.12270589172840118,0.25000104308128357,0.0,True
0,19,11,actor_stochastic,0.24455836415290833,0.24860790371894836,0.0,0.060325294733047485,0.25000226497650146,0.0,True
0,19,12,actor_stochastic,0.10747078061103821,0.09475591778755188,0.0,0.060325294733047485,0.25000226497650146,0.0,True
0,19,13,actor_stochastic,0.4622301459312439,0.4588867723941803,0.07036912508356677,0.10134550929069519,0.48249414563179016,0.0,True
0,19,14,actor_stochastic,0.19340208172798157,0.17887380719184875,0.03339030970223792,0.08154522627592087,0.4065150320529938,0.0,True
0,19,15,actor_stochastic,0.2223326861858368,0.2452397644519806,0.03151448449933845,0.08062230050563812,0.4011237621307373,0.0,True
0,19,16,random_baseline,0.25117042660713196,0.2899339497089386,0.0,0.060325294733047485,0.25000226497650146,0.0,True
0,19,17,random_baseline,0.33686378598213196,0.37459638714790344,0.13170201832092546,0.10320308804512024,0.5838525295257568,0.0,True
0,19,18,random_baseline,0.12430241703987122,0.13839128613471985,0.030467669931918157,0.08010163903236389,0.39800944924354553,0.0,True
0,19,19,random_baseline,0.1337607204914093,0.1460149586200714,0.0,0.060325294733047485,0.25000226497650146,0.0,True
0,19,20,random_baseline,0.3431585133075714,0.3596532642841339,0.3006722013501771,0.1638483703136444,0.5337600111961365,0.0,True
0,19,21,random_baseline,0.02300754189491272,0.01109197735786438,0.03865118610680359,0.1002664789557457,0.25000131130218506,0.0,True
0,19,22,random_baseline,-0.061042994260787964,-0.057266443967819214,0.0,0.060325294733047485,0.25000226497650146,0.0,True
0,19,23,random_baseline,0.27311715483665466,0.27830687165260315,0.0,0.060325294733047485,0.25000226497650146,0.0,True
0,19,24,random_baseline,0.14681437611579895,0.1578691303730011,0.07072383889258081,0.10162913054227829,0.48307910561561584,0.0,True
0,19,25,random_baseline,0.15330412983894348,0.1850159466266632,0.0,0.060325294733047485,0.25000226497650146,0.0,True
0,19,26,random_baseline,0.04502120614051819,0.06749418377876282,0.040322195600963166,0.10199325531721115,0.25000128149986267,0.0,True
0,19,27,random_baseline,0.028562694787979126,0.0193040668964386,0.0,0.060325294733047485,0.25000226497650146,0.0,True
0,19,28,random_baseline,0.3243947923183441,0.3245141804218292,0.07887158352352398,0.10189718008041382,0.5764189958572388,0.0,True
0,19,29,random_baseline,0.047501057386398315,0.05199125409126282,0.0,0.060325294733047485,0.25000226497650146,0.0,True
0,19,30,random_baseline,0.10230377316474915,0.12061288952827454,0.07129511537515024,0.10188999772071838,0.4836062788963318,0.0,True
0,19,31,random_baseline,0.07597830891609192,0.05687788128852844,0.03131460729166652,0.08052320778369904,0.40053510665893555,0.0,True
1,0,0,deterministic_actor,0.22070887684822083,0.2550974190235138,0.1043197845031053,0.07979793101549149,0.39819392561912537,0.0,True
1,0,1,actor_stochastic,0.10308388620615005,0.12769880890846252,0.07639603210356818,0.061598729342222214,0.442753404378891,0.0,True
1,0,2,actor_stochastic,0.07145456224679947,0.0687590017914772,0.03991896658500807,0.060975782573223114,0.2500011920928955,0.0,True
1,0,3,actor_stochastic,0.05264381319284439,0.03886321932077408,0.07626775104873033,0.061537936329841614,0.4429316818714142,0.0,True
1,0,4,actor_stochastic,0.08040956407785416,0.07067302614450455,0.07624015958212352,0.06152152642607689,0.4429799020290375,0.0,True
1,0,5,actor_stochastic,0.07090381532907486,0.053143538534641266,0.07621796920451465,0.061508189886808395,0.4430190324783325,0.0,True
1,0,6,actor_stochastic,0.09933189302682877,0.12574675679206848,0.02007134420620627,0.04046569764614105,0.2500018775463104,0.0,True
1,0,7,actor_stochastic,-0.03417869657278061,-0.047404251992702484,0.15269857299467365,0.08172854781150818,0.6516509056091309,0.0,True
1,0,8,actor_stochastic,0.05209449678659439,0.045598067343235016,0.0760825589890601,0.06142522394657135,0.4432627856731415,0.0,True
1,0,9,actor_stochastic,0.043307818472385406,0.05794338136911392,0.662445129861811,0.1432664394378662,0.6397688984870911,0.0,True
1,0,10,actor_stochastic,-0.02130480855703354,0.0010671988129615784,0.2462190865382336,0.08141857385635376,0.6537929177284241,0.0,True
1,0,11,actor_stochastic,0.10135511308908463,0.12953141331672668,0.25423911998575394,0.08253443241119385,0.6599361300468445,0.0,True
1,0,12,actor_stochastic,0.03980974107980728,0.07621482759714127,0.02004055499959468,0.04043387994170189,0.2500018775463104,0.0,True
1,0,13,actor_stochastic,0.08821145445108414,0.09134010225534439,0.07630680454444516,0.06156066432595253,0.4428650140762329,0.0,True
1,0,14,actor_stochastic,-0.02209993451833725,-0.02484031766653061,0.07457218055801895,0.06047043204307556,0.44609159231185913,0.0,True
1,0,15,actor_stochastic,-0.027315102517604828,-0.036227189004421234,0.07634925419693273,0.0615682527422905,0.4428427517414093,0.0,True
1,0,16,random_baseline,0.14290288090705872,0.15411952137947083,0.10821605304669576,0.10149166733026505,0.47867217659950256,0.0,True
1,0,17,random_baseline,0.029669679701328278,0.05358985811471939,0.0741405041147487,0.06020783632993698,0.4468771815299988,0.0,True
1,0,18,random_baseline,-0.028484605252742767,-0.015520177781581879,0.18641141838193817,0.10235150158405304,0.4819745421409607,0.0,True
1,0,19,random_baseline,-0.08784385770559311,-0.08010955899953842,0.0,0.019724423065781593,0.250003844499588,0.0,True
1,0,20,random_baseline,-0.07447847723960876,-0.013455353677272797,0.07430223915953543,0.06029241532087326,0.44662386178970337,0.0,True
1,0,21,random_baseline,0.13184669613838196,0.13180449604988098,0.1526905278868839,0.08173471689224243,0.6508342623710632,0.0,True
1,0,22,random_baseline,0.0046191588044166565,-0.004547081887722015,0.0,0.019724423065781593,0.250003844499588,0.0,True
1,0,23,random_baseline,0.2105042040348053,0.24801304936408997,0.18064938621132187,0.10083039104938507,0.691024124622345,0.0,True
1,0,24,random_baseline,0.2559855282306671,0.2883653938770294,0.09367059967832933,0.08026070147752762,0.4999948740005493,0.0,True
1,0,25,random_baseline,0.03794006258249283,0.030823267996311188,0.0,0.019724423065781593,0.250003844499588,0.0,True
1,0,26,random_baseline,0.010071374475955963,0.004147805273532867,0.0,0.019724423065781593,0.250003844499588,0.0,True
1,0,27,random_baseline,0.2089008390903473,0.2296481430530548,0.13458532196699463,0.10206468403339386,0.47634100914001465,0.0,True
1,0,28,random_baseline,-0.030103109776973724,0.003766573965549469,0.07348243644639321,0.059762828052043915,0.4482153654098511,0.0,True
1,0,29,random_baseline,0.0032754316926002502,0.02828887850046158,0.0198542370401248,0.040241338312625885,0.2500018775463104,0.0,True
1,0,30,random_baseline,-0.003309689462184906,0.012312926352024078,0.07634604722824108,0.06156616657972336,0.44284889101982117,0.0,True
1,0,31,random_baseline,0.008854605257511139,0.019010819494724274,0.30226601172497913,0.12227264791727066,0.6380955576896667,0.0,True
1,1,0,deterministic_actor,0.36482658982276917,0.3953109085559845,0.0,0.019724423065781593,0.25000685453414917,0.0,True
1,1,1,actor_stochastic,0.010060586035251617,-0.007589302957057953,0.0,0.019724423065781593,0.25000685453414917,0.0,True
1,1,2,actor_stochastic,-0.15318281948566437,-0.10222097486257553,0.0,0.019724423065781593,0.25000685453414917,0.0,True
1,1,3,actor_stochastic,0.12255719304084778,0.11962608247995377,0.019111878006542557,0.039473988115787506,0.250003457069397,0.0,True
1,1,4,actor_stochastic,0.057200945913791656,0.04949859529733658,0.0,0.019724423065781593,0.25000685453414917,0.0,True
1,1,5,actor_stochastic,0.20021489262580872,0.1928873360157013,0.0,0.019724423065781593,0.25000685453414917,0.0,True
1,1,6,actor_stochastic,0.3690802752971649,0.3984575569629669,0.0,0.019724423065781593,0.25000685453414917,0.0,True
1,1,7,actor_stochastic,0.13806116580963135,0.17874446511268616,0.0,0.019724423065781593,0.25000685453414917,0.0,True
1,1,8,actor_stochastic,0.07671646028757095,0.07571319490671158,0.0,0.019724423065781593,0.25000685453414917,0.0,True
1,1,9,actor_stochastic,0.18183520436286926,0.1690702736377716,0.0,0.019724423065781593,0.25000685453414917,0.0,True
1,1,10,actor_stochastic,0.19763019680976868,0.22551634907722473,0.038511416490382956,0.03962311893701553,0.49999484419822693,0.0,True
1,1,11,actor_stochastic,0.129703551530838,0.16357377171516418,0.0,0.019724423065781593,0.25000685453414917,0.0,True
1,1,12,actor_stochastic,-0.07104620337486267,-0.0313233956694603,0.019466646034092025,0.03984059393405914,0.2500034272670746,0.0,True
1,1,13,actor_stochastic,0.3115769922733307,0.34188082814216614,0.07581318284764814,0.06131315603852272,0.44359374046325684,0.0,True
1,1,14,actor_stochastic,0.1883857548236847,0.20844939351081848,0.0,0.019724423065781593,0.25000685453414917,0.0,True
1,1,15,actor_stochastic,0.08851436525583267,0.07827667146921158,0.019141269067091456,0.039504390209913254,0.250003457069397,0.0,True
1,1,16,random_baseline,-0.01810546964406967,0.009091414511203766,0.0,0.019724423065781593,0.25000685453414917,0.0,True
1,1,17,random_baseline,-0.04806198924779892,-0.03656407445669174,0.0404967331416276,0.04066728055477142,0.4995560944080353,0.0,True
1,1,18,random_baseline,0.10913589596748352,0.09178165346384048,0.0,0.019724423065781593,0.25000685453414917,0.0,True
1,1,19,random_baseline,0.15572574734687805,0.18583586812019348,0.0,0.019724423065781593,0.25000685453414917,0.0,True
1,1,20,random_baseline,0.07513550668954849,0.06314090639352798,0.0,0.019724423065781593,0.25000685453414917,0.0,True
1,1,21,random_baseline,-0.10879138112068176,-0.056266508996486664,0.0,0.019724423065781593,0.25000685453414917,0.0,True
1,1,22,random_baseline,-0.14565321803092957,-0.15480515360832214,0.019778155745465844,0.040162503719329834,0.2500033974647522,0.0,True
1,1,23,random_baseline,-0.06261249631643295,-0.07113166898488998,0.0,0.019724423065781593,0.25000685453414917,0.0,True
1,1,24,random_baseline,0.08653772622346878,0.11854193359613419,0.02013345096175347,0.04052968695759773,0.2500033676624298,0.0,True
1,1,25,random_baseline,0.14951589703559875,0.1522074043750763,0.0,0.019724423065781593,0.25000685453414917,0.0,True
1,1,26,random_baseline,0.2655070126056671,0.3080640137195587,0.0,0.019724423065781593,0.25000685453414917,0.0,True
1,1,27,random_baseline,0.15557482838630676,0.17296794056892395,0.0,0.019724423065781593,0.25000685453414917,0.0,True
1,1,28,random_baseline,-0.10646482557058334,-0.11515041440725327,0.02060733711165236,0.04101935774087906,0.2500033378601074,0.0,True
1,1,29,random_baseline,0.08111575990915298,0.0853138342499733,0.0,0.019724423065781593,0.25000685453414917,0.0,True
1,1,30,random_baseline,-0.08043184876441956,-0.04077812284231186,0.04042611061525961,0.04062965139746666,0.49958252906799316,0.0,True
1,1,31,random_baseline,0.002969183027744293,-0.003653012216091156,0.01989047347916876,0.04027856886386871,0.2500033974647522,0.0,True
1,2,0,deterministic_actor,0.3727084696292877,0.401976615190506,0.0,0.019724423065781593,0.25000834465026855,0.0,True
1,2,1,actor_stochastic,-0.011046372354030609,-0.031084977090358734,0.0,0.019724423065781593,0.25000834465026855,0.0,True
1,2,2,actor_stochastic,-0.0060598477721214294,0.025283850729465485,0.0,0.019724423065781593,0.25000834465026855,0.0,True
1,2,3,actor_stochastic,0.02155403047800064,0.012291945517063141,0.0,0.019724423065781593,0.25000834465026855,0.0,True
1,2,4,actor_stochastic,0.27294155955314636,0.3017332851886749,0.0,0.019724423065781593,0.25000834465026855,0.0,True
1,2,5,actor_stochastic,0.09256700426340103,0.10392288118600845,0.0,0.019724423065781593,0.25000834465026855,0.0,True
1,2,6,actor_stochastic,0.04155544191598892,0.0581694021821022,0.0,0.019724423065781593,0.25000834465026855,0.0,True
1,2,7,actor_stochastic,0.06569579988718033,0.09112361818552017,0.0,0.019724423065781593,0.25000834465026855,0.0,True
1,2,8,actor_stochastic,0.15930894017219543,0.15219977498054504,0.0,0.019724423065781593,0.25000834465026855,0.0,True
1,2,9,actor_stochastic,0.2602454125881195,0.29700687527656555,0.0,0.019724423065781593,0.25000834465026855,0.0,True
1,2,10,actor_stochastic,-0.01847740262746811,0.013284243643283844,0.0,0.019724423065781593,0.25000834465026855,0.0,True
1,2,11,actor_stochastic,-0.0038609132170677185,-0.02201934903860092,0.0,0.019724423065781593,0.25000834465026855,0.0,True
1,2,12,actor_stochastic,-0.029439829289913177,-0.01206894963979721,0.0,0.019724423065781593,0.25000834465026855,0.0,True
1,2,13,actor_stochastic,0.21965840458869934,0.21750357747077942,0.0,0.019724423065781593,0.25000834465026855,0.0,True
1,2,14,actor_stochastic,0.1581149399280548,0.14666464924812317,0.0,0.019724423065781593,0.25000834465026855,0.0,True
1,2,15,actor_stochastic,0.25622665882110596,0.281019002199173,0.0,0.019724423065781593,0.25000834465026855,0.0,True
1,2,16,random_baseline,0.07439569383859634,0.09119514375925064,0.0,0.019724423065781593,0.25000834465026855,0.0,True
1,2,17,random_baseline,0.37803080677986145,0.3961268961429596,0.0,0.019724423065781593,0.25000834465026855,0.0,True
1,2,18,random_baseline,0.15458205342292786,0.16647818684577942,0.0,0.019724423065781593,0.25000834465026855,0.0,True
1,2,19,random_baseline,-0.28274962306022644,-0.28846070170402527,0.0,0.019724423065781593,0.25000834465026855,0.0,True
1,2,20,random_baseline,-0.026193462312221527,-0.04814525693655014,0.0,0.019724423065781593,0.25000834465026855,0.0,True
1,2,21,random_baseline,0.1190519705414772,0.11691955476999283,0.0,0.019724423065781593,0.25000834465026855,0.0,True
1,2,22,random_baseline,-0.30742284655570984,-0.313381165266037,0.0,0.019724423065781593,0.25000834465026855,0.0,True
1,2,23,random_baseline,-0.005560837686061859,-0.02470489591360092,0.0,0.019724423065781593,0.25000834465026855,0.0,True
1,2,24,random_baseline,-0.09167715162038803,-0.10486122220754623,0.0,0.019724423065781593,0.25000834465026855,0.0,True
1,2,25,random_baseline,-0.028136692941188812,-0.03742309659719467,0.0,0.019724423065781593,0.25000834465026855,0.0,True
1,2,26,random_baseline,0.11639097332954407,0.10030082613229752,0.0,0.019724423065781593,0.25000834465026855,0.0,True
1,2,27,random_baseline,-0.0694703683257103,-0.07830139249563217,0.0,0.019724423065781593,0.25000834465026855,0.0,True
1,2,28,random_baseline,0.11984255909919739,0.10562995821237564,0.0,0.019724423065781593,0.25000834465026855,0.0,True
1,2,29,random_baseline,0.09512690454721451,0.09088806062936783,0.0,0.019724423065781593,0.25000834465026855,0.0,True
1,2,30,random_baseline,0.20085716247558594,0.22153916954994202,0.0,0.019724423065781593,0.25000834465026855,0.0,True
1,2,31,random_baseline,0.17239049077033997,0.17216399312019348,0.0,0.019724423065781593,0.25000834465026855,0.0,True
1,3,0,deterministic_actor,0.22070887684822083,0.2550974190235138,0.1043197845031053,0.07979793101549149,0.39819392561912537,0.0,True
1,3,1,actor_stochastic,-0.017555199563503265,0.0016813650727272034,0.019775103357279472,0.04015956446528435,0.2500019073486328,0.0,True
1,3,2,actor_stochastic,0.026326097548007965,0.05967763811349869,0.1276962214142423,0.08192187547683716,0.6548029780387878,0.0,True
1,3,3,actor_stochastic,0.14835312962532043,0.15299895405769348,0.02080293220861083,0.041221700608730316,0.25000184774398804,0.0,True
1,3,4,actor_stochastic,0.09805754572153091,0.1406255066394806,0.5038394912678198,0.12171793729066849,0.6382876038551331,0.0,True
1,3,5,actor_stochastic,0.11678389459848404,0.11351112276315689,0.44850325572203353,0.10007123649120331,0.6921921968460083,0.0,True
1,3,6,actor_stochastic,-0.18937554955482483,-0.12723609805107117,0.03850768810088244,0.0396212637424469,0.49999305605888367,0.0,True
1,3,7,actor_stochastic,-0.2188798487186432,-0.15512368083000183,0.07448561778223325,0.060398686677217484,0.446306049823761,0.0,True
1,3,8,actor_stochastic,0.05571416765451431,0.043072737753391266,0.15166423561191844,0.0812184289097786,0.6579769849777222,0.0,True
1,3,9,actor_stochastic,0.006626524031162262,0.010791338980197906,0.09742650912312453,0.060178305953741074,0.7496875524520874,0.0,True
1,3,10,actor_stochastic,0.029493369162082672,0.03238777071237564,0.076255490738207,0.06150718778371811,0.4430219531059265,0.0,True
1,3,11,actor_stochastic,0.012144125998020172,0.0033407583832740784,0.06052770414989485,0.08227238059043884,0.25000086426734924,0.0,True
1,3,12,actor_stochastic,0.07920793443918228,0.06253150850534439,0.07414645431061617,0.060183580964803696,0.44694989919662476,0.0,True
1,3,13,actor_stochastic,-0.030778847634792328,-0.04019638150930405,0.0763108697810169,0.06154324859380722,0.4429161250591278,0.0,True
1,3,14,actor_stochastic,0.11971000581979752,0.11999610811471939,0.020390732909005987,0.04079574719071388,0.25000184774398804,0.0,True
1,3,15,actor_stochastic,0.1461631953716278,0.18618014454841614,0.18806734243380252,0.10293303430080414,0.48136723041534424,0.0,True
1,3,16,random_baseline,-0.14692005515098572,-0.09581657499074936,0.03858256505190324,0.03966018557548523,0.4999884068965912,0.0,True
1,3,17,random_baseline,0.1583128571510315,0.1615295708179474,0.1789934690809727,0.100453220307827,0.6915095448493958,0.0,True
1,3,18,random_baseline,0.20728090405464172,0.2083006203174591,0.0,0.019724423065781593,0.250003844499588,0.0,True
1,3,19,random_baseline,-0.006411992013454437,-0.015036545693874359,0.07429373953891669,0.06026254594326019,0.44671329855918884,0.0,True
1,3,20,random_baseline,0.00535968691110611,0.0375385656952858,0.019181866060687374,0.039546526968479156,0.2500019371509552,0.0,True
1,3,21,random_baseline,0.0018563643097877502,0.029623068869113922,0.30277957661412913,0.10190638899803162,0.689224362373352,0.0,True
1,3,22,random_baseline,-0.0917491540312767,-0.10594650357961655,0.0,0.019724423065781593,0.250003844499588,0.0,True
1,3,23,random_baseline,-0.023167096078395844,-0.021548710763454437,0.01976904241716942,0.04015330225229263,0.2500019073486328,0.0,True
1,3,24,random_baseline,-0.16158005595207214,-0.15934941172599792,0.0,0.019724423065781593,0.250003844499588,0.0,True
1,3,25,random_baseline,-0.060650534927845,-0.03675874322652817,0.07635038240390411,0.061568982899188995,0.4428406059741974,0.0,True
1,3,26,random_baseline,-0.009587250649929047,-0.024868927896022797,0.0,0.019724423065781593,0.250003844499588,0.0,True
1,3,27,random_baseline,0.06344226747751236,0.06957343965768814,0.07461122482504691,0.06046557426452637,0.4461062550544739,0.0,True
1,3,28,random_baseline,0.1907764971256256,0.21577027440071106,0.03975633174325029,0.060807716101408005,0.2500011920928955,0.0,True
1,3,29,random_baseline,-0.30138131976127625,-0.300507515668869,0.0,0.019724423065781593,0.250003844499588,0.0,True
1,3,30,random_baseline,0.0027385130524635315,0.007280386984348297,0.08156964089138749,0.10401665419340134,0.2500006854534149,0.0,True
1,3,31,random_baseline,0.029523171484470367,0.030465878546237946,0.03865691366060001,0.039698801934719086,0.49998268485069275,0.0,True
1,4,0,deterministic_actor,0.4493465721607208,0.4788356125354767,0.18554633511660723,0.22306708991527557,0.5708023309707642,0.0,True
1,4,1,actor_stochastic,0.1811540424823761,0.15577366948127747,0.0,0.14267240464687347,0.5758814215660095,0.0,True
1,4,2,actor_stochastic,0.15418341755867004,0.14646056294441223,0.0,0.14267240464687347,0.5758814215660095,0.0,True
1,4,3,actor_stochastic,0.10800794512033463,0.1043415442109108,0.0,0.14267240464687347,0.5758814215660095,0.0,True
1,4,4,actor_stochastic,0.12465766072273254,0.10314468294382095,0.0,0.14267240464687347,0.5758814215660095,0.0,True
1,4,5,actor_stochastic,0.14833465218544006,0.1349492371082306,0.0,0.14267240464687347,0.5758814215660095,0.0,True
1,4,6,actor_stochastic,0.19019749760627747,0.16518500447273254,0.14387524234050036,0.20526710152626038,0.6522948741912842,0.0,True
1,4,7,actor_stochastic,0.052398063242435455,0.0810263529419899,0.04902686379920185,0.1634315848350525,0.6101324558258057,0.0,True
1,4,8,actor_stochastic,0.279115229845047,0.25304892659187317,0.04088228460785935,0.16269275546073914,0.5275501012802124,0.0,True
1,4,9,actor_stochastic,0.201104074716568,0.21062281727790833,0.04888550800222328,0.16337303817272186,0.6100943088531494,0.0,True
1,4,10,actor_stochastic,-0.017329178750514984,-0.0337037667632103,0.3600701158088915,0.24428455531597137,0.8109205365180969,0.0,True
1,4,11,actor_stochastic,0.21029457449913025,0.19309213757514954,0.0,0.14267240464687347,0.5758814215660095,0.0,True
1,4,12,actor_stochastic,0.18186894059181213,0.14364102482795715,0.04251082945291518,0.1635638326406479,0.5256926417350769,0.0,True
1,4,13,actor_stochastic,0.18369629979133606,0.17007353901863098,0.04158720862668878,0.16306908428668976,0.5267452001571655,0.0,True
1,4,14,actor_stochastic,0.12019399553537369,0.14023974537849426,0.09767989656451265,0.18404600024223328,0.609657347202301,0.0,True
1,4,15,actor_stochastic,0.08365539461374283,0.05903152376413345,0.047222129478529634,0.16268408298492432,0.6096247434616089,0.0,True
1,4,16,random_baseline,-0.08901163190603256,-0.10350128263235092,0.357113359890339,0.2223287671804428,0.857525110244751,0.0,True
1,4,17,random_baseline,0.18982437252998352,0.1864652931690216,0.12384932403830126,0.18460144102573395,0.8041220307350159,0.0,True
1,4,18,random_baseline,0.14086589217185974,0.15287163853645325,0.14647671688579555,0.20534951984882355,0.5913400650024414,0.0,True
1,4,19,random_baseline,-0.16036221385002136,-0.1843714416027069,0.8376074018704014,0.28819260001182556,0.8405458331108093,0.0,True
1,4,20,random_baseline,0.14974263310432434,0.12646201252937317,0.08309463986962218,0.18516984581947327,0.48538637161254883,0.0,True
1,4,21,random_baseline,0.09381917864084244,0.09365753084421158,0.3069896158973796,0.20505164563655853,0.8306804895401001,0.0,True
1,4,22,random_baseline,0.2242584526538849,0.1977548897266388,0.040857713229034816,0.16267965734004974,0.5275781750679016,0.0,True
1,4,23,random_baseline,0.07833770662546158,0.05251125246286392,0.4451052209115096,0.24701009690761566,0.6620403528213501,0.0,True
1,4,24,random_baseline,0.2691076099872589,0.23862174153327942,0.04330500410258482,0.16399075090885162,0.5247892737388611,0.0,True
1,4,25,random_baseline,0.30504265427589417,0.26723864674568176,0.1438486729509658,0.20523343980312347,0.6524302363395691,0.0,True
1,4,26,random_baseline,0.49100905656814575,0.5338690876960754,0.17869168640557295,0.1830349713563919,0.5718680620193481,0.0,True
1,4,27,random_baseline,0.21630433201789856,0.25188735127449036,0.32840149839558574,0.24788162112236023,0.5757962465286255,0.0,True
1,4,28,random_baseline,0.129742830991745,0.15121987462043762,0.09760306313187278,0.18401220440864563,0.6096758842468262,0.0,True
1,4,29,random_baseline,0.143708735704422,0.10315421968698502,0.5621401840713619,0.2456306666135788,0.7818470597267151,0.0,True
1,4,30,random_baseline,0.24870851635932922,0.23580172657966614,0.18681793281042344,0.2043399214744568,0.8258774876594543,0.0,True
1,4,31,random_baseline,0.2181573212146759,0.2550552189350128,0.1823702594542932,0.1836833655834198,0.5744132995605469,0.0,True
1,5,0,deterministic_actor,0.41967394948005676,0.4520764648914337,0.0,0.20535795390605927,0.8299446105957031,0.0,True
1,5,1,actor_stochastic,0.03776363283395767,0.011063612997531891,0.0,0.20535795390605927,0.8299446105957031,0.0,True
1,5,2,actor_stochastic,0.10355667024850845,0.1316862404346466,0.0,0.20535795390605927,0.8299446105957031,0.0,True
1,5,3,actor_stochastic,0.03839687258005142,0.02675727754831314,0.0,0.20535795390605927,0.8299446105957031,0.0,True
1,5,4,actor_stochastic,0.15424463152885437,0.18115046620368958,0.0,0.20535795390605927,0.8299446105957031,0.0,True
1,5,5,actor_stochastic,-0.025598011910915375,0.003449477255344391,0.0,0.20535795390605927,0.8299446105957031,0.0,True
1,5,6,actor_stochastic,-0.038775406777858734,-0.010966263711452484,0.0,0.20535795390605927,0.8299446105957031,0.0,True
1,5,7,actor_stochastic,-0.2353343665599823,-0.1858052909374237,0.0,0.20535795390605927,0.8299446105957031,0.0,True
1,5,8,actor_stochastic,-0.30444642901420593,-0.2485646903514862,0.06997779184500316,0.22639206051826477,0.8594810962677002,0.0,True
1,5,9,actor_stochastic,0.09754232317209244,0.09852126985788345,0.0,0.20535795390605927,0.8299446105957031,0.0,True
1,5,10,actor_stochastic,0.1370578110218048,0.17652419209480286,0.0,0.20535795390605927,0.8299446105957031,0.0,True
1,5,11,actor_stochastic,0.06953219324350357,0.08870486170053482,0.06696035731019855,0.22549298405647278,0.859143078327179,0.0,True
1,5,12,actor_stochastic,-0.1446056067943573,-0.09590812772512436,0.0,0.20535795390605927,0.8299446105957031,0.0,True
1,5,13,actor_stochastic,-0.23774144053459167,-0.20016762614250183,0.06872052168757194,0.2260173261165619,0.8593487739562988,0.0,True
1,5,14,actor_stochastic,0.1496749222278595,0.12817862629890442,0.0,0.20535795390605927,0.8299446105957031,0.0,True
1,5,15,actor_stochastic,0.15465977787971497,0.17606070637702942,0.0,0.20535795390605927,0.8299446105957031,0.0,True
1,5,16,random_baseline,0.08752528578042984,0.07660011202096939,0.0,0.20535795390605927,0.8299446105957031,0.0,True
1,5,17,random_baseline,0.07881096750497818,0.12047628313302994,0.0688642400283924,0.226060152053833,0.8593645691871643,0.0,True
1,5,18,random_baseline,-0.020356379449367523,-0.04883643239736557,0.0,0.20535795390605927,0.8299446105957031,0.0,True
1,5,19,random_baseline,-0.030606232583522797,-0.0379609689116478,0.0,0.20535795390605927,0.8299446105957031,0.0,True
1,5,20,random_baseline,0.2027917206287384,0.23046115040779114,0.0,0.20535795390605927,0.8299446105957031,0.0,True
1,5,21,random_baseline,0.045321978628635406,0.0902433767914772,0.06751996181103338,0.22565966844558716,0.8592109084129333,0.0,True
1,5,22,random_baseline,-0.007979236543178558,-0.02289672940969467,0.0,0.20535795390605927,0.8299446105957031,0.0,True
1,5,23,random_baseline,-0.22313544154167175,-0.24140068888664246,0.0,0.20535795390605927,0.8299446105957031,0.0,True
1,5,24,random_baseline,0.301667720079422,0.32247450947761536,0.0,0.20535795390605927,0.8299446105957031,0.0,True
1,5,25,random_baseline,-0.3693983256816864,-0.39091965556144714,0.0,0.20535795390605927,0.8299446105957031,0.0,True
1,5,26,random_baseline,0.16343167424201965,0.14326956868171692,0.0,0.20535795390605927,0.8299446105957031,0.0,True
1,5,27,random_baseline,0.11932400614023209,0.15471556782722473,0.0,0.20535795390605927,0.8299446105957031,0.0,True
1,5,28,random_baseline,-0.09630647301673889,-0.06358285993337631,0.06582052219334654,0.2251536250114441,0.858996570110321,0.0,True
1,5,29,random_baseline,-0.011670075356960297,0.010466612875461578,0.0,0.20535795390605927,0.8299446105957031,0.0,True
1,5,30,random_baseline,0.06807927042245865,0.10169986635446548,0.0,0.20535795390605927,0.8299446105957031,0.0,True
1,5,31,random_baseline,0.15249279141426086,0.13877394795417786,0.0,0.20535795390605927,0.8299446105957031,0.0,True
1,6,0,deterministic_actor,0.22070887684822083,0.2550974190235138,0.1043197845031053,0.07979793101549149,0.39819392561912537,0.0,True
1,6,1,actor_stochastic,0.1492026150226593,0.18230846524238586,0.04071389567983036,0.06179724633693695,0.2500011622905731,0.0,True
1,6,2,actor_stochastic,0.11952593922615051,0.10304740816354752,0.07639079482376239,0.06159532070159912,0.44276338815689087,0.0,True
1,6,3,actor_stochastic,0.02538088709115982,0.058082856237888336,0.07612212929124036,0.061420418322086334,0.44327688217163086,0.0,True
1,6,4,actor_stochastic,0.0737781897187233,0.05081848055124283,0.07638956510123529,0.06159451603889465,0.4427657425403595,0.0,True
1,6,5,actor_stochastic,0.05681804567575455,0.0892820730805397,0.019963271668469285,0.040354013442993164,0.2500018775463104,0.0,True
1,6,6,actor_stochastic,0.052853621542453766,0.061100997030735016,0.040020163751017634,0.06108035892248154,0.2500011920928955,0.0,True
1,6,7,actor_stochastic,0.060978926718235016,0.06536201387643814,0.039940852415949815,0.06099839508533478,0.2500011920928955,0.0,True
1,6,8,actor_stochastic,-0.010636530816555023,-0.013360939919948578,0.07572520808276942,0.06117062270641327,0.4440128803253174,0.0,True
1,6,9,actor_stochastic,0.16476014256477356,0.20121100544929504,0.01997209890747235,0.0403631329536438,0.2500019073486328,0.0,True
1,6,10,actor_stochastic,0.07172111421823502,0.04692176729440689,0.07636716246382813,0.06159219145774841,0.44277259707450867,0.0,True
1,6,11,actor_stochastic,0.11358527094125748,0.1407471001148224,0.4281746364900899,0.10135383158922195,0.8955183625221252,0.0,True
1,6,12,actor_stochastic,-0.030028900131583214,0.02834419161081314,0.02011954102344989,0.04051549732685089,0.25000184774398804,0.0,True
1,6,13,actor_stochastic,0.13113978505134583,0.1254911720752716,0.020523962847184545,0.04093342274427414,0.25000184774398804,0.0,True
1,6,14,actor_stochastic,0.05814556032419205,0.06304458528757095,0.0,0.019724423065781593,0.250003844499588,0.0,True
1,6,15,actor_stochastic,0.005425490438938141,0.012229003012180328,0.0,0.019724423065781593,0.250003844499588,0.0,True
1,6,16,random_baseline,0.04910377413034439,0.07070449739694595,0.019841792155863812,0.040228478610515594,0.2500018775463104,0.0,True
1,6,17,random_baseline,0.10185781866312027,0.1028323546051979,0.0,0.019724423065781593,0.250003844499588,0.0,True
1,6,18,random_baseline,0.004326440393924713,-0.0009801015257835388,0.07649710468230482,0.06170372664928436,0.44244593381881714,0.0,True
1,6,19,random_baseline,0.023202933371067047,0.026562727987766266,0.01914098528496982,0.0395042821764946,0.2500019073486328,0.0,True
1,6,20,random_baseline,0.050764597952365875,0.010481871664524078,0.03921249214678239,0.039988722652196884,0.4999113976955414,0.0,True
1,6,21,random_baseline,0.027852453291416168,0.05413631349802017,0.30693892733467776,0.10333162546157837,0.6871773600578308,0.0,True
1,6,22,random_baseline,0.013064421713352203,0.04849914461374283,0.019975008251012047,0.040366142988204956,0.2500019073486328,0.0,True
1,6,23,random_baseline,0.0790114775300026,0.07765869051218033,0.06027569409002394,0.08201196789741516,0.25000089406967163,0.0,True
1,6,24,random_baseline,-0.0046394094824790955,0.05080298334360123,0.04043980598659318,0.061514005064964294,0.2500011622905731,0.0,True
1,6,25,random_baseline,-0.03329034894704819,-0.020726166665554047,0.0,0.019724423065781593,0.250003844499588,0.0,True
1,6,26,random_baseline,-0.013800345361232758,-0.038650475442409515,0.0,0.019724423065781593,0.250003844499588,0.0,True
1,6,27,random_baseline,0.1983039677143097,0.2294330894947052,0.040696534212632744,0.06177929788827896,0.2500011622905731,0.0,True
1,6,28,random_baseline,0.09644249826669693,0.08855537325143814,0.07494107424442789,0.060714058578014374,0.4453657865524292,0.0,True
1,6,29,random_baseline,0.23434022068977356,0.26961997151374817,0.09466258892415266,0.08084690570831299,0.4999845027923584,0.0,True
1,6,30,random_baseline,0.19820645451545715,0.19335082173347473,0.07518366642933524,0.060866959393024445,0.4449115991592407,0.0,True
1,6,31,random_baseline,0.27510979771614075,0.30520060658454895,0.14886890557714214,0.08153096586465836,0.40389570593833923,0.0,True
1,7,0,deterministic_actor,0.32802918553352356,0.34659627079963684,0.13638109638628984,0.1027078777551651,0.3624913990497589,0.0,True
1,7,1,actor_stochastic,0.2626977264881134,0.29684022068977356,0.1278873106048304,0.08166653662919998,0.659075140953064,0.0,True
1,7,2,actor_stochastic,0.21722844243049622,0.20748808979988098,0.0,0.019724423065781593,0.25000685453414917,0.0,True
1,7,3,actor_stochastic,0.29067572951316833,0.32619574666023254,0.04043506705587903,0.061508793383836746,0.2500022351741791,0.0,True
1,7,4,actor_stochastic,0.13639453053474426,0.12535956501960754,0.020106957708885664,0.040502309799194336,0.2500033676624298,0.0,True
1,7,5,actor_stochastic,-0.18754050135612488,-0.19751450419425964,0.0,0.019724423065781593,0.25000685453414917,0.0,True
1,7,6,actor_stochastic,0.0720391646027565,0.04785827547311783,0.07660097586033857,0.061778850853443146,0.4422275125980377,0.0,True
1,7,7,actor_stochastic,0.3976939022541046,0.41392138600349426,0.0,0.019724423065781593,0.25000685453414917,0.0,True
1,7,8,actor_stochastic,0.15013733506202698,0.1767916977405548,0.07660116274124795,0.061778921633958817,0.44222721457481384,0.0,True
1,7,9,actor_stochastic,0.06305745989084244,0.046597518026828766,0.0384807657140746,0.059489261358976364,0.25000229477882385,0.0,True
1,7,10,actor_stochastic,0.29757359623908997,0.31041815876960754,0.07434809650465435,0.060314543545246124,0.44655880331993103,0.0,True
1,7,11,actor_stochastic,-0.026061974465847015,-0.033015213906764984,0.0,0.019724423065781593,0.25000685453414917,0.0,True
1,7,12,actor_stochastic,0.1805683672428131,0.20143607258796692,0.10730566846463054,0.08193808048963547,0.3940446972846985,0.0,True
1,7,13,actor_stochastic,0.3461773693561554,0.37525275349617004,0.0,0.019724423065781593,0.25000685453414917,0.0,True
1,7,14,actor_stochastic,0.22902873158454895,0.22814086079597473,0.0,0.019724423065781593,0.25000685453414917,0.0,True
1,7,15,actor_stochastic,0.24660852551460266,0.2771435081958771,0.01962486494917655,0.040004126727581024,0.2500034272670746,0.0,True
1,7,16,random_baseline,0.2088046371936798,0.17809966206550598,0.0,0.019724423065781593,0.25000685453414917,0.0,True
1,7,17,random_baseline,0.4907398819923401,0.5408831238746643,0.0,0.019724423065781593,0.25000685453414917,0.0,True
1,7,18,random_baseline,0.21758845448493958,0.21311095356941223,0.0,0.019724423065781593,0.25000685453414917,0.0,True
1,7,19,random_baseline,-0.0945567712187767,-0.12098022550344467,0.10752750071839581,0.08211055397987366,0.393718957901001,0.0,True
1,7,20,random_baseline,0.4929669499397278,0.5364723801612854,0.0,0.019724423065781593,0.25000685453414917,0.0,True
1,7,21,random_baseline,0.31295493245124817,0.3306913673877716,0.0,0.019724423065781593,0.25000685453414917,0.0,True
1,7,22,random_baseline,0.11772158741950989,0.10318664461374283,0.040676134200279074,0.061757903546094894,0.2500022053718567,0.0,True
1,7,23,random_baseline,0.23081162571907043,0.2292948067188263,0.10697227292231497,0.0816924050450325,0.3945109248161316,0.0,True
1,7,24,random_baseline,0.3297577202320099,0.3440695106983185,0.0,0.019724423065781593,0.25000685453414917,0.0,True
1,7,25,random_baseline,0.2694535553455353,0.26200202107429504,0.0,0.019724423065781593,0.25000685453414917,0.0,True
1,7,26,random_baseline,0.22672083973884583,0.21914008259773254,0.0,0.019724423065781593,0.25000685453414917,0.0,True
1,7,27,random_baseline,-0.029111526906490326,-0.03901787847280502,0.0,0.019724423065781593,0.25000685453414917,0.0,True
1,7,28,random_baseline,0.40788963437080383,0.4309845268726349,0.0,0.019724423065781593,0.25000685453414917,0.0,True
1,7,29,random_baseline,0.12065819650888443,0.1555185616016388,0.10701533628248022,0.08174216747283936,0.39441627264022827,0.0,True
1,7,30,random_baseline,0.13076332211494446,0.13441136479377747,0.0,0.019724423065781593,0.25000685453414917,0.0,True
1,7,31,random_baseline,0.0947142019867897,0.08321098238229752,0.0,0.019724423065781593,0.25000685453414917,0.0,True
1,8,0,deterministic_actor,0.37857750058174133,0.39548590779304504,0.0,0.019724423065781593,0.25000834465026855,0.0,True
1,8,1,actor_stochastic,0.15925124287605286,0.14414122700691223,0.0,0.019724423065781593,0.25000834465026855,0.0,True
1,8,2,actor_stochastic,0.05626348406076431,0.01725868135690689,0.0,0.019724423065781593,0.25000834465026855,0.0,True
1,8,3,actor_stochastic,0.13697007298469543,0.13767722249031067,0.0,0.019724423065781593,0.25000834465026855,0.0,True
1,8,4,actor_stochastic,-0.05883403867483139,-0.06246086210012436,0.0,0.019724423065781593,0.25000834465026855,0.0,True
1,8,5,actor_stochastic,0.15334704518318176,0.13950255513191223,0.0,0.019724423065781593,0.25000834465026855,0.0,True
1,8,6,actor_stochastic,0.0722915306687355,0.05291370302438736,0.0,0.019724423065781593,0.25000834465026855,0.0,True
1,8,7,actor_stochastic,0.165101557970047,0.18034175038337708,0.0,0.019724423065781593,0.25000834465026855,0.0,True
1,8,8,actor_stochastic,-0.15158841013908386,-0.1390199363231659,0.0,0.019724423065781593,0.25000834465026855,0.0,True
1,8,9,actor_stochastic,0.396333247423172,0.4102816879749298,0.0,0.019724423065781593,0.25000834465026855,0.0,True
1,8,10,actor_stochastic,-0.013642273843288422,0.03356460481882095,0.0,0.019724423065781593,0.25000834465026855,0.0,True
1,8,11,actor_stochastic,-0.059123001992702484,-0.06928917020559311,0.0,0.019724423065781593,0.25000834465026855,0.0,True
1,8,12,actor_stochastic,0.11286977678537369,0.11023811250925064,0.0,0.019724423065781593,0.25000834465026855,0.0,True
1,8,13,actor_stochastic,-0.002298317849636078,-0.02751251310110092,0.0,0.019724423065781593,0.25000834465026855,0.0,True
1,8,14,actor_stochastic,0.08237747102975845,0.0666380301117897,0.0,0.019724423065781593,0.25000834465026855,0.0,True
1,8,15,actor_stochastic,0.018191374838352203,0.014831580221652985,0.0,0.019724423065781593,0.25000834465026855,0.0,True
1,8,16,random_baseline,0.41602519154548645,0.42878249287605286,0.040403265000882094,0.06147581711411476,0.2500027120113373,0.0,True
1,8,17,random_baseline,0.3148726522922516,0.3052096664905548,0.038800657380309404,0.039773453027009964,0.49997225403785706,0.0,True
1,8,18,random_baseline,0.28866007924079895,0.2922983467578888,0.03967340737726799,0.06072160601615906,0.25000277161598206,0.0,True
1,8,19,random_baseline,0.1389484703540802,0.1492948830127716,0.0,0.019724423065781593,0.25000834465026855,0.0,True
1,8,20,random_baseline,0.22760441899299622,0.2133512794971466,0.038598161532734585,0.039668116718530655,0.4999903738498688,0.0,True
1,8,21,random_baseline,0.17017033696174622,0.15679267048835754,0.0,0.019724423065781593,0.25000834465026855,0.0,True
1,8,22,random_baseline,-0.11522861570119858,-0.12140937894582748,0.04029129103576555,0.061360105872154236,0.25000274181365967,0.0,True
1,8,23,random_baseline,-0.05655737966299057,-0.06641479581594467,0.07633163894084585,0.06161574646830559,0.44270533323287964,0.0,True
1,8,24,random_baseline,0.037669695913791656,0.025790251791477203,0.0,0.019724423065781593,0.25000834465026855,0.0,True
1,8,25,random_baseline,0.4249325096607208,0.42798522114753723,0.040293819695971345,0.061362724751234055,0.25000274181365967,0.0,True
1,8,26,random_baseline,0.1444731056690216,0.13782981038093567,0.019424886225948918,0.039797380566596985,0.25000420212745667,0.0,True
1,8,27,random_baseline,0.26708224415779114,0.2659807503223419,0.0,0.019724423065781593,0.25000834465026855,0.0,True
1,8,28,random_baseline,0.2682861387729645,0.30135205388069153,0.0,0.019724423065781593,0.25000834465026855,0.0,True
1,8,29,random_baseline,-0.0653047189116478,-0.07710548490285873,0.0,0.019724423065781593,0.25000834465026855,0.0,True
1,8,30,random_baseline,0.209168940782547,0.18856719136238098,0.04048135122776626,0.06155651807785034,0.2500027120113373,0.0,True
1,8,31,random_baseline,0.06241897493600845,0.07053283601999283,0.0,0.019724423065781593,0.25000834465026855,0.0,True
1,9,0,deterministic_actor,0.22070887684822083,0.2550974190235138,0.1043197845031053,0.07979793101549149,0.39819392561912537,0.0,True
1,9,1,actor_stochastic,0.00785616785287857,0.036657609045505524,0.30360062058565707,0.10221472382545471,0.6887888312339783,0.0,True
1,9,2,actor_stochastic,-0.14334389567375183,-0.08269687741994858,0.020001727606708472,0.040393754839897156,0.2500018775463104,0.0,True
1,9,3,actor_stochastic,0.06445888429880142,0.08206085115671158,0.054353687246643675,0.0597790852189064,0.4510200321674347,0.0,True
1,9,4,actor_stochastic,0.036931075155735016,0.05584052950143814,0.10904876669278656,0.08318666368722916,0.3917141854763031,0.0,True
1,9,5,actor_stochastic,0.20449474453926086,0.2362556755542755,0.02050308063594127,0.04091184213757515,0.2500018775463104,0.0,True
1,9,6,actor_stochastic,-0.00890418142080307,0.0263543501496315,0.30525962932611184,0.10232663154602051,0.6886430382728577,0.0,True
1,9,7,actor_stochastic,0.10026148706674576,0.1486087143421173,0.019759585320286623,0.04014352709054947,0.2500019073486328,0.0,True
1,9,8,actor_stochastic,0.02886299043893814,0.03797058016061783,0.0,0.019724423065781593,0.250003844499588,0.0,True
1,9,9,actor_stochastic,-0.08218905329704285,-0.021865807473659515,0.019221745523878182,0.03958773612976074,0.2500019371509552,0.0,True
1,9,10,actor_stochastic,-0.03221174329519272,-0.03040405362844467,0.07625922143487923,0.06150960922241211,0.44301486015319824,0.0,True
1,9,11,actor_stochastic,0.14637579023838043,0.1699395477771759,0.1070906123742087,0.08176591992378235,0.39437025785446167,0.0,True
1,9,12,actor_stochastic,0.12026075273752213,0.13886597752571106,0.09746875343732897,0.060188934206962585,0.7497010231018066,0.0,True
1,9,13,actor_stochastic,0.2362094223499298,0.24567273259162903,0.07342310752559764,0.05974603444337845,0.44826602935791016,0.0,True
1,9,14,actor_stochastic,0.14076998829841614,0.12481216341257095,0.07424955489329522,0.06026986986398697,0.44669127464294434,0.0,True
1,9,15,actor_stochastic,0.07913235574960709,0.08773902803659439,0.01968241965491898,0.04006379097700119,0.2500019073486328,0.0,True
1,9,16,random_baseline,0.11050263792276382,0.11174396425485611,0.07634956797228673,0.061584096401929855,0.4427963197231293,0.0,True
1,9,17,random_baseline,0.11234835535287857,0.10268310457468033,0.07439220501360905,0.06032947450876236,0.4465128779411316,0.0,True
1,9,18,random_baseline,0.03019622713327408,0.060254134237766266,0.019403489515411945,0.039775550365448,0.2500019073486328,0.0,True
1,9,19,random_baseline,0.00871352106332779,0.05091384798288345,0.10902863892669593,0.08317281305789948,0.3917396664619446,0.0,True
1,9,20,random_baseline,0.09364096075296402,0.08178333193063736,0.08033400277600873,0.10273975878953934,0.2500006854534149,0.0,True
1,9,21,random_baseline,0.048889197409152985,0.047241248190402985,0.0,0.019724423065781593,0.250003844499588,0.0,True
1,9,22,random_baseline,-0.19763705134391785,-0.20106026530265808,0.01935700923392846,0.03972751647233963,0.2500019073486328,0.0,True
1,9,23,random_baseline,-0.029638729989528656,-0.021494828164577484,0.10698998738678583,0.08173578977584839,0.3944275379180908,0.0,True
1,9,24,random_baseline,0.21260419487953186,0.22359612584114075,0.04061914013726475,0.06169932335615158,0.2500011622905731,0.0,True
1,9,25,random_baseline,0.001113690435886383,0.02653602510690689,0.638982289369737,0.12170465290546417,0.8901360630989075,0.0,True
1,9,26,random_baseline,-0.0017830953001976013,-0.009862862527370453,0.10581794415271409,0.08088168501853943,0.3960671126842499,0.0,True
1,9,27,random_baseline,-0.20670601725578308,-0.20743748545646667,0.03874237130113155,0.05975991487503052,0.2500011920928955,0.0,True
1,9,28,random_baseline,0.07066801935434341,0.1131768599152565,0.3303170946246052,0.14400652050971985,0.4253113865852356,0.0,True
1,9,29,random_baseline,-0.02997230738401413,-0.008711181581020355,0.07631906024062507,0.06154858320951462,0.44290050864219666,0.0,True
1,9,30,random_baseline,0.029663123190402985,0.015606917440891266,0.019093601745757718,0.039455316960811615,0.2500019073486328,0.0,True
1,9,31,random_baseline,0.14094331860542297,0.15901663899421692,0.3013500276371479,0.10002019256353378,0.692131757736206,0.0,True
1,10,0,deterministic_actor,0.34999552369117737,0.38067296147346497,0.0,0.019724423065781593,0.25000685453414917,0.0,True
1,10,1,actor_stochastic,0.16593745350837708,0.19089558720588684,0.0,0.019724423065781593,0.25000685453414917,0.0,True
1,10,2,actor_stochastic,-0.01915069669485092,-0.02880188077688217,0.0,0.019724423065781593,0.25000685453414917,0.0,True
1,10,3,actor_stochastic,0.1489526927471161,0.1642918884754181,0.0,0.019724423065781593,0.25000685453414917,0.0,True
1,10,4,actor_stochastic,0.3008596897125244,0.3023422062397003,0.0,0.019724423065781593,0.25000685453414917,0.0,True
1,10,5,actor_stochastic,0.15110638737678528,0.15809348225593567,0.07348478745437652,0.059590451419353485,0.4520667791366577,0.0,True
1,10,6,actor_stochastic,0.16673091053962708,0.17238524556159973,0.020173277359994704,0.040570810437202454,0.2500033676624298,0.0,True
1,10,7,actor_stochastic,0.3092353045940399,0.3332236111164093,0.0,0.019724423065781593,0.25000685453414917,0.0,True
1,10,8,actor_stochastic,0.16048011183738708,0.15883377194404602,0.0,0.019724423065781593,0.25000685453414917,0.0,True
1,10,9,actor_stochastic,0.29551950097084045,0.32837584614753723,0.0,0.019724423065781593,0.25000685453414917,0.0,True
1,10,10,actor_stochastic,-0.05305048078298569,-0.07928653806447983,0.0,0.019724423065781593,0.25000685453414917,0.0,True
1,10,11,actor_stochastic,0.0797286406159401,0.08751968294382095,0.07362609249357724,0.05988730490207672,0.448050856590271,0.0,True
1,10,12,actor_stochastic,0.1415601372718811,0.1735033094882965,0.0,0.019724423065781593,0.25000685453414917,0.0,True
1,10,13,actor_stochastic,0.2026999294757843,0.24544432759284973,0.150572837258169,0.08070531487464905,0.6670838594436646,0.0,True
1,10,14,actor_stochastic,0.12558844685554504,0.11698058992624283,0.15020635225903642,0.0805453509092331,0.6675379276275635,0.0,True
1,10,15,actor_stochastic,0.0656772032380104,0.09462741762399673,0.0,0.019724423065781593,0.25000685453414917,0.0,True
1,10,16,random_baseline,0.16168788075447083,0.14322569966316223,0.0,0.019724423065781593,0.25000685453414917,0.0,True
1,10,17,random_baseline,0.02538207918405533,0.006999053061008453,0.0,0.019724423065781593,0.25000685453414917,0.0,True
1,10,18,random_baseline,0.10306981950998306,0.1052265539765358,0.0,0.019724423065781593,0.25000685453414917,0.0,True
1,10,19,random_baseline,0.19533684849739075,0.21056464314460754,0.0,0.019724423065781593,0.25000685453414917,0.0,True
1,10,20,random_baseline,0.1066460981965065,0.14018920063972473,0.1278254807098897,0.08189791440963745,0.6556259393692017,0.0,True
1,10,21,random_baseline,0.21097925305366516,0.2525158226490021,0.07352337490140379,0.05965399742126465,0.45127221941947937,0.0,True
1,10,22,random_baseline,-0.0987095758318901,-0.0949229821562767,0.0,0.019724423065781593,0.25000685453414917,0.0,True
1,10,23,random_baseline,0.026114024221897125,0.03451446443796158,0.12744136430446817,0.0818411335349083,0.6546007394790649,0.0,True
1,10,24,random_baseline,-0.20942988991737366,-0.2283291518688202,0.0,0.019724423065781593,0.25000685453414917,0.0,True
1,10,25,random_baseline,0.07729247957468033,0.05749610811471939,0.0,0.019724423065781593,0.25000685453414917,0.0,True
1,10,26,random_baseline,0.23177507519721985,0.2650919258594513,0.15003304213372737,0.0804697796702385,0.667753279209137,0.0,True
1,10,27,random_baseline,0.22205939888954163,0.22087052464485168,0.0,0.019724423065781593,0.25000685453414917,0.0,True
1,10,28,random_baseline,0.10382954031229019,0.11098817735910416,0.0,0.019724423065781593,0.25000685453414917,0.0,True
1,10,29,random_baseline,0.07538989931344986,0.1003141775727272,0.15078157169807638,0.08084769546985626,0.6733890175819397,0.0,True
1,10,30,random_baseline,0.18160071969032288,0.17895033955574036,0.0,0.019724423065781593,0.25000685453414917,0.0,True
1,10,31,random_baseline,0.22499969601631165,0.2563047707080841,0.07362860038923755,0.05990005284547806,0.4478485584259033,0.0,True
1,11,0,deterministic_actor,0.36467495560646057,0.39633992314338684,0.0,0.019724423065781593,0.25000834465026855,0.0,True
1,11,1,actor_stochastic,0.04019216448068619,0.01720527559518814,0.0,0.019724423065781593,0.25000834465026855,0.0,True
1,11,2,actor_stochastic,0.0030665770173072815,-0.020472489297389984,0.0,0.019724423065781593,0.25000834465026855,0.0,True
1,11,3,actor_stochastic,-0.0034155473113059998,0.0030203238129615784,0.0,0.019724423065781593,0.25000834465026855,0.0,True
1,11,4,actor_stochastic,0.0441465750336647,0.0600920096039772,0.0,0.019724423065781593,0.25000834465026855,0.0,True
1,11,5,actor_stochastic,-0.08941707015037537,-0.03857322782278061,0.0,0.019724423065781593,0.25000834465026855,0.0,True
1,11,6,actor_stochastic,-0.28097257018089294,-0.23603054881095886,0.0,0.019724423065781593,0.25000834465026855,0.0,True
1,11,7,actor_stochastic,0.17396023869514465,0.17779257893562317,0.0,0.019724423065781593,0.25000834465026855,0.0,True
1,11,8,actor_stochastic,0.011108197271823883,0.047348059713840485,0.038259561011017316,0.039492566138505936,0.5000049471855164,0.0,True
1,11,9,actor_stochastic,-0.12934741377830505,-0.10008474439382553,0.0,0.019724423065781593,0.25000834465026855,0.0,True
1,11,10,actor_stochastic,-0.09630772471427917,-0.07781311124563217,0.0,0.019724423065781593,0.25000834465026855,0.0,True
1,11,11,actor_stochastic,0.03111652284860611,0.028801001608371735,0.0,0.019724423065781593,0.25000834465026855,0.0,True
1,11,12,actor_stochastic,0.04357103258371353,0.06088355928659439,0.0,0.019724423065781593,0.25000834465026855,0.0,True
1,11,13,actor_stochastic,0.03320983797311783,0.01822570711374283,0.0,0.019724423065781593,0.25000834465026855,0.0,True
1,11,14,actor_stochastic,-0.04770275205373764,-0.04248901456594467,0.0,0.019724423065781593,0.25000834465026855,0.0,True
1,11,15,actor_stochastic,0.13985398411750793,0.1222715750336647,0.0,0.019724423065781593,0.25000834465026855,0.0,True
1,11,16,random_baseline,0.1474476158618927,0.14827445149421692,0.0,0.019724423065781593,0.25000834465026855,0.0,True
1,11,17,random_baseline,0.03864697366952896,0.02837900072336197,0.0,0.019724423065781593,0.25000834465026855,0.0,True
1,11,18,random_baseline,0.18235185742378235,0.20478489995002747,0.0,0.019724423065781593,0.25000834465026855,0.0,True
1,11,19,random_baseline,0.2053535282611847,0.18872931599617004,0.0,0.019724423065781593,0.25000834465026855,0.0,True
1,11,20,random_baseline,0.10106424242258072,0.09039214998483658,0.0,0.019724423065781593,0.25000834465026855,0.0,True
1,11,21,random_baseline,0.3107443153858185,0.3308620750904083,0.0,0.019724423065781593,0.25000834465026855,0.0,True
1,11,22,random_baseline,-0.01776214689016342,-0.005386315286159515,0.0,0.019724423065781593,0.25000834465026855,0.0,True
1,11,23,random_baseline,0.11163882166147232,0.11428264528512955,0.0,0.019724423065781593,0.25000834465026855,0.0,True
1,11,24,random_baseline,0.10300073772668839,0.09489396959543228,0.0,0.019724423065781593,0.25000834465026855,0.0,True
1,11,25,random_baseline,-0.20803698897361755,-0.15213724970817566,0.0,0.019724423065781593,0.25000834465026855,0.0,True
1,11,26,random_baseline,0.07334545999765396,0.06900934129953384,0.0,0.019724423065781593,0.25000834465026855,0.0,True
1,11,27,random_baseline,0.3733659088611603,0.3904619514942169,0.0,0.019724423065781593,0.25000834465026855,0.0,True
1,11,28,random_baseline,0.08528200536966324,0.09265521913766861,0.0,0.019724423065781593,0.25000834465026855,0.0,True
1,11,29,random_baseline,0.20915821194648743,0.20821669697761536,0.038668980168698824,0.03970491513609886,0.4999846816062927,0.0,True
1,11,30,random_baseline,-0.05739852786064148,-0.00011535733938217163,0.0,0.019724423065781593,0.25000834465026855,0.0,True
1,11,31,random_baseline,0.2081921398639679,0.198093444108963,0.03904255510652887,0.03989967703819275,0.4999416768550873,0.0,True
1,12,0,deterministic_actor,0.22070887684822083,0.2550974190235138,0.1043197845031053,0.07979793101549149,0.39819392561912537,0.0,True
1,12,1,actor_stochastic,0.04629755765199661,0.10508231073617935,0.019250216022910556,0.039617158472537994,0.2500019371509552,0.0,True
1,12,2,actor_stochastic,0.040791548788547516,0.01513294130563736,0.07634144211348673,0.06159377843141556,0.44276800751686096,0.0,True
1,12,3,actor_stochastic,0.2533734142780304,0.2633037865161896,0.04025907138268718,0.06132723391056061,0.2500011622905731,0.0,True
1,12,4,actor_stochastic,0.06566867977380753,0.12306217104196548,0.09456300908551926,0.08143342286348343,0.49994778633117676,0.0,True
1,12,5,actor_stochastic,0.06867269426584244,0.06866554170846939,0.07606648723085432,0.061384256929159164,0.44338321685791016,0.0,True
1,12,6,actor_stochastic,0.1687270700931549,0.21220067143440247,0.09818609926870217,0.08290655165910721,0.49984797835350037,0.0,True
1,12,7,actor_stochastic,0.16004326939582825,0.13947585225105286,0.07638145539263734,0.061589229851961136,0.4427812993526459,0.0,True
1,12,8,actor_stochastic,-0.03017234057188034,-0.023244164884090424,0.076358517491391,0.061574287712574005,0.4428251087665558,0.0,True
1,12,9,actor_stochastic,0.10296300798654556,0.1352873146533966,0.05552129609666841,0.060963913798332214,0.4492877125740051,0.0,True
1,12,10,actor_stochastic,-0.0057172998785972595,0.02564004808664322,0.3029647271447084,0.10211493074893951,0.688926637172699,0.0,True
1,12,11,actor_stochastic,-0.20911255478858948,-0.1453394591808319,0.05610378774097175,0.060436591506004333,0.4565511643886566,0.0,True
1,12,12,actor_stochastic,0.05011848360300064,0.045605696737766266,0.04021315635827524,0.061279792338609695,0.2500011622905731,0.0,True
1,12,13,actor_stochastic,0.0904741957783699,0.14700308442115784,0.05725929316815015,0.061967022716999054,0.4522905945777893,0.0,True
1,12,14,actor_stochastic,0.07677749544382095,0.06003478914499283,0.0763360548675191,0.06157698854804039,0.44281715154647827,0.0,True
1,12,15,actor_stochastic,0.20768263936042786,0.22070983052253723,0.04001871600076294,0.06107885390520096,0.2500011920928955,0.0,True
1,12,16,random_baseline,0.2633724510669708,0.2616465389728546,0.03967681968424278,0.06072555482387543,0.2500011622905731,0.0,True
1,12,17,random_baseline,-0.053109608590602875,-0.06968971341848373,0.0802444475985014,0.10264722257852554,0.2500006854534149,0.0,True
1,12,18,random_baseline,0.27682217955589294,0.3198552429676056,0.08106652287578842,0.1034967303276062,0.2500006854534149,0.0,True
1,12,19,random_baseline,-0.017297230660915375,-0.013474427163600922,0.05911560431263667,0.08081314712762833,0.25000089406967163,0.0,True
1,12,20,random_baseline,-0.08575435727834702,-0.07948204129934311,0.0,0.019724423065781593,0.250003844499588,0.0,True
1,12,21,random_baseline,0.15566876530647278,0.15639403462409973,0.02044848603151639,0.04085543006658554,0.25000184774398804,0.0,True
1,12,22,random_baseline,-0.009971998631954193,-0.0339333638548851,0.07685470245596962,0.06193147227168083,0.44178080558776855,0.0,True
1,12,23,random_baseline,0.13349704444408417,0.13933977484703064,0.09281030379431861,0.0799354612827301,0.49998846650123596,0.0,True
1,12,24,random_baseline,-0.0983680710196495,-0.11062642186880112,0.0,0.019724423065781593,0.250003844499588,0.0,True
1,12,25,random_baseline,0.023458518087863922,0.02246765047311783,0.0,0.019724423065781593,0.250003844499588,0.0,True
1,12,26,random_baseline,0.050616778433322906,0.026547469198703766,0.0,0.019724423065781593,0.250003844499588,0.0,True
1,12,27,random_baseline,0.10909942537546158,0.13304808735847473,0.019103832898752778,0.03946588933467865,0.2500019371509552,0.0,True
1,12,28,random_baseline,0.039135970175266266,0.0475788488984108,0.038539206373757746,0.03963764011859894,0.499991238117218,0.0,True
1,12,29,random_baseline,0.16387560963630676,0.18123629689216614,0.0732170401761993,0.05958345904946327,0.44875720143318176,0.0,True
1,12,30,random_baseline,0.18584921956062317,0.18539145588874817,0.07450989153590583,0.06036453694105148,0.44640806317329407,0.0,True
1,12,31,random_baseline,-0.06147429347038269,-0.011907540261745453,0.0,0.019724423065781593,0.250003844499588,0.0,True
1,13,0,deterministic_actor,0.44506552815437317,0.474674254655838,0.07434883710677667,0.06037216633558273,0.44638651609420776,0.0,True
1,13,1,actor_stochastic,-0.0003780946135520935,-0.00040718168020248413,0.17694226421973075,0.10134842991828918,0.36904579401016235,0.0,True
1,13,2,actor_stochastic,0.1549539864063263,0.16819670796394348,0.11647768198094016,0.10238443315029144,0.5654752850532532,0.0,True
1,13,3,actor_stochastic,0.05179265886545181,0.039311446249485016,0.0765128165217222,0.061741121113300323,0.4423377513885498,0.0,True
1,13,4,actor_stochastic,-0.05902787297964096,-0.05867048352956772,0.0,0.019724423065781593,0.25000685453414917,0.0,True
1,13,5,actor_stochastic,0.00010923296213150024,-0.02391716092824936,0.0,0.019724423065781593,0.25000685453414917,0.0,True
1,13,6,actor_stochastic,0.19222167134284973,0.17939475178718567,0.09944831600230239,0.06069844961166382,0.7495985627174377,0.0,True
1,13,7,actor_stochastic,0.034565962851047516,0.03067687898874283,0.23853761669768303,0.06082422286272049,0.7497001886367798,0.0,True
1,13,8,actor_stochastic,0.0005891695618629456,-0.006592713296413422,0.0,0.019724423065781593,0.25000685453414917,0.0,True
1,13,9,actor_stochastic,0.09606936573982239,0.05686477571725845,0.03961650098677906,0.04020089656114578,0.49982962012290955,0.0,True
1,13,10,actor_stochastic,0.11437038332223892,0.12375501543283463,0.07585682300074355,0.061248037964105606,0.4437856674194336,0.0,True
1,13,11,actor_stochastic,0.09718839079141617,0.13068822026252747,0.03917841522046893,0.06021024286746979,0.25000226497650146,0.0,True
1,13,12,actor_stochastic,0.10888341814279556,0.12087539583444595,0.019434357165862035,0.03980731964111328,0.2500034272670746,0.0,True
1,13,13,actor_stochastic,-0.011325500905513763,-0.0394715890288353,0.0,0.019724423065781593,0.25000685453414917,0.0,True
1,13,14,actor_stochastic,0.08272770792245865,0.056050337851047516,0.07649387694906769,0.06171584874391556,0.4424116909503937,0.0,True
1,13,15,actor_stochastic,0.04897073656320572,0.03721527010202408,0.0,0.019724423065781593,0.25000685453414917,0.0,True
1,13,16,random_baseline,-0.1619569957256317,-0.1659230887889862,0.44956514534947634,0.14188352227210999,0.4917041063308716,0.0,True
1,13,17,random_baseline,-0.0998673066496849,-0.12487884610891342,0.0,0.019724423065781593,0.25000685453414917,0.0,True
1,13,18,random_baseline,0.10009149461984634,0.1313176453113556,0.039638631377923186,0.06068587303161621,0.2500022351741791,0.0,True
1,13,19,random_baseline,0.05748710781335831,0.032570160925388336,0.073603872122736,0.059831175953149796,0.44801056385040283,0.0,True
1,13,20,random_baseline,0.11718180775642395,0.0955229178071022,0.05982398678187531,0.0815449059009552,0.2500016689300537,0.0,True
1,13,21,random_baseline,0.1823464334011078,0.15947869420051575,0.29714891018694106,0.10230754315853119,0.5608470439910889,0.0,True
1,13,22,random_baseline,-0.3156122863292694,-0.32425305247306824,0.0,0.019724423065781593,0.25000685453414917,0.0,True
1,13,23,random_baseline,0.1392972767353058,0.14986899495124817,0.07607746244672928,0.061379022896289825,0.44339996576309204,0.0,True
1,13,24,random_baseline,0.11693373322486877,0.10250476747751236,0.07636481376301654,0.061592139303684235,0.4427739679813385,0.0,True
1,13,25,random_baseline,-0.2622070014476776,-0.2901858985424042,0.0,0.019724423065781593,0.25000685453414917,0.0,True
1,13,26,random_baseline,-0.03270598500967026,-0.06307312101125717,0.0,0.019724423065781593,0.25000685453414917,0.0,True
1,13,27,random_baseline,0.14750388264656067,0.15006068348884583,0.0,0.019724423065781593,0.25000685453414917,0.0,True
1,13,28,random_baseline,0.14068129658699036,0.10787300020456314,0.09825982724820612,0.06028479337692261,0.749845027923584,0.0,True
1,13,29,random_baseline,0.11289266496896744,0.11745933443307877,0.24987833471662196,0.08153636753559113,0.656730592250824,0.0,True
1,13,30,random_baseline,0.21025970578193665,0.18906500935554504,0.0384543855126211,0.03959351032972336,0.4999978840351105,0.0,True
1,13,31,random_baseline,-0.04293867200613022,-0.04752441495656967,0.0,0.019724423065781593,0.25000685453414917,0.0,True
1,14,0,deterministic_actor,0.35032740235328674,0.3851642906665802,0.0,0.08184804767370224,0.3942156136035919,0.0,True
1,14,1,actor_stochastic,-0.0012130364775657654,0.013257302343845367,0.0,0.08184804767370224,0.3942156136035919,0.0,True
1,14,2,actor_stochastic,0.0918896496295929,0.14880898594856262,0.09601899132890349,0.12328147888183594,0.6369667649269104,0.0,True
1,14,3,actor_stochastic,0.14004257321357727,0.18772438168525696,0.042875865548207236,0.10172918438911438,0.5571497082710266,0.0,True
1,14,4,actor_stochastic,0.053065694868564606,0.06817249208688736,0.0,0.08184804767370224,0.3942156136035919,0.0,True
1,14,5,actor_stochastic,-0.04525328427553177,-0.027263067662715912,0.02827292438207825,0.10194645076990128,0.36342063546180725,0.0,True
1,14,6,actor_stochastic,-0.13313767313957214,-0.13451287150382996,0.02779303035701888,0.10158081352710724,0.3638717830181122,0.0,True
1,14,7,actor_stochastic,0.2015683948993683,0.2284851372241974,0.0,0.08184804767370224,0.3942156136035919,0.0,True
1,14,8,actor_stochastic,0.17864421010017395,0.17969229817390442,0.0,0.08184804767370224,0.3942156136035919,0.0,True
1,14,9,actor_stochastic,0.11749032884836197,0.1423054039478302,0.0,0.08184804767370224,0.3942156136035919,0.0,True
1,14,10,actor_stochastic,0.13590624928474426,0.13622191548347473,0.04323978958672995,0.10186732560396194,0.5580015182495117,0.0,True
1,14,11,actor_stochastic,0.1454870104789734,0.19447925686836243,0.09408492619026057,0.12249051034450531,0.6357383131980896,0.0,True
1,14,12,actor_stochastic,0.15931907296180725,0.15616992115974426,0.02827447710864622,0.10194763541221619,0.36341914534568787,0.0,True
1,14,13,actor_stochastic,0.16166892647743225,0.20945027470588684,0.520582401112798,0.1646135449409485,0.8828330039978027,0.0,True
1,14,14,actor_stochastic,0.2691206634044647,0.3212940990924835,0.09716501889465362,0.1236540675163269,0.6375080943107605,0.0,True
1,14,15,actor_stochastic,0.10566142946481705,0.10766700655221939,0.09648187457686677,0.12339341640472412,0.6371318697929382,0.0,True
1,14,16,random_baseline,0.05030492693185806,0.04473022371530533,0.09631847144692604,0.1233726441860199,0.6371014714241028,0.0,True
1,14,17,random_baseline,0.24423947930335999,0.28575029969215393,0.0,0.08184804767370224,0.3942156136035919,0.0,True
1,14,18,random_baseline,0.32142308354377747,0.33489516377449036,0.06972864959958097,0.12403795123100281,0.4936608076095581,0.0,True
1,14,19,random_baseline,0.039097048342227936,0.03620103746652603,0.05590526022875639,0.12281114608049393,0.3422914743423462,0.0,True
1,14,20,random_baseline,0.0504026785492897,0.02323058992624283,0.027798456824905764,0.10158494114875793,0.3638666272163391,0.0,True
1,14,21,random_baseline,0.1060200110077858,0.10053352266550064,0.02892571785588041,0.1024450734257698,0.36281073093414307,0.0,True
1,14,22,random_baseline,0.3065204918384552,0.34269049763679504,0.38478510684434875,0.16425538063049316,0.716011106967926,0.0,True
1,14,23,random_baseline,0.23457983136177063,0.2393799126148224,0.05819607871621437,0.12464303523302078,0.3407910466194153,0.0,True
1,14,24,random_baseline,0.12154845148324966,0.17573454976081848,0.09591156941359172,0.12324271351099014,0.636909008026123,0.0,True
1,14,25,random_baseline,0.025661028921604156,0.021197356283664703,0.056770728791764716,0.12349829077720642,0.34172314405441284,0.0,True
1,14,26,random_baseline,0.17441287636756897,0.18449857831001282,0.043385902771796415,0.10192272067070007,0.558341920375824,0.0,True
1,14,27,random_baseline,0.25901100039482117,0.28683653473854065,0.3052064490179517,0.1440228372812271,0.808606743812561,0.0,True
1,14,28,random_baseline,0.1301746666431427,0.11707405000925064,0.09757678444597499,0.12384349852800369,0.6377743482589722,0.0,True
1,14,29,random_baseline,0.3010998070240021,0.2774858772754669,0.06829983199603523,0.12302505970001221,0.49427199363708496,0.0,True
1,14,30,random_baseline,-0.10546966642141342,-0.1115083321928978,0.02832932088761693,0.10198947787284851,0.3633677363395691,0.0,True
1,14,31,random_baseline,0.23836937546730042,0.26004889607429504,0.3009831804120552,0.14342626929283142,0.8089150786399841,0.0,True
1,15,0,deterministic_actor,0.22070887684822083,0.2550974190235138,0.1043197845031053,0.07979793101549149,0.39819392561912537,0.0,True
1,15,1,actor_stochastic,-0.0266396626830101,-0.03136535733938217,0.0,0.019724423065781593,0.250003844499588,0.0,True
1,15,2,actor_stochastic,0.027793921530246735,0.05061248689889908,0.2038553462040227,0.12399225682020187,0.3417632579803467,0.0,True
1,15,3,actor_stochastic,0.037774600088596344,0.0789976492524147,0.019381885159420117,0.039753224700689316,0.2500019073486328,0.0,True
1,15,4,actor_stochastic,-0.16691529750823975,-0.1272314488887787,0.07605103148749792,0.06140512973070145,0.4433218836784363,0.0,True
1,15,5,actor_stochastic,-0.016448460519313812,-0.025576554238796234,0.0978199188162367,0.0602760836482048,0.7497915029525757,0.0,True
1,15,6,actor_stochastic,0.0733410194516182,0.09217379242181778,0.07632812973265879,0.06155448779463768,0.442883163690567,0.0,True
1,15,7,actor_stochastic,0.0323890820145607,0.05488399416208267,0.3030552559486818,0.10221536457538605,0.688780665397644,0.0,True
1,15,8,actor_stochastic,-0.0015062913298606873,-0.025645218789577484,0.15142282700610377,0.08110564202070236,0.6590493321418762,0.0,True
1,15,9,actor_stochastic,0.01980976015329361,-0.005251847207546234,0.07638622893092728,0.06159234046936035,0.4427722096443176,0.0,True
1,15,10,actor_stochastic,0.0033111944794654846,0.04715064913034439,0.019871100158230768,0.04025876522064209,0.2500018775463104,0.0,True
1,15,11,actor_stochastic,0.09211353212594986,0.08827117830514908,0.15090206604835713,0.08086536824703217,0.6612399816513062,0.0,True
1,15,12,actor_stochastic,0.1359262764453888,0.13033202290534973,0.020210319001969155,0.04060930758714676,0.2500018775463104,0.0,True
1,15,13,actor_stochastic,0.011652149260044098,0.02978614717721939,0.20527503663624172,0.12308615446090698,0.3456416130065918,0.0,True
1,15,14,actor_stochastic,0.11964515596628189,0.12267211824655533,0.020735274397903833,0.04115178436040878,0.25000184774398804,0.0,True
1,15,15,actor_stochastic,0.10386136919260025,0.11865142732858658,0.0763003859927184,0.06153642013669014,0.44293615221977234,0.0,True
1,15,16,random_baseline,-0.0509561225771904,-0.04354783147573471,0.07435956545527753,0.060277923941612244,0.44666722416877747,0.0,True
1,15,17,random_baseline,0.04882410913705826,0.10686401277780533,0.07993524967319163,0.10232770442962646,0.2500007152557373,0.0,True
1,15,18,random_baseline,-0.04829808324575424,-0.08361431211233139,0.0,0.019724423065781593,0.250003844499588,0.0,True
1,15,19,random_baseline,0.009034670889377594,0.008345641195774078,0.2524871460679887,0.10124263912439346,0.5621861815452576,0.0,True
1,15,20,random_baseline,-0.0072652921080589294,0.01390460878610611,0.03823034068117575,0.03947759419679642,0.5000023245811462,0.0,True
1,15,21,random_baseline,0.07780692726373672,0.08598426729440689,0.0971577974471681,0.06000807136297226,0.7498291730880737,0.0,True
1,15,22,random_baseline,0.26745930314064026,0.2941456139087677,0.09752226136387344,0.08262014389038086,0.4999227225780487,0.0,True
1,15,23,random_baseline,0.12055567651987076,0.15124276280403137,0.03894264418875355,0.05996686965227127,0.2500011920928955,0.0,True
1,15,24,random_baseline,0.03762153536081314,0.08846191316843033,0.09453969972962589,0.08039937168359756,0.49988219141960144,0.0,True
1,15,25,random_baseline,0.15746977925300598,0.21971800923347473,0.019320918146702903,0.03969022259116173,0.2500019073486328,0.0,True
1,15,26,random_baseline,-0.06430979818105698,-0.06023307889699936,0.07259594724183838,0.05921388417482376,0.4498779773712158,0.0,True
1,15,27,random_baseline,0.1185639277100563,0.11715415865182877,0.0754024832096617,0.060928359627723694,0.44472959637641907,0.0,True
1,15,28,random_baseline,0.148741215467453,0.16067317128181458,0.041025610729487315,0.062119364738464355,0.25000113248825073,0.0,True
1,15,29,random_baseline,0.03402809053659439,0.026202239096164703,0.0,0.019724423065781593,0.250003844499588,0.0,True
1,15,30,random_baseline,0.023274816572666168,0.043414629995822906,0.3582928968181594,0.12407153099775314,0.6365878582000732,0.0,True
1,15,31,random_baseline,0.24300888180732727,0.2442817986011505,0.039982815255204335,0.040394362062215805,0.4997287392616272,0.0,True
1,16,0,deterministic_actor,0.3119499981403351,0.3335767090320587,0.0,0.06099291518330574,0.4445395767688751,0.0,True
1,16,1,actor_stochastic,0.06474629789590836,0.06735805422067642,0.0,0.06099291518330574,0.4445395767688751,0.0,True
1,16,2,actor_stochastic,0.3228354752063751,0.3116464912891388,0.0,0.06099291518330574,0.4445395767688751,0.0,True
1,16,3,actor_stochastic,0.144199937582016,0.1558075249195099,0.0,0.06099291518330574,0.4445395767688751,0.0,True
1,16,4,actor_stochastic,0.13071611523628235,0.15436938405036926,0.0,0.06099291518330574,0.4445395767688751,0.0,True
1,16,5,actor_stochastic,-0.03953023999929428,-0.029172860085964203,0.0,0.06099291518330574,0.4445395767688751,0.0,True
1,16,6,actor_stochastic,0.2387697994709015,0.23417189717292786,0.0,0.06099291518330574,0.4445395767688751,0.0,True
1,16,7,actor_stochastic,0.25838568806648254,0.26232245564460754,0.0,0.06099291518330574,0.4445395767688751,0.0,True
1,16,8,actor_stochastic,0.26749685406684875,0.2609763443470001,0.0,0.06099291518330574,0.4445395767688751,0.0,True
1,16,9,actor_stochastic,0.12120179086923599,0.11866477876901627,0.0,0.06099291518330574,0.4445395767688751,0.0,True
1,16,10,actor_stochastic,0.152774840593338,0.15114501118659973,0.0,0.06099291518330574,0.4445395767688751,0.0,True
1,16,11,actor_stochastic,0.1360967755317688,0.1533820927143097,0.0,0.06099291518330574,0.4445395767688751,0.0,True
1,16,12,actor_stochastic,0.06174544245004654,0.05180457979440689,0.03882697298095473,0.081060990691185,0.4998365342617035,0.0,True
1,16,13,actor_stochastic,0.028146304190158844,0.01808837801218033,0.0,0.06099291518330574,0.4445395767688751,0.0,True
1,16,14,actor_stochastic,0.02035907655954361,0.00742725282907486,0.0,0.06099291518330574,0.4445395767688751,0.0,True
1,16,15,actor_stochastic,0.09065011888742447,0.08381561189889908,0.0,0.06099291518330574,0.4445395767688751,0.0,True
1,16,16,random_baseline,0.09840921312570572,0.09725288301706314,0.0,0.06099291518330574,0.4445395767688751,0.0,True
1,16,17,random_baseline,0.09492496401071548,0.07806233316659927,0.0,0.06099291518330574,0.4445395767688751,0.0,True
1,16,18,random_baseline,0.10859206318855286,0.08795646578073502,0.0,0.06099291518330574,0.4445395767688751,0.0,True
1,16,19,random_baseline,0.1603628695011139,0.15501978993415833,0.031499997768104714,0.0816127210855484,0.3946627080440521,0.0,True
1,16,20,random_baseline,0.12514355778694153,0.13852885365486145,0.0,0.06099291518330574,0.4445395767688751,0.0,True
1,16,21,random_baseline,0.18614700436592102,0.19038012623786926,0.0,0.06099291518330574,0.4445395767688751,0.0,True
1,16,22,random_baseline,0.22442927956581116,0.22570279240608215,0.0,0.06099291518330574,0.4445395767688751,0.0,True
1,16,23,random_baseline,0.12868669629096985,0.11887554079294205,0.05321761974121145,0.081753671169281,0.6622354388237,0.0,True
1,16,24,random_baseline,0.13458877801895142,0.12176630645990372,0.0,0.06099291518330574,0.4445395767688751,0.0,True
1,16,25,random_baseline,-0.31562039256095886,-0.3320760428905487,0.0,0.06099291518330574,0.4445395767688751,0.0,True
1,16,26,random_baseline,0.09800896793603897,0.10438231378793716,0.0,0.06099291518330574,0.4445395767688751,0.0,True
1,16,27,random_baseline,0.09196928888559341,0.07757190614938736,0.10810807741017105,0.1024390161037445,0.6885819435119629,0.0,True
1,16,28,random_baseline,0.02775958925485611,0.006298579275608063,0.0,0.06099291518330574,0.4445395767688751,0.0,True
1,16,29,random_baseline,0.1390550434589386,0.14237120747566223,0.0,0.06099291518330574,0.4445395767688751,0.0,True
1,16,30,random_baseline,0.1513858139514923,0.14518454670906067,0.03820570470154303,0.08074308186769485,0.4997555911540985,0.0,True
1,16,31,random_baseline,0.0930056944489479,0.09948591142892838,0.0,0.06099291518330574,0.4445395767688751,0.0,True
1,17,0,deterministic_actor,0.3498580753803253,0.3804979622364044,0.0,0.06099291518330574,0.4445400834083557,0.0,True
1,17,1,actor_stochastic,0.19373533129692078,0.19395950436592102,0.0,0.06099291518330574,0.4445400834083557,0.0,True
1,17,2,actor_stochastic,0.17501547932624817,0.20682719349861145,0.0,0.06099291518330574,0.4445400834083557,0.0,True
1,17,3,actor_stochastic,-0.3279118239879608,-0.33125969767570496,0.0,0.06099291518330574,0.4445400834083557,0.0,True
1,17,4,actor_stochastic,0.22732409834861755,0.2415018379688263,0.0,0.06099291518330574,0.4445400834083557,0.0,True
1,17,5,actor_stochastic,0.030673541128635406,0.005600966513156891,0.0,0.06099291518330574,0.4445400834083557,0.0,True
1,17,6,actor_stochastic,0.2841862738132477,0.2871594727039337,0.0,0.06099291518330574,0.4445400834083557,0.0,True
1,17,7,actor_stochastic,0.0796990767121315,0.07103065401315689,0.0,0.06099291518330574,0.4445400834083557,0.0,True
1,17,8,actor_stochastic,0.3739364445209503,0.40655234456062317,0.0,0.06099291518330574,0.4445400834083557,0.0,True
1,17,9,actor_stochastic,0.048231638967990875,0.07343582063913345,0.0,0.06099291518330574,0.4445400834083557,0.0,True
1,17,10,actor_stochastic,0.06388620287179947,0.0570097342133522,0.0,0.06099291518330574,0.4445400834083557,0.0,True
1,17,11,actor_stochastic,0.24327781796455383,0.26967909932136536,0.0,0.06099291518330574,0.4445400834083557,0.0,True
1,17,12,actor_stochastic,0.25556185841560364,0.22603896260261536,0.0,0.06099291518330574,0.4445400834083557,0.0,True
1,17,13,actor_stochastic,0.08694890886545181,0.10503343492746353,0.0,0.06099291518330574,0.4445400834083557,0.0,True
1,17,14,actor_stochastic,0.1678636372089386,0.1761179268360138,0.0,0.06099291518330574,0.4445400834083557,0.0,True
1,17,15,actor_stochastic,0.06781212240457535,0.0814993754029274,0.0,0.06099291518330574,0.4445400834083557,0.0,True
1,17,16,random_baseline,0.24451962113380432,0.24296429753303528,0.0,0.06099291518330574,0.4445400834083557,0.0,True
1,17,17,random_baseline,0.2762897312641144,0.28162863850593567,0.0,0.06099291518330574,0.4445400834083557,0.0,True
1,17,18,random_baseline,0.2545982301235199,0.24566331505775452,0.0,0.06099291518330574,0.4445400834083557,0.0,True
1,17,19,random_baseline,-0.04356249421834946,-0.05448075383901596,0.0,0.06099291518330574,0.4445400834083557,0.0,True
1,17,20,random_baseline,0.15982291102409363,0.1872204840183258,0.0,0.06099291518330574,0.4445400834083557,0.0,True
1,17,21,random_baseline,0.05528310686349869,0.04371456056833267,0.0,0.06099291518330574,0.4445400834083557,0.0,True
1,17,22,random_baseline,0.5653276443481445,0.6015346646308899,0.0,0.06099291518330574,0.4445400834083557,0.0,True
1,17,23,random_baseline,0.08297542482614517,0.05692390352487564,0.0,0.06099291518330574,0.4445400834083557,0.0,True
1,17,24,random_baseline,0.26376262307167053,0.27901604771614075,0.0,0.06099291518330574,0.4445400834083557,0.0,True
1,17,25,random_baseline,0.33077695965766907,0.31930068135261536,0.0,0.06099291518330574,0.4445400834083557,0.0,True
1,17,26,random_baseline,0.06003669649362564,0.04576019197702408,0.0,0.06099291518330574,0.4445400834083557,0.0,True
1,17,27,random_baseline,0.04968980699777603,0.03985504060983658,0.0,0.06099291518330574,0.4445400834083557,0.0,True
1,17,28,random_baseline,0.22740259766578674,0.2472870647907257,0.0,0.06099291518330574,0.4445400834083557,0.0,True
1,17,29,random_baseline,-0.01668783277273178,-0.011008225381374359,0.0,0.06099291518330574,0.4445400834083557,0.0,True
1,17,30,random_baseline,0.07492021471261978,0.11397174745798111,0.0,0.06099291518330574,0.4445400834083557,0.0,True
1,17,31,random_baseline,0.11844399571418762,0.09903625398874283,0.0,0.06099291518330574,0.4445400834083557,0.0,True
1,18,0,deterministic_actor,0.22070887684822083,0.2550974190235138,0.1043197845031053,0.07979793101549149,0.39819392561912537,0.0,True
1,18,1,actor_stochastic,0.13118818402290344,0.15757563710212708,0.09792617330265785,0.06045866385102272,0.7494458556175232,0.0,True
1,18,2,actor_stochastic,0.0843595638871193,0.0854664221405983,0.08038200002289853,0.10278936475515366,0.2500007152557373,0.0,True
1,18,3,actor_stochastic,0.05432037264108658,0.06688980013132095,0.020054677197696557,0.040448471903800964,0.2500018775463104,0.0,True
1,18,4,actor_stochastic,0.11356262117624283,0.11533836275339127,0.07623675188949217,0.06149499863386154,0.44305771589279175,0.0,True
1,18,5,actor_stochastic,0.10574869066476822,0.09678367525339127,0.07611306210637836,0.061444077640771866,0.443207323551178,0.0,True
1,18,6,actor_stochastic,0.052894510328769684,0.10118988901376724,0.08072908978296178,0.10314804315567017,0.2500006854534149,0.0,True
1,18,7,actor_stochastic,0.041960276663303375,0.09996036440134048,0.01950227568697346,0.03987763077020645,0.2500019073486328,0.0,True
1,18,8,actor_stochastic,0.06857398897409439,0.07248596101999283,0.020005619805401147,0.040397778153419495,0.2500018775463104,0.0,True
1,18,9,actor_stochastic,0.12464145570993423,0.1688871681690216,0.019812276508042,0.04019797593355179,0.2500018775463104,0.0,True
1,18,10,actor_stochastic,0.005624093115329742,0.026677168905735016,0.2462550830314186,0.08135878294706345,0.654519259929657,0.0,True
1,18,11,actor_stochastic,0.13526147603988647,0.1592598259449005,0.07638503843031946,0.06159157305955887,0.44277438521385193,0.0,True
1,18,12,actor_stochastic,0.10079912096261978,0.08789733797311783,0.0202985198696765,0.04070045426487923,0.2500018775463104,0.0,True
1,18,13,actor_stochastic,-0.14026454091072083,-0.07568343728780746,0.0944472052153465,0.0808102935552597,0.49999621510505676,0.0,True
1,18,14,actor_stochastic,0.015733517706394196,0.009335078299045563,0.07639489697508164,0.06159799173474312,0.4427555203437805,0.0,True
1,18,15,actor_stochastic,0.04685518890619278,0.06336764246225357,0.07612573540063969,0.061451900750398636,0.44318434596061707,0.0,True
1,18,16,random_baseline,0.03667739778757095,0.05377868562936783,0.0,0.019724423065781593,0.250003844499588,0.0,True
1,18,17,random_baseline,0.06205347925424576,0.06833652406930923,0.0,0.019724423065781593,0.250003844499588,0.0,True
1,18,18,random_baseline,-0.02482815831899643,-0.008050881326198578,0.038540459168002035,0.03963831439614296,0.49999117851257324,0.0,True
1,18,19,random_baseline,-0.12936624884605408,-0.1299709975719452,0.0,0.019724423065781593,0.250003844499588,0.0,True
1,18,20,random_baseline,-0.017360322177410126,0.01982025057077408,0.07672301370850043,0.061853595077991486,0.4420079290866852,0.0,True
1,18,21,random_baseline,0.08815911412239075,0.05113319307565689,0.040899030060207564,0.04088243097066879,0.4993884265422821,0.0,True
1,18,22,random_baseline,-0.10403089970350266,-0.11602791398763657,0.0,0.019724423065781593,0.250003844499588,0.0,True
1,18,23,random_baseline,0.10496190190315247,0.08477500826120377,0.09768748715947348,0.060241397470235825,0.7497661113739014,0.0,True
1,18,24,random_baseline,0.24317219853401184,0.2534671127796173,0.040285834574646295,0.061354897916316986,0.2500011622905731,0.0,True
1,18,25,random_baseline,0.06560448557138443,0.1105671301484108,0.07589599646938786,0.06125172600150108,0.44377362728118896,0.0,True
1,18,26,random_baseline,0.038618601858615875,0.08401016145944595,0.07428382100768978,0.060281530022621155,0.4466564953327179,0.0,True
1,18,27,random_baseline,0.014300860464572906,0.0034399405121803284,0.07563065787848695,0.06110154837369919,0.44421693682670593,0.0,True
1,18,28,random_baseline,0.04452041536569595,0.058774031698703766,0.019483250748965283,0.039857976138591766,0.2500019371509552,0.0,True
1,18,29,random_baseline,0.13486197590827942,0.16671279072761536,0.0194564021916525,0.03983023017644882,0.2500019073486328,0.0,True
1,18,30,random_baseline,0.04338721185922623,0.06359199434518814,0.10772694187061255,0.08229047805070877,0.39337971806526184,0.0,True
1,18,31,random_baseline,0.02593524008989334,0.037091173231601715,0.03867607126098213,0.059691399335861206,0.2500011920928955,0.0,True
1,19,0,deterministic_actor,0.36270764470100403,0.384642630815506,0.0,0.0397501215338707,0.250003457069397,0.0,True
1,19,1,actor_stochastic,0.11131183058023453,0.12443617731332779,0.0,0.0397501215338707,0.250003457069397,0.0,True
1,19,2,actor_stochastic,0.12226417660713196,0.09143785387277603,0.0,0.0397501215338707,0.250003457069397,0.0,True
1,19,3,actor_stochastic,-0.03513392060995102,-0.04833885282278061,0.0,0.0397501215338707,0.250003457069397,0.0,True
1,19,4,actor_stochastic,0.03241173177957535,0.013927973806858063,0.0,0.0397501215338707,0.250003457069397,0.0,True
1,19,5,actor_stochastic,0.06346038728952408,0.050921954214572906,0.0,0.0397501215338707,0.250003457069397,0.0,True
1,19,6,actor_stochastic,0.07808879762887955,0.0559263601899147,0.040645513417203086,0.08175209164619446,0.2500016689300537,0.0,True
1,19,7,actor_stochastic,0.06788662821054459,0.04291776567697525,0.0,0.0397501215338707,0.250003457069397,0.0,True
1,19,8,actor_stochastic,0.1601186990737915,0.1421162188053131,0.0,0.0397501215338707,0.250003457069397,0.0,True
1,19,9,actor_stochastic,0.25136926770210266,0.24851086735725403,0.0,0.0397501215338707,0.250003457069397,0.0,True
1,19,10,actor_stochastic,0.1895752251148224,0.17680266499519348,0.0,0.0397501215338707,0.250003457069397,0.0,True
1,19,11,actor_stochastic,0.23613575100898743,0.2729025185108185,0.0,0.0397501215338707,0.250003457069397,0.0,True
1,19,12,actor_stochastic,0.17611125111579895,0.19822505116462708,0.07705656844566472,0.0814700722694397,0.49971017241477966,0.0,True
1,19,13,actor_stochastic,0.0535908117890358,0.022105254232883453,0.0,0.0397501215338707,0.250003457069397,0.0,True
1,19,14,actor_stochastic,0.1251559555530548,0.11893752962350845,0.0,0.0397501215338707,0.250003457069397,0.0,True
1,19,15,actor_stochastic,-0.07393201440572739,-0.09778781980276108,0.0,0.0397501215338707,0.250003457069397,0.0,True
1,19,16,random_baseline,-0.0653042420744896,-0.0715913400053978,0.0,0.0397501215338707,0.250003457069397,0.0,True
1,19,17,random_baseline,0.1360202133655548,0.1406717598438263,0.0,0.0397501215338707,0.250003457069397,0.0,True
1,19,18,random_baseline,0.009118594229221344,-0.022252045571804047,0.0,0.0397501215338707,0.250003457069397,0.0,True
1,19,19,random_baseline,0.14079248905181885,0.12665203213691711,0.0,0.0397501215338707,0.250003457069397,0.0,True
1,19,20,random_baseline,0.05903510004281998,0.05010036379098892,0.0,0.0397501215338707,0.250003457069397,0.0,True
1,19,21,random_baseline,0.0394926443696022,0.019610442221164703,0.0,0.0397501215338707,0.250003457069397,0.0,True
1,19,22,random_baseline,0.10982326418161392,0.1052122488617897,0.0,0.0397501215338707,0.250003457069397,0.0,True
1,19,23,random_baseline,0.06145719438791275,0.04780677706003189,0.0,0.0397501215338707,0.250003457069397,0.0,True
1,19,24,random_baseline,0.1653440296649933,0.18287184834480286,0.0,0.0397501215338707,0.250003457069397,0.0,True
1,19,25,random_baseline,0.21649757027626038,0.26396802067756653,0.0,0.0397501215338707,0.250003457069397,0.0,True
1,19,26,random_baseline,-0.12434764951467514,-0.12839028239250183,0.020117872938295887,0.06053934618830681,0.25000226497650146,0.0,True
1,19,27,random_baseline,0.1516200304031372,0.1718778908252716,0.0,0.0397501215338707,0.250003457069397,0.0,True
1,19,28,random_baseline,0.17869356274604797,0.16522887349128723,0.0,0.0397501215338707,0.250003457069397,0.0,True
1,19,29,random_baseline,-0.07944770902395248,-0.09376998990774155,0.0,0.0397501215338707,0.250003457069397,0.0,True
1,19,30,random_baseline,0.7779580950737,0.8063492178916931,0.0,0.0397501215338707,0.250003457069397,0.0,True
1,19,31,random_baseline,0.26500871777534485,0.24042001366615295,0.0,0.0397501215338707,0.250003457069397,0.0,True
2,0,0,deterministic_actor,-0.10164062678813934,-0.10927554965019226,0.08183885091643557,0.10429485142230988,0.2500006854534149,0.0,True
2,0,1,actor_stochastic,0.040900081396102905,0.005263898521661758,0.14872335764914724,0.07994795590639114,0.6657059788703918,0.0,True
2,0,2,actor_stochastic,0.4714445173740387,0.5417433977127075,0.07623348493433578,0.0615229494869709,0.442975789308548,0.0,True
2,0,3,actor_stochastic,0.010835261084139347,-0.03391685709357262,0.07576096001575205,0.061234794557094574,0.4438234567642212,0.0,True
2,0,4,actor_stochastic,0.1627921760082245,0.18329653143882751,0.07671822632718017,0.0618605762720108,0.441987544298172,0.0,True
2,0,5,actor_stochastic,-0.372251957654953,-0.3133677542209625,0.07602903952665704,0.061348624527454376,0.443488210439682,0.0,True
2,0,6,actor_stochastic,-0.029038459062576294,0.007593248039484024,0.0,0.019724423065781593,0.250003844499588,0.0,True
2,0,7,actor_stochastic,-0.06305494904518127,-0.003393556922674179,0.019874325584296183,0.04026210308074951,0.2500018775463104,0.0,True
2,0,8,actor_stochastic,0.49217474460601807,0.46012505888938904,0.18322813280799727,0.10177834331989288,0.4806552231311798,0.0,True
2,0,9,actor_stochastic,-0.08788928389549255,-0.08598080277442932,0.1358550589268182,0.10229439288377762,0.3629934787750244,0.0,True
2,0,10,actor_stochastic,-0.14546194672584534,-0.09287777543067932,0.0,0.019724423065781593,0.250003844499588,0.0,True
2,0,11,actor_stochastic,0.13717207312583923,0.11051234602928162,0.07594945594532619,0.061299219727516174,0.44363370537757874,0.0,True
2,0,12,actor_stochastic,0.2670697271823883,0.2520817220211029,0.07284357598261185,0.0593741238117218,0.44939130544662476,0.0,True
2,0,13,actor_stochastic,-0.23507389426231384,-0.20052924752235413,0.09374739850339339,0.080316923558712,0.4999951422214508,0.0,True
2,0,14,actor_stochastic,-0.03984120115637779,-0.030486490577459335,0.09639553559673797,0.08174531161785126,0.4999055564403534,0.0,True
2,0,15,actor_stochastic,0.20224127173423767,0.181370347738266,0.18530927322231416,0.10124143213033676,0.48206546902656555,0.0,True
2,0,16,random_baseline,-0.04544403776526451,-0.05773201212286949,0.0,0.019724423065781593,0.250003844499588,0.0,True
2,0,17,random_baseline,0.10874351859092712,0.15808019042015076,0.0,0.019724423065781593,0.250003844499588,0.0,True
2,0,18,random_baseline,-0.3557737171649933,-0.3673194944858551,0.08071453614374816,0.10313300043344498,0.2500007152557373,0.0,True
2,0,19,random_baseline,0.2780819833278656,0.3715449273586273,0.0744072869951467,0.060379281640052795,0.4463639557361603,0.0,True
2,0,20,random_baseline,-0.15240564942359924,-0.14285412430763245,0.02046845690993002,0.04087606444954872,0.25000184774398804,0.0,True
2,0,21,random_baseline,-0.0088898204267025,-0.04852619394659996,0.01996874427979058,0.04035966843366623,0.2500018775463104,0.0,True
2,0,22,random_baseline,-0.558219313621521,-0.6815375089645386,0.08054517589642479,0.10295798629522324,0.2500006854534149,0.0,True
2,0,23,random_baseline,-0.3025497496128082,-0.33365240693092346,0.0,0.019724423065781593,0.250003844499588,0.0,True
2,0,24,random_baseline,-0.14104929566383362,-0.1426471769809723,0.0,0.019724423065781593,0.250003844499588,0.0,True
2,0,25,random_baseline,-0.1963963806629181,-0.21831360459327698,0.020696027099764473,0.04111122712492943,0.25000184774398804,0.0,True
2,0,26,random_baseline,-0.3635149300098419,-0.30690136551856995,0.040478529556751956,0.040657706558704376,0.49956080317497253,0.0,True
2,0,27,random_baseline,0.1198035180568695,0.18839892745018005,0.0,0.019724423065781593,0.250003844499588,0.0,True
2,0,28,random_baseline,-0.31852811574935913,-0.3545500338077545,0.019118832975694347,0.03948139026761055,0.2500019073486328,0.0,True
2,0,29,random_baseline,0.052931636571884155,0.11088523268699646,0.01917084008703456,0.03953513503074646,0.2500019371509552,0.0,True
2,0,30,random_baseline,-0.38598552346229553,-0.32835522294044495,0.0,0.019724423065781593,0.250003844499588,0.0,True
2,0,31,random_baseline,0.026813838630914688,0.04951486364006996,0.038712431133713136,0.03972770273685455,0.49997785687446594,0.0,True
2,1,0,deterministic_actor,0.012977797538042068,0.026217196136713028,0.1540605610621601,0.16596224904060364,0.41047003865242004,0.0,True
2,1,1,actor_stochastic,-0.09754262864589691,-0.14439335465431213,0.0,0.0817367285490036,0.651249885559082,0.0,True
2,1,2,actor_stochastic,-0.20492497086524963,-0.19748249650001526,0.04350611103278384,0.10199125856161118,0.554917573928833,0.0,True
2,1,3,actor_stochastic,-0.18648234009742737,-0.1922248899936676,0.0,0.0817367285490036,0.651249885559082,0.0,True
2,1,4,actor_stochastic,-0.13204798102378845,-0.16285601258277893,0.0,0.0817367285490036,0.651249885559082,0.0,True
2,1,5,actor_stochastic,-0.10591283440589905,-0.09327355027198792,0.32818561633768795,0.1861993372440338,0.6083451509475708,0.0,True
2,1,6,actor_stochastic,0.052005622535943985,0.04219398275017738,0.0925486912857465,0.12191903591156006,0.6340248584747314,0.0,True
2,1,7,actor_stochastic,0.07841238379478455,0.09544715285301208,0.0,0.0817367285490036,0.651249885559082,0.0,True
2,1,8,actor_stochastic,-0.45006081461906433,-0.5151640176773071,0.0924171594259543,0.12181708216667175,0.6344969868659973,0.0,True
2,1,9,actor_stochastic,0.00851878896355629,0.04778775945305824,0.0844269438657512,0.12376468628644943,0.4858245849609375,0.0,True
2,1,10,actor_stochastic,-0.09692063927650452,-0.14212003350257874,0.15245401740663203,0.14423894882202148,0.7121973633766174,0.0,True
2,1,11,actor_stochastic,-0.04621139168739319,-0.08829966187477112,0.44443382009778065,0.20592698454856873,0.5823002457618713,0.0,True
2,1,12,actor_stochastic,-0.004080917686223984,0.026391122490167618,0.0,0.0817367285490036,0.651249885559082,0.0,True
2,1,13,actor_stochastic,-0.3126209080219269,-0.40425148606300354,0.0,0.0817367285490036,0.651249885559082,0.0,True
2,1,14,actor_stochastic,-0.04280855879187584,-0.046511080116033554,0.0447489475239309,0.10266949236392975,0.5522765517234802,0.0,True
2,1,15,actor_stochastic,0.056763142347335815,0.06884154677391052,0.17341264679163673,0.14374016225337982,0.5797702074050903,0.0,True
2,1,16,random_baseline,0.2339373528957367,0.20855864882469177,0.0,0.0817367285490036,0.651249885559082,0.0,True
2,1,17,random_baseline,0.2608601748943329,0.2936583459377289,0.18015375035361275,0.16562806069850922,0.6078425049781799,0.0,True
2,1,18,random_baseline,0.03726479411125183,-0.09146633744239807,0.09146050451503218,0.12139923870563507,0.6343851685523987,0.0,True
2,1,19,random_baseline,-0.2888917028903961,-0.24956455826759338,0.0,0.0817367285490036,0.651249885559082,0.0,True
2,1,20,random_baseline,-0.25056132674217224,-0.33656778931617737,0.0,0.0817367285490036,0.651249885559082,0.0,True
2,1,21,random_baseline,0.2519480884075165,0.19272193312644958,0.0,0.0817367285490036,0.651249885559082,0.0,True
2,1,22,random_baseline,0.22752031683921814,0.2918945252895355,0.0,0.0817367285490036,0.651249885559082,0.0,True
2,1,23,random_baseline,-0.07581630349159241,-0.00915088877081871,0.36183359328485576,0.14294734597206116,0.9366096258163452,0.0,True
2,1,24,random_baseline,0.01261827815324068,-0.03059568628668785,0.0,0.0817367285490036,0.651249885559082,0.0,True
2,1,25,random_baseline,-0.3998364806175232,-0.4252301752567291,0.15241085945242622,0.16482168436050415,0.41189950704574585,0.0,True
2,1,26,random_baseline,-0.3023585379123688,-0.2906092703342438,0.0,0.0817367285490036,0.651249885559082,0.0,True
2,1,27,random_baseline,0.06409010291099548,0.0841575562953949,0.14160831692338105,0.12329444289207458,0.8855201601982117,0.0,True
2,1,28,random_baseline,-0.3947713077068329,-0.41000810265541077,0.0,0.0817367285490036,0.651249885559082,0.0,True
2,1,29,random_baseline,0.019763711839914322,0.043889496475458145,0.5821743389766036,0.1848437786102295,0.8743476867675781,0.0,True
2,1,30,random_baseline,0.24488970637321472,0.17594727873802185,0.0,0.0817367285490036,0.651249885559082,0.0,True
2,1,31,random_baseline,0.034371230751276016,0.07454738020896912,0.2819327158559578,0.14358550310134888,0.6258982419967651,0.0,True
2,2,0,deterministic_actor,-0.054855093359947205,-0.05124345049262047,0.0,0.0817367285490036,0.6512503027915955,0.0,True
2,2,1,actor_stochastic,-0.3985122740268707,-0.4139083921909332,0.0,0.0817367285490036,0.6512503027915955,0.0,True
2,2,2,actor_stochastic,0.11429759860038757,0.113989919424057,0.08145754003182631,0.12196888774633408,0.49046236276626587,0.0,True
2,2,3,actor_stochastic,-0.04338517785072327,0.014732930809259415,0.0,0.0817367285490036,0.6512503027915955,0.0,True
2,2,4,actor_stochastic,0.19957885146141052,0.21477851271629333,0.08162265969752719,0.12206734716892242,0.4902038276195526,0.0,True
2,2,5,actor_stochastic,0.22350677847862244,0.22216853499412537,0.0,0.0817367285490036,0.6512503027915955,0.0,True
2,2,6,actor_stochastic,0.6086717844009399,0.6437860727310181,0.0,0.0817367285490036,0.6512503027915955,0.0,True
2,2,7,actor_stochastic,0.06594079732894897,0.08690652251243591,0.0,0.0817367285490036,0.6512503027915955,0.0,True
2,2,8,actor_stochastic,0.06637868285179138,0.05686578527092934,0.0824741121923328,0.12257128208875656,0.488888680934906,0.0,True
2,2,9,actor_stochastic,-0.04786226153373718,-0.11510196328163147,0.0,0.0817367285490036,0.6512503027915955,0.0,True
2,2,10,actor_stochastic,0.2806340157985687,0.33655765652656555,0.0,0.0817367285490036,0.6512503027915955,0.0,True
2,2,11,actor_stochastic,0.07135650515556335,0.12439259886741638,0.0,0.0817367285490036,0.6512503027915955,0.0,True
2,2,12,actor_stochastic,-0.2318228781223297,-0.26617756485939026,0.0,0.0817367285490036,0.6512503027915955,0.0,True
2,2,13,actor_stochastic,-0.03883674368262291,-0.05844440683722496,0.0,0.0817367285490036,0.6512503027915955,0.0,True
2,2,14,actor_stochastic,0.11271795630455017,0.13598021864891052,0.04290481593895749,0.10166525095701218,0.5562002062797546,0.0,True
2,2,15,actor_stochastic,0.21795615553855896,0.1941591203212738,0.0,0.0817367285490036,0.6512503027915955,0.0,True
2,2,16,random_baseline,0.2678053081035614,0.33940938115119934,0.0,0.0817367285490036,0.6512503027915955,0.0,True
2,2,17,random_baseline,0.12050923705101013,0.09254226088523865,0.0,0.0817367285490036,0.6512503027915955,0.0,True
2,2,18,random_baseline,0.012941930443048477,0.011209104210138321,0.08226934147344145,0.12245358526706696,0.48919472098350525,0.0,True
2,2,19,random_baseline,-0.5603049993515015,-0.6399571299552917,0.08309119295507157,0.12294583022594452,0.48791947960853577,0.0,True
2,2,20,random_baseline,0.2016213834285736,0.2535930573940277,0.0,0.0817367285490036,0.6512503027915955,0.0,True
2,2,21,random_baseline,-0.02411678060889244,-0.0190981887280941,0.0,0.0817367285490036,0.6512503027915955,0.0,True
2,2,22,random_baseline,0.03950927034020424,0.04850921407341957,0.0,0.0817367285490036,0.6512503027915955,0.0,True
2,2,23,random_baseline,0.5743499994277954,0.6138807535171509,0.0,0.0817367285490036,0.6512503027915955,0.0,True
2,2,24,random_baseline,0.18449190258979797,0.2146678864955902,0.0,0.0817367285490036,0.6512503027915955,0.0,True
2,2,25,random_baseline,0.3023931682109833,0.34973153471946716,0.0,0.0817367285490036,0.6512503027915955,0.0,True
2,2,26,random_baseline,-0.22885555028915405,-0.2465684711933136,0.0,0.0817367285490036,0.6512503027915955,0.0,True
2,2,27,random_baseline,-0.10979148745536804,-0.13765516877174377,0.0,0.0817367285490036,0.6512503027915955,0.0,True
2,2,28,random_baseline,0.23343506455421448,0.32656797766685486,0.0,0.0817367285490036,0.6512503027915955,0.0,True
2,2,29,random_baseline,0.06892809271812439,0.10415992140769958,0.0,0.0817367285490036,0.6512503027915955,0.0,True
2,2,30,random_baseline,0.0902772843837738,0.1430879533290863,0.0,0.0817367285490036,0.6512503027915955,0.0,True
2,2,31,random_baseline,0.3085564076900482,0.37638434767723083,0.0,0.0817367285490036,0.6512503027915955,0.0,True
2,3,0,deterministic_actor,-0.10164062678813934,-0.10927554965019226,0.08183885091643557,0.10429485142230988,0.2500006854534149,0.0,True
2,3,1,actor_stochastic,-0.05883541703224182,0.018206212669610977,0.4561989654264438,0.10156674683094025,0.6898910999298096,0.0,True
2,3,2,actor_stochastic,0.015248183161020279,0.022679660469293594,0.10656199088240996,0.08137930184602737,0.39510801434516907,0.0,True
2,3,3,actor_stochastic,0.19071969389915466,0.15240821242332458,0.10736420602552596,0.08200047165155411,0.39392590522766113,0.0,True
2,3,4,actor_stochastic,-0.28792133927345276,-0.2161497175693512,0.04053051936430426,0.04068542271852493,0.4995410144329071,0.0,True
2,3,5,actor_stochastic,0.06727650761604309,-0.03923824056982994,0.020077850430458403,0.04047241806983948,0.2500018775463104,0.0,True
2,3,6,actor_stochastic,0.0844634473323822,0.0863853394985199,0.09624002530125345,0.08158577978610992,0.4999352991580963,0.0,True
2,3,7,actor_stochastic,-0.1207379400730133,-0.11576500535011292,0.04053964884280273,0.0616171769797802,0.2500011622905731,0.0,True
2,3,8,actor_stochastic,0.10813149809837341,0.13268813490867615,0.020092796288864536,0.0404878668487072,0.2500018775463104,0.0,True
2,3,9,actor_stochastic,0.1239534318447113,0.0983491837978363,0.07630160187221519,0.061516113579273224,0.44299590587615967,0.0,True
2,3,10,actor_stochastic,0.183264821767807,0.16741904616355896,0.019973284793736747,0.04036436229944229,0.2500018775463104,0.0,True
2,3,11,actor_stochastic,-0.0666746199131012,-0.03817024454474449,0.07632275171537806,0.061550986021757126,0.442893385887146,0.0,True
2,3,12,actor_stochastic,-0.04392888769507408,-0.08585408329963684,0.0,0.019724423065781593,0.250003844499588,0.0,True
2,3,13,actor_stochastic,0.09868237376213074,0.1111203134059906,0.03848750034832707,0.039610784500837326,0.4999942183494568,0.0,True
2,3,14,actor_stochastic,-0.167974591255188,-0.15922680497169495,0.0,0.019724423065781593,0.250003844499588,0.0,True
2,3,15,actor_stochastic,-0.2248641550540924,-0.20936527848243713,0.03995770630536889,0.06101581081748009,0.2500011622905731,0.0,True
2,3,16,random_baseline,-0.37484386563301086,-0.4091629087924957,0.08177952891715516,0.10423354059457779,0.2500006854534149,0.0,True
2,3,17,random_baseline,-0.04133882746100426,-0.07380285859107971,0.08087420857701666,0.10329800844192505,0.2500006854534149,0.0,True
2,3,18,random_baseline,-0.11339989304542542,-0.12464180588722229,0.019981532932637942,0.04037288576364517,0.2500018775463104,0.0,True
2,3,19,random_baseline,-0.15524110198020935,-0.20486703515052795,0.0,0.019724423065781593,0.250003844499588,0.0,True
2,3,20,random_baseline,0.22804367542266846,0.1904819905757904,0.10693952031256915,0.08168714493513107,0.3945200741291046,0.0,True
2,3,21,random_baseline,-0.08863452076911926,-0.01124897226691246,0.01927753178249676,0.03964538872241974,0.2500019073486328,0.0,True
2,3,22,random_baseline,0.0004201270639896393,-0.0514010451734066,0.0,0.019724423065781593,0.250003844499588,0.0,True
2,3,23,random_baseline,0.06464728713035583,0.08537277579307556,0.0739384581656594,0.060074009001255035,0.447278767824173,0.0,True
2,3,24,random_baseline,0.2208598554134369,0.24572142958641052,0.1046367068393357,0.07999307662248611,0.3978070914745331,0.0,True
2,3,25,random_baseline,-0.018810298293828964,-0.03664436563849449,0.07637165683433988,0.061594702303409576,0.4427652359008789,0.0,True
2,3,26,random_baseline,0.2448626458644867,0.16677126288414001,0.09467976351044091,0.08110591024160385,0.5000012516975403,0.0,True
2,3,27,random_baseline,-0.04485723003745079,-0.06578150391578674,0.0,0.019724423065781593,0.250003844499588,0.0,True
2,3,28,random_baseline,0.24365028738975525,0.2402406632900238,0.020681095084388663,0.0410957969725132,0.25000181794166565,0.0,True
2,3,29,random_baseline,-0.06828537583351135,-0.0757240355014801,0.01976265616584676,0.04014670103788376,0.2500019073486328,0.0,True
2,3,30,random_baseline,0.2944723069667816,0.2456108033657074,0.04032175262399281,0.061392009258270264,0.2500011622905731,0.0,True
2,3,31,random_baseline,-0.08048537373542786,-0.06832495331764221,0.14886523948127808,0.08005499094724655,0.6614580154418945,0.0,True
2,4,0,deterministic_actor,-0.10156497359275818,-0.10054585337638855,0.050849307970001485,0.08007311075925827,0.6628128290176392,0.0,True
2,4,1,actor_stochastic,-0.09773066639900208,-0.0767759382724762,0.35416717543261045,0.14230969548225403,0.8111993670463562,0.0,True
2,4,2,actor_stochastic,-0.10830369591712952,-0.12229195237159729,0.09822952946917102,0.10209550708532333,0.5565831661224365,0.0,True
2,4,3,actor_stochastic,-0.14562192559242249,-0.08218136429786682,0.0,0.06025353819131851,0.7497727274894714,0.0,True
2,4,4,actor_stochastic,0.14101848006248474,0.11703452467918396,0.5239290090656694,0.1645437479019165,0.7180851101875305,0.0,True
2,4,5,actor_stochastic,0.3670874536037445,0.3274265229701996,0.0,0.06025353819131851,0.7497727274894714,0.0,True
2,4,6,actor_stochastic,0.21642884612083435,0.1820283830165863,0.16382749726400372,0.12042619287967682,0.74978107213974,0.0,True
2,4,7,actor_stochastic,-0.0005142949521541595,-0.013993646949529648,0.09867496588458301,0.10233460366725922,0.5556448101997375,0.0,True
2,4,8,actor_stochastic,-0.06018390879034996,-0.07696095108985901,0.0,0.06025353819131851,0.7497727274894714,0.0,True
2,4,9,actor_stochastic,0.02569190040230751,0.008824680000543594,0.0,0.06025353819131851,0.7497727274894714,0.0,True
2,4,10,actor_stochastic,-0.22961249947547913,-0.17722740769386292,0.0,0.06025353819131851,0.7497727274894714,0.0,True
2,4,11,actor_stochastic,0.057312577962875366,0.04409751668572426,0.10559836831289157,0.10035484284162521,0.691688060760498,0.0,True
2,4,12,actor_stochastic,-0.22518756985664368,-0.27617302536964417,0.0,0.06025353819131851,0.7497727274894714,0.0,True
2,4,13,actor_stochastic,0.04476627707481384,0.11138877272605896,0.05139929156476138,0.08009655028581619,0.669190526008606,0.0,True
2,4,14,actor_stochastic,-0.2086048722267151,-0.23554053902626038,0.0997352543348517,0.10236374288797379,0.5614789724349976,0.0,True
2,4,15,actor_stochastic,-0.1827928125858307,-0.1985115110874176,0.0,0.06025353819131851,0.7497727274894714,0.0,True
2,4,16,random_baseline,-0.5025730133056641,-0.4967784583568573,0.0,0.06025353819131851,0.7497727274894714,0.0,True
2,4,17,random_baseline,-0.20421496033668518,-0.28128185868263245,0.0,0.06025353819131851,0.7497727274894714,0.0,True
2,4,18,random_baseline,-0.19181394577026367,-0.11627903580665588,0.15113850500628562,0.10182221233844757,0.8820661902427673,0.0,True
2,4,19,random_baseline,-0.21227151155471802,-0.18348434567451477,0.10430994672288861,0.09983135759830475,0.6925387978553772,0.0,True
2,4,20,random_baseline,0.01368078961968422,0.033447835594415665,0.051010256269231495,0.08014847338199615,0.6623923778533936,0.0,True
2,4,21,random_baseline,-0.11747279763221741,-0.08071938157081604,0.0,0.06025353819131851,0.7497727274894714,0.0,True
2,4,22,random_baseline,0.10588809847831726,0.14749154448509216,0.15127650156123898,0.10188531875610352,0.8815845847129822,0.0,True
2,4,23,random_baseline,0.018910139799118042,-0.025774862617254257,0.0,0.06025353819131851,0.7497727274894714,0.0,True
2,4,24,random_baseline,-0.01039042603224516,0.02128133550286293,0.0,0.06025353819131851,0.7497727274894714,0.0,True
2,4,25,random_baseline,-0.06524327397346497,-0.11532250046730042,0.0,0.06025353819131851,0.7497727274894714,0.0,True
2,4,26,random_baseline,-0.08774319291114807,-0.03937378153204918,0.0,0.06025353819131851,0.7497727274894714,0.0,True
2,4,27,random_baseline,-0.11179026961326599,-0.09526315331459045,0.10563459090890519,0.10036787390708923,0.6916638612747192,0.0,True
2,4,28,random_baseline,-0.6507664918899536,-0.7641328573226929,-3.3333333333333335,0.06025353819131851,0.7497727274894714,0.125,True
2,4,29,random_baseline,0.04429849982261658,0.09879931807518005,0.15087019477820857,0.10164494812488556,0.8834187984466553,0.0,True
2,4,30,random_baseline,-0.14791932702064514,-0.15113988518714905,0.22313485523268406,0.1429053246974945,0.8132106065750122,0.0,True
2,4,31,random_baseline,0.03815946355462074,0.026764485985040665,0.0,0.06025353819131851,0.7497727274894714,0.0,True
2,5,0,deterministic_actor,-0.1388990432024002,-0.1470331847667694,0.0,0.06025353819131851,0.7497733235359192,0.0,True
2,5,1,actor_stochastic,-0.07400670647621155,-0.0958198606967926,0.0,0.06025353819131851,0.7497733235359192,0.0,True
2,5,2,actor_stochastic,-0.02610209211707115,-0.01614561304450035,0.0,0.06025353819131851,0.7497733235359192,0.0,True
2,5,3,actor_stochastic,0.24644097685813904,0.26904067397117615,0.05282598657032415,0.08065889030694962,0.6688114404678345,0.0,True
2,5,4,actor_stochastic,-0.7136548757553101,-0.7382556200027466,0.0,0.06025353819131851,0.7497733235359192,0.0,True
2,5,5,actor_stochastic,-0.15498623251914978,-0.12008598446846008,0.0,0.06025353819131851,0.7497733235359192,0.0,True
2,5,6,actor_stochastic,-0.3307349681854248,-0.34345200657844543,0.0,0.06025353819131851,0.7497733235359192,0.0,True
2,5,7,actor_stochastic,-0.17754021286964417,-0.16454067826271057,0.0,0.06025353819131851,0.7497733235359192,0.0,True
2,5,8,actor_stochastic,0.039124101400375366,0.012668225914239883,0.0,0.06025353819131851,0.7497733235359192,0.0,True
2,5,9,actor_stochastic,-0.07642880082130432,-0.11826744675636292,0.05073597046639806,0.08002010732889175,0.6631088256835938,0.0,True
2,5,10,actor_stochastic,-0.02642359957098961,-0.04429378733038902,0.0,0.06025353819131851,0.7497733235359192,0.0,True
2,5,11,actor_stochastic,-0.16380605101585388,-0.19479289650917053,0.0,0.06025353819131851,0.7497733235359192,0.0,True
2,5,12,actor_stochastic,0.31486091017723083,0.2777038514614105,0.0,0.06025353819131851,0.7497733235359192,0.0,True
2,5,13,actor_stochastic,-0.2765701115131378,-0.21390047669410706,0.0,0.06025353819131851,0.7497733235359192,0.0,True
2,5,14,actor_stochastic,0.13137897849082947,0.10873660445213318,0.0,0.06025353819131851,0.7497733235359192,0.0,True
2,5,15,actor_stochastic,-0.11201873421669006,-0.13368645310401917,0.0,0.06025353819131851,0.7497733235359192,0.0,True
2,5,16,random_baseline,-0.30831441283226013,-0.312582403421402,0.051215996000245505,0.08024492859840393,0.6618548631668091,0.0,True
2,5,17,random_baseline,0.044878095388412476,0.03432044759392738,0.0,0.06025353819131851,0.7497733235359192,0.0,True
2,5,18,random_baseline,-0.03727450594305992,-0.07277432084083557,0.0,0.06025353819131851,0.7497733235359192,0.0,True
2,5,19,random_baseline,-0.2638411819934845,-0.2609533369541168,0.0,0.06025353819131851,0.7497733235359192,0.0,True
2,5,20,random_baseline,0.09582683444023132,0.12902888655662537,0.0,0.06025353819131851,0.7497733235359192,0.0,True
2,5,21,random_baseline,-0.09908142685890198,-0.10934868454933167,0.0,0.06025353819131851,0.7497733235359192,0.0,True
2,5,22,random_baseline,0.06033453345298767,0.04449424520134926,0.051035012221793685,0.08016005158424377,0.66232830286026,0.0,True
2,5,23,random_baseline,-0.345785915851593,-0.309185653924942,0.051823871147819035,0.08053101599216461,0.6602616906166077,0.0,True
2,5,24,random_baseline,-0.14806011319160461,-0.08732834458351135,0.0,0.06025353819131851,0.7497733235359192,0.0,True
2,5,25,random_baseline,-0.09436121582984924,-0.11818256974220276,0.0,0.06025353819131851,0.7497733235359192,0.0,True
2,5,26,random_baseline,-0.5346958637237549,-0.5520528554916382,0.0,0.06025353819131851,0.7497733235359192,0.0,True
2,5,27,random_baseline,-0.05561533197760582,-0.07909145951271057,0.0,0.06025353819131851,0.7497733235359192,0.0,True
2,5,28,random_baseline,-0.022630125284194946,0.009216878563165665,0.05171491727048477,0.08014589548110962,0.6716293692588806,0.0,True
2,5,29,random_baseline,-0.060299962759017944,-0.05942096933722496,0.0,0.06025353819131851,0.7497733235359192,0.0,True
2,5,30,random_baseline,0.06331655383110046,0.0634356439113617,0.0,0.06025353819131851,0.7497733235359192,0.0,True
2,5,31,random_baseline,-0.08666810393333435,-0.09943321347236633,0.0,0.06025353819131851,0.7497733235359192,0.0,True
2,6,0,deterministic_actor,-0.10164062678813934,-0.10927554965019226,0.08183885091643557,0.10429485142230988,0.2500006854534149,0.0,True
2,6,1,actor_stochastic,-0.3861398994922638,-0.3534950315952301,0.0,0.019724423065781593,0.250003844499588,0.0,True
2,6,2,actor_stochastic,0.20354804396629333,0.26757773756980896,0.0,0.019724423065781593,0.250003844499588,0.0,True
2,6,3,actor_stochastic,0.04218897596001625,0.033699605613946915,0.18226851548858586,0.10043027997016907,0.48231613636016846,0.0,True
2,6,4,actor_stochastic,0.8045088052749634,0.8583189249038696,0.0,0.019724423065781593,0.250003844499588,0.0,True
2,6,5,actor_stochastic,0.009110541082918644,-0.04011192545294762,0.01999430774245498,0.04038608819246292,0.2500019073486328,0.0,True
2,6,6,actor_stochastic,0.04141339659690857,-0.022237207740545273,0.020061370302858057,0.04045538604259491,0.2500018775463104,0.0,True
2,6,7,actor_stochastic,0.15677985548973083,0.18877753615379333,0.07399233293250745,0.06013660505414009,0.4470907747745514,0.0,True
2,6,8,actor_stochastic,0.01558062806725502,0.003514859825372696,0.039787506247539225,0.0608399361371994,0.2500011622905731,0.0,True
2,6,9,actor_stochastic,0.0690053403377533,0.04037723317742348,0.01998589118001818,0.040377385914325714,0.2500019073486328,0.0,True
2,6,10,actor_stochastic,0.32862088084220886,0.2692447602748871,0.07638365874163053,0.06159067153930664,0.4427770674228668,0.0,True
2,6,11,actor_stochastic,-0.14190617203712463,-0.1683153212070465,0.0,0.019724423065781593,0.250003844499588,0.0,True
2,6,12,actor_stochastic,-0.04981234669685364,-0.0033616088330745697,0.1071461598405542,0.08184053003787994,0.39422866702079773,0.0,True
2,6,13,actor_stochastic,0.2382943332195282,0.19961079955101013,0.09742717358858007,0.08223068714141846,0.49983230233192444,0.0,True
2,6,14,actor_stochastic,0.263926237821579,0.2025505006313324,0.04062116814120717,0.06170140951871872,0.2500011622905731,0.0,True
2,6,15,actor_stochastic,-0.22754302620887756,-0.1928803026676178,0.0,0.019724423065781593,0.250003844499588,0.0,True
2,6,16,random_baseline,-0.09947806596755981,-0.044272806495428085,0.07629452577654805,0.061553604900836945,0.44288572669029236,0.0,True
2,6,17,random_baseline,-0.21885326504707336,-0.2708360254764557,0.0,0.019724423065781593,0.250003844499588,0.0,True
2,6,18,random_baseline,0.07540136575698853,0.0103132463991642,0.019722785931342836,0.04010550305247307,0.2500019073486328,0.0,True
2,6,19,random_baseline,-0.14153137803077698,-0.15968361496925354,0.07066935272522679,0.08089721202850342,0.39820796251296997,0.0,True
2,6,20,random_baseline,0.10208144783973694,0.0844636857509613,0.32525510219028575,0.14454308152198792,0.4180925488471985,0.0,True
2,6,21,random_baseline,0.5997529029846191,0.6698623895645142,0.37602286548299385,0.10052797198295593,0.8880770206451416,0.0,True
2,6,22,random_baseline,-0.26896706223487854,-0.37993183732032776,0.08137752039504026,0.10381811857223511,0.2500006854534149,0.0,True
2,6,23,random_baseline,0.033998578786849976,0.0033730007708072662,0.0,0.019724423065781593,0.250003844499588,0.0,True
2,6,24,random_baseline,0.22152179479599,0.2851082980632782,0.5057789090448546,0.1222321093082428,0.6364507079124451,0.0,True
2,6,25,random_baseline,0.05763372778892517,0.030449483543634415,0.10546057709622135,0.08062931895256042,0.3965577185153961,0.0,True
2,6,26,random_baseline,0.0602400004863739,0.10630235075950623,0.07594398102683317,0.06130467727780342,0.4436175227165222,0.0,True
2,6,27,random_baseline,0.09850749373435974,0.14880236983299255,0.04065449985105488,0.061735864728689194,0.2500011622905731,0.0,True
2,6,28,random_baseline,-0.0697450339794159,-0.03882112726569176,0.0,0.019724423065781593,0.250003844499588,0.0,True
2,6,29,random_baseline,-0.026010185480117798,0.023364637047052383,0.07563644887950569,0.06110529601573944,0.4442058503627777,0.0,True
2,6,30,random_baseline,0.1433376967906952,0.09261426329612732,0.039919311507180304,0.060976140201091766,0.2500011622905731,0.0,True
2,6,31,random_baseline,-0.09525850415229797,-0.10219088196754456,0.0,0.019724423065781593,0.250003844499588,0.0,True
2,7,0,deterministic_actor,-0.05597113072872162,-0.04972245916724205,0.0,0.019724423065781593,0.25000685453414917,0.0,True
2,7,1,actor_stochastic,-0.1462642252445221,-0.1297859251499176,0.0,0.019724423065781593,0.25000685453414917,0.0,True
2,7,2,actor_stochastic,0.01838979497551918,0.006500814110040665,0.0,0.019724423065781593,0.25000685453414917,0.0,True
2,7,3,actor_stochastic,0.3925949037075043,0.3377443253993988,0.0,0.019724423065781593,0.25000685453414917,0.0,True
2,7,4,actor_stochastic,-0.17996367812156677,-0.19698992371559143,0.0,0.019724423065781593,0.25000685453414917,0.0,True
2,7,5,actor_stochastic,-0.09933403134346008,-0.04600420221686363,0.11433927525734591,0.08122408390045166,0.49968162178993225,0.0,True
2,7,6,actor_stochastic,0.012710664421319962,0.016872022300958633,0.0,0.019724423065781593,0.25000685453414917,0.0,True
2,7,7,actor_stochastic,-0.043154746294021606,0.004418466240167618,0.07544444604891623,0.06105406582355499,0.44537466764450073,0.0,True
2,7,8,actor_stochastic,0.16564950346946716,0.19657477736473083,0.0754992298414222,0.06103608012199402,0.4444117844104767,0.0,True
2,7,9,actor_stochastic,-0.37209755182266235,-0.4704979956150055,0.0,0.019724423065781593,0.25000685453414917,0.0,True
2,7,10,actor_stochastic,-0.08382979035377502,-0.10022106766700745,0.13083899997428444,0.08279967308044434,0.6625341176986694,0.0,True
2,7,11,actor_stochastic,0.012864144518971443,0.06463536620140076,0.059681232838834045,0.08139730989933014,0.2500016689300537,0.0,True
2,7,12,actor_stochastic,-0.33505693078041077,-0.3442052900791168,0.0,0.019724423065781593,0.25000685453414917,0.0,True
2,7,13,actor_stochastic,0.07572993636131287,0.1045890748500824,0.0,0.019724423065781593,0.25000685453414917,0.0,True
2,7,14,actor_stochastic,-0.09528997540473938,-0.1224459707736969,0.0,0.019724423065781593,0.25000685453414917,0.0,True
2,7,15,actor_stochastic,0.06749138236045837,0.16741713881492615,0.33304039475826397,0.12339621782302856,0.6360601186752319,0.0,True
2,7,16,random_baseline,0.14392003417015076,0.1953645646572113,0.15308478892636093,0.10304763913154602,0.5626912117004395,0.0,True
2,7,17,random_baseline,-0.09626975655555725,-0.10017624497413635,0.0,0.019724423065781593,0.25000685453414917,0.0,True
2,7,18,random_baseline,0.18808850646018982,0.1189332902431488,0.0742967619338707,0.06033150106668472,0.4465080797672272,0.0,True
2,7,19,random_baseline,-0.01704731583595276,-0.09381809830665588,0.0,0.019724423065781593,0.25000685453414917,0.0,True
2,7,20,random_baseline,0.12172123789787292,0.19774183630943298,0.10017609947853967,0.060957424342632294,0.7493871450424194,0.0,True
2,7,21,random_baseline,-0.14545753598213196,-0.14920464158058167,0.03970074966932899,0.06074996292591095,0.25000226497650146,0.0,True
2,7,22,random_baseline,0.518530011177063,0.6306015253067017,0.12515982987601393,0.08040694892406464,0.658350944519043,0.0,True
2,7,23,random_baseline,0.18078163266181946,0.25419482588768005,0.07674610157590861,0.0618155375123024,0.4421202540397644,0.0,True
2,7,24,random_baseline,-0.14140000939369202,-0.1491192877292633,0.0734712097488007,0.059749361127614975,0.4482572376728058,0.0,True
2,7,25,random_baseline,1.1312159299850464,1.1870160102844238,0.0,0.019724423065781593,0.25000685453414917,0.0,True
2,7,26,random_baseline,0.34052523970603943,0.4054466187953949,0.0,0.019724423065781593,0.25000685453414917,0.0,True
2,7,27,random_baseline,-0.07205358147621155,-0.021961595863103867,0.09882700388662802,0.06054646521806717,0.7497981786727905,0.0,True
2,7,28,random_baseline,0.18484309315681458,0.13276776671409607,0.0,0.019724423065781593,0.25000685453414917,0.0,True
2,7,29,random_baseline,0.16324934363365173,0.20075568556785583,0.0,0.019724423065781593,0.25000685453414917,0.0,True
2,7,30,random_baseline,-0.42888930439949036,-0.4532274305820465,0.10661304167107197,0.08148139715194702,0.39491337537765503,0.0,True
2,7,31,random_baseline,0.3197987973690033,0.3985486924648285,0.03910669794111951,0.060136131942272186,0.25000226497650146,0.0,True
2,8,0,deterministic_actor,-0.182428777217865,-0.17777130007743835,0.0,0.06132656708359718,0.4435548186302185,0.0,True
2,8,1,actor_stochastic,0.16849550604820251,0.1545473039150238,0.0,0.06132656708359718,0.4435548186302185,0.0,True
2,8,2,actor_stochastic,0.17747768759727478,0.20529517531394958,0.030414420408606393,0.08119551837444305,0.3954622745513916,0.0,True
2,8,3,actor_stochastic,-0.15225949883460999,-0.19542160630226135,0.03049238435538937,0.08125191181898117,0.3953537940979004,0.0,True
2,8,4,actor_stochastic,0.12629231810569763,0.08762416243553162,0.0,0.06132656708359718,0.4435548186302185,0.0,True
2,8,5,actor_stochastic,0.18711569905281067,0.09338435530662537,0.03029324544266804,0.08110791444778442,0.39563098549842834,0.0,True
2,8,6,actor_stochastic,-0.09669414162635803,-0.08588257431983948,0.0,0.06132656708359718,0.4435548186302185,0.0,True
2,8,7,actor_stochastic,0.08002623915672302,0.044721219688653946,0.0,0.06132656708359718,0.4435548186302185,0.0,True
2,8,8,actor_stochastic,-0.1310833990573883,-0.10481300950050354,0.0,0.06132656708359718,0.4435548186302185,0.0,True
2,8,9,actor_stochastic,-0.002505209296941757,0.0007630325853824615,0.0,0.06132656708359718,0.4435548186302185,0.0,True
2,8,10,actor_stochastic,-0.26409080624580383,-0.25436297059059143,0.0,0.06132656708359718,0.4435548186302185,0.0,True
2,8,11,actor_stochastic,0.054884523153305054,0.046964261680841446,0.0,0.06132656708359718,0.4435548186302185,0.0,True
2,8,12,actor_stochastic,-0.4534398019313812,-0.5048612356185913,0.0,0.06132656708359718,0.4435548186302185,0.0,True
2,8,13,actor_stochastic,-0.07349708676338196,-0.12710228562355042,0.0,0.06132656708359718,0.4435548186302185,0.0,True
2,8,14,actor_stochastic,-0.2330552637577057,-0.1947735846042633,0.060922678105433586,0.10298808664083481,0.36215344071388245,0.0,True
2,8,15,actor_stochastic,0.10625255107879639,0.06154212728142738,0.0,0.06132656708359718,0.4435548186302185,0.0,True
2,8,16,random_baseline,0.3688046634197235,0.4374156892299652,0.05915810010855866,0.10160742700099945,0.363838791847229,0.0,True
2,8,17,random_baseline,0.16199645400047302,0.06877145171165466,0.03033512060939718,0.08113817870616913,0.39557260274887085,0.0,True
2,8,18,random_baseline,-0.1079186499118805,-0.06046619638800621,0.030516342026536223,0.08126924932003021,0.39532047510147095,0.0,True
2,8,19,random_baseline,0.21012625098228455,0.25428828597068787,0.0,0.06132656708359718,0.4435548186302185,0.0,True
2,8,20,random_baseline,-4.067644476890564e-05,-0.010351564735174179,0.0,0.06132656708359718,0.4435548186302185,0.0,True
2,8,21,random_baseline,0.24269911646842957,0.2556069791316986,0.0,0.06132656708359718,0.4435548186302185,0.0,True
2,8,22,random_baseline,0.10345396399497986,0.10659179091453552,0.0,0.06132656708359718,0.4435548186302185,0.0,True
2,8,23,random_baseline,0.11738786101341248,0.06150779500603676,0.0,0.06132656708359718,0.4435548186302185,0.0,True
2,8,24,random_baseline,-0.13216933608055115,-0.15486255288124084,0.030448107422899075,0.081219881772995,0.39541536569595337,0.0,True
2,8,25,random_baseline,-0.24566558003425598,-0.2956141531467438,0.05925187971748644,0.10168413072824478,0.36374396085739136,0.0,True
2,8,26,random_baseline,0.1794942319393158,0.19956186413764954,0.032190850346610116,0.082487091422081,0.3930125832557678,0.0,True
2,8,27,random_baseline,0.19640561938285828,0.19987568259239197,0.030286430057405347,0.08110298961400986,0.3956405222415924,0.0,True
2,8,28,random_baseline,0.49520620703697205,0.5816303491592407,0.03067806322829264,0.08138633519411087,0.3950957953929901,0.0,True
2,8,29,random_baseline,-0.005648400634527206,-0.04166164621710777,0.06110080329812358,0.10310755670070648,0.36200976371765137,0.0,True
2,8,30,random_baseline,-0.2902816832065582,-0.3326243460178375,0.058159392378684886,0.1008417010307312,0.364793986082077,0.0,True
2,8,31,random_baseline,-0.12847581505775452,-0.1577071249485016,0.03042019295225137,0.08119969069957733,0.39545416831970215,0.0,True
2,9,0,deterministic_actor,-0.10164062678813934,-0.10927554965019226,0.08183885091643557,0.10429485142230988,0.2500006854534149,0.0,True
2,9,1,actor_stochastic,-0.31270143389701843,-0.3476618826389313,0.04014234695099789,0.061206620186567307,0.2500011622905731,0.0,True
2,9,2,actor_stochastic,-0.011583235114812851,-0.013615038245916367,0.019499463244646034,0.03987472504377365,0.2500019073486328,0.0,True
2,9,3,actor_stochastic,-0.01872912049293518,0.035237882286310196,0.07632934791932727,0.06155528128147125,0.4428808391094208,0.0,True
2,9,4,actor_stochastic,-0.028117980808019638,-0.02943148836493492,0.03937974363915312,0.04007643461227417,0.4998799264431,0.0,True
2,9,5,actor_stochastic,-0.032514333724975586,0.02200588956475258,0.0,0.019724423065781593,0.250003844499588,0.0,True
2,9,6,actor_stochastic,0.1804734766483307,0.19648298621177673,0.01920034996692707,0.03956562653183937,0.2500019073486328,0.0,True
2,9,7,actor_stochastic,-0.011760380119085312,-0.008720781654119492,0.1882290336423266,0.1028420627117157,0.4819222688674927,0.0,True
2,9,8,actor_stochastic,0.05386742949485779,0.08118495345115662,0.04019914259724423,0.06126530468463898,0.2500011622905731,0.0,True
2,9,9,actor_stochastic,-0.2531507909297943,-0.2587086260318756,0.0,0.019724423065781593,0.250003844499588,0.0,True
2,9,10,actor_stochastic,0.1038602888584137,0.05517968907952309,0.019660898357109095,0.04004155099391937,0.2500019073486328,0.0,True
2,9,11,actor_stochastic,0.13938364386558533,0.13178595900535583,0.25259050274672873,0.08214475214481354,0.6611118912696838,0.0,True
2,9,12,actor_stochastic,-0.0450761578977108,-0.0840543806552887,0.15368804280897808,0.10184706747531891,0.36549708247184753,0.0,True
2,9,13,actor_stochastic,0.09518513083457947,0.0974183976650238,0.0946294187163254,0.08066612482070923,0.4999743402004242,0.0,True
2,9,14,actor_stochastic,-0.42612937092781067,-0.5002378225326538,0.040580102791751976,0.061658985912799835,0.2500011622905731,0.0,True
2,9,15,actor_stochastic,-0.1410318911075592,-0.2538280785083771,0.058941935422125065,0.08063367754220963,0.25000089406967163,0.0,True
2,9,16,random_baseline,0.04189249873161316,-0.043740179389715195,0.039403632095148355,0.04008904844522476,0.4998750388622284,0.0,True
2,9,17,random_baseline,-0.05474105477333069,-0.07592907547950745,0.038717336180791165,0.0397302582859993,0.4999774992465973,0.0,True
2,9,18,random_baseline,0.37506982684135437,0.41361650824546814,0.0,0.019724423065781593,0.250003844499588,0.0,True
2,9,19,random_baseline,0.6860504150390625,0.7606168985366821,0.0,0.019724423065781593,0.250003844499588,0.0,True
2,9,20,random_baseline,-0.0775812566280365,-0.14529076218605042,0.2911679827921598,0.1424206793308258,0.4241825342178345,0.0,True
2,9,21,random_baseline,-0.31010881066322327,-0.31651535630226135,0.10644330766192987,0.08129539340734482,0.3952690064907074,0.0,True
2,9,22,random_baseline,0.03284844756126404,0.10424670577049255,0.10774361810780916,0.08226528763771057,0.3934270143508911,0.0,True
2,9,23,random_baseline,0.1494787633419037,0.13103541731834412,0.3557289876428192,0.1222415417432785,0.6374380588531494,0.0,True
2,9,24,random_baseline,0.39810165762901306,0.453406423330307,0.5066376568166409,0.12231019139289856,0.6387254595756531,0.0,True
2,9,25,random_baseline,-0.08439221978187561,-0.07633820176124573,0.03858139993018433,0.039659515023231506,0.4999884366989136,0.0,True
2,9,26,random_baseline,-0.08381268382072449,-0.08456030488014221,0.020189787480827417,0.04058809205889702,0.2500018775463104,0.0,True
2,9,27,random_baseline,-0.05029931664466858,0.046720121055841446,0.0,0.019724423065781593,0.250003844499588,0.0,True
2,9,28,random_baseline,0.1312468945980072,0.18429145216941833,0.0,0.019724423065781593,0.250003844499588,0.0,True
2,9,29,random_baseline,0.10501620173454285,0.03341541066765785,0.039337266300604905,0.0603746622800827,0.2500011920928955,0.0,True
2,9,30,random_baseline,0.021970603615045547,0.0007768608629703522,0.07314001986265006,0.05956842750310898,0.4488026797771454,0.0,True
2,9,31,random_baseline,0.0658930242061615,0.04833612218499184,0.019255583657918563,0.039622705429792404,0.2500019073486328,0.0,True
2,10,0,deterministic_actor,-0.09575317800045013,-0.09135940670967102,0.0,0.06159188598394394,0.4427746832370758,0.0,True
2,10,1,actor_stochastic,-0.09814253449440002,-0.15911903977394104,0.0,0.06159188598394394,0.4427746832370758,0.0,True
2,10,2,actor_stochastic,-0.13878384232521057,-0.10444393754005432,0.0,0.06159188598394394,0.4427746832370758,0.0,True
2,10,3,actor_stochastic,-0.3497559130191803,-0.3364490568637848,0.0,0.06159188598394394,0.4427746832370758,0.0,True
2,10,4,actor_stochastic,-0.29087159037590027,-0.299556165933609,0.0,0.06159188598394394,0.4427746832370758,0.0,True
2,10,5,actor_stochastic,0.008294913917779922,-0.028431322425603867,0.0,0.06159188598394394,0.4427746832370758,0.0,True
2,10,6,actor_stochastic,-0.40752044320106506,-0.42932358384132385,0.0,0.06159188598394394,0.4427746832370758,0.0,True
2,10,7,actor_stochastic,0.21542200446128845,0.28187236189842224,0.0,0.06159188598394394,0.4427746832370758,0.0,True
2,10,8,actor_stochastic,-0.05625835061073303,-0.12667694687843323,0.0,0.06159188598394394,0.4427746832370758,0.0,True
2,10,9,actor_stochastic,0.4453299939632416,0.5293155908584595,0.0,0.06159188598394394,0.4427746832370758,0.0,True
2,10,10,actor_stochastic,-0.014459338039159775,-0.025492336601018906,0.09631340951217102,0.12387293577194214,0.445013165473938,0.0,True
2,10,11,actor_stochastic,-0.44341346621513367,-0.4493824541568756,0.0,0.06159188598394394,0.4427746832370758,0.0,True
2,10,12,actor_stochastic,0.35732677578926086,0.4966442286968231,0.0,0.06159188598394394,0.4427746832370758,0.0,True
2,10,13,actor_stochastic,-0.3440941870212555,-0.26599064469337463,0.0,0.06159188598394394,0.4427746832370758,0.0,True
2,10,14,actor_stochastic,-0.051433365792036057,-0.07980391383171082,0.0,0.06159188598394394,0.4427746832370758,0.0,True
2,10,15,actor_stochastic,0.010364744812250137,0.03066549077630043,0.0,0.06159188598394394,0.4427746832370758,0.0,True
2,10,16,random_baseline,-0.2025122344493866,-0.19349828362464905,0.0,0.06159188598394394,0.4427746832370758,0.0,True
2,10,17,random_baseline,-0.020284559577703476,-0.005428697913885117,0.0,0.06159188598394394,0.4427746832370758,0.0,True
2,10,18,random_baseline,0.34342798590660095,0.39793679118156433,0.0,0.06159188598394394,0.4427746832370758,0.0,True
2,10,19,random_baseline,0.17642202973365784,0.2778807580471039,0.0,0.06159188598394394,0.4427746832370758,0.0,True
2,10,20,random_baseline,-0.6528362035751343,-0.7203220129013062,0.0,0.06159188598394394,0.4427746832370758,0.0,True
2,10,21,random_baseline,-0.023098137229681015,-0.037833597511053085,-3.301611191843281,0.0824396014213562,0.3931010365486145,0.125,True
2,10,22,random_baseline,-0.556910514831543,-0.45976272225379944,0.12046028719748772,0.10206083953380585,0.879397988319397,0.0,True
2,10,23,random_baseline,-0.13672176003456116,-0.1320458948612213,0.060109483132099205,0.10266344249248505,0.3625451922416687,0.0,True
2,10,24,random_baseline,-0.17663350701332092,-0.15392819046974182,0.061130588885036696,0.10344165563583374,0.3616095781326294,0.0,True
2,10,25,random_baseline,0.07937988638877869,0.06022510305047035,0.0,0.06159188598394394,0.4427746832370758,0.0,True
2,10,26,random_baseline,-0.156184583902359,-0.10447731614112854,0.08650453584996179,0.12255580723285675,0.34250420331954956,0.0,True
2,10,27,random_baseline,0.05321750044822693,0.10991105437278748,0.0,0.06159188598394394,0.4427746832370758,0.0,True
2,10,28,random_baseline,-0.36345377564430237,-0.40465107560157776,0.0,0.06159188598394394,0.4427746832370758,0.0,True
2,10,29,random_baseline,0.4001956880092621,0.4679790437221527,0.030792773499069833,0.08176340162754059,0.39437592029571533,0.0,True
2,10,30,random_baseline,-0.02284553274512291,-0.0006665252149105072,0.0,0.06159188598394394,0.4427746832370758,0.0,True
2,10,31,random_baseline,-0.3822949230670929,-0.4269360601902008,0.0,0.06159188598394394,0.4427746832370758,0.0,True
2,11,0,deterministic_actor,0.004649046808481216,0.004575822502374649,0.049713510403660566,0.12383031100034714,0.6372630000114441,0.0,True
2,11,1,actor_stochastic,-0.026169683784246445,-0.011856462806463242,0.09762919415878044,0.14529156684875488,0.5769198536872864,0.0,True
2,11,2,actor_stochastic,-0.3642657697200775,-0.32451263070106506,0.07264031415402578,0.12469972670078278,0.8926470279693604,0.0,True
2,11,3,actor_stochastic,0.182074636220932,0.19330844283103943,0.0991711000913838,0.14605382084846497,0.5749329328536987,0.0,True
2,11,4,actor_stochastic,-0.21893492341041565,-0.25523701310157776,0.0,0.10367655754089355,0.6867297887802124,0.0,True
2,11,5,actor_stochastic,0.01378933060914278,-0.01425936445593834,0.0,0.10367655754089355,0.6867297887802124,0.0,True
2,11,6,actor_stochastic,-0.09389069676399231,-0.10106316208839417,0.07389943927752038,0.12502087652683258,0.8944562077522278,0.0,True
2,11,7,actor_stochastic,0.03539440408349037,0.030774686485528946,0.0,0.10367655754089355,0.6867297887802124,0.0,True
2,11,8,actor_stochastic,-0.25623247027397156,-0.25489726662635803,0.0,0.10367655754089355,0.6867297887802124,0.0,True
2,11,9,actor_stochastic,0.00018522515892982483,-0.007491495460271835,0.0,0.10367655754089355,0.6867297887802124,0.0,True
2,11,10,actor_stochastic,0.0649767816066742,0.05682620778679848,0.0740902285357848,0.1250695139169693,0.8947266340255737,0.0,True
2,11,11,actor_stochastic,0.18428602814674377,0.15873774886131287,0.09396611607533584,0.14340566098690033,0.5830351114273071,0.0,True
2,11,12,actor_stochastic,-0.04112282022833824,-0.03009071573615074,0.1026316638698798,0.14530323445796967,0.6379267573356628,0.0,True
2,11,13,actor_stochastic,-0.04282352328300476,-0.016188766807317734,0.0,0.10367655754089355,0.6867297887802124,0.0,True
2,11,14,actor_stochastic,0.25847336649894714,0.28673943877220154,0.2804642610422519,0.16591358184814453,0.7166294455528259,0.0,True
2,11,15,actor_stochastic,0.4707969129085541,0.516431450843811,0.11327343805908918,0.14402712881565094,0.8100695013999939,0.0,True
2,11,16,random_baseline,1.210852861404419,1.2653907537460327,0.09951031432077874,0.14622066915035248,0.5744999051094055,0.0,True
2,11,17,random_baseline,-0.08512815833091736,-0.09979596734046936,0.09889507006672957,0.145917147397995,0.5752881765365601,0.0,True
2,11,18,random_baseline,-0.1080462634563446,-0.0728236734867096,0.10145619679297466,0.14489084482192993,0.6381958723068237,0.0,True
2,11,19,random_baseline,0.9110355377197266,0.9854799509048462,0.0,0.10367655754089355,0.6867297887802124,0.0,True
2,11,20,random_baseline,-0.03050917014479637,-0.08726754784584045,0.09572183683997534,0.14434567093849182,0.5794051885604858,0.0,True
2,11,21,random_baseline,0.11108049750328064,0.09007510542869568,0.0,0.10367655754089355,0.6867297887802124,0.0,True
2,11,22,random_baseline,-0.09021696448326111,-0.1442793905735016,0.0,0.10367655754089355,0.6867297887802124,0.0,True
2,11,23,random_baseline,-0.23440304398536682,-0.3111836016178131,0.09784462401102102,0.14530974626541138,0.5780147910118103,0.0,True
2,11,24,random_baseline,0.0439276397228241,0.009126279503107071,0.2783378608402918,0.16441002488136292,0.7250038981437683,0.0,True
2,11,25,random_baseline,0.582554280757904,0.6394318342208862,0.0,0.10367655754089355,0.6867297887802124,0.0,True
2,11,26,random_baseline,-0.1060514748096466,-0.12386360764503479,0.09596957171064796,0.14446748793125153,0.5790838599205017,0.0,True
2,11,27,random_baseline,0.046182721853256226,0.013208959251642227,0.09744979310012895,0.1452031135559082,0.5771514177322388,0.0,True
2,11,28,random_baseline,0.08689656853675842,0.09959301352500916,0.049593399043885426,0.12377673387527466,0.6374180316925049,0.0,True
2,11,29,random_baseline,0.09828338027000427,0.12755832076072693,0.09831388889596353,0.14562954008579254,0.5760371685028076,0.0,True
2,11,30,random_baseline,0.06859639286994934,0.11793121695518494,0.0,0.10367655754089355,0.6867297887802124,0.0,True
2,11,31,random_baseline,0.03276405110955238,0.03605470433831215,0.0,0.10367655754089355,0.6867297887802124,0.0,True
2,12,0,deterministic_actor,-0.10164062678813934,-0.10927554965019226,0.08183885091643557,0.10429485142230988,0.2500006854534149,0.0,True
2,12,1,actor_stochastic,0.39312633872032166,0.352426141500473,0.09747239184713238,0.08208102732896805,0.49966153502464294,0.0,True
2,12,2,actor_stochastic,0.2673655152320862,0.3383069932460785,0.0,0.019724423065781593,0.250003844499588,0.0,True
2,12,3,actor_stochastic,-0.025032788515090942,0.0230698324739933,0.07663159664341455,0.06177525967359543,0.44223666191101074,0.0,True
2,12,4,actor_stochastic,0.16570886969566345,0.16482314467430115,0.020480571868634962,0.04088858515024185,0.2500018775463104,0.0,True
2,12,5,actor_stochastic,-0.025070875883102417,0.011235330253839493,0.07401873620567814,0.06013002246618271,0.44711050391197205,0.0,True
2,12,6,actor_stochastic,0.09069108963012695,0.09239241480827332,0.019961804307254975,0.04035249352455139,0.2500019073486328,0.0,True
2,12,7,actor_stochastic,-0.09727874398231506,-0.10714760422706604,0.03920658117283418,0.06023962050676346,0.2500011622905731,0.0,True
2,12,8,actor_stochastic,-0.10082831978797913,-0.11486759781837463,0.039806425055648256,0.06085948646068573,0.2500011920928955,0.0,True
2,12,9,actor_stochastic,0.1307116448879242,0.08255156874656677,0.10637297122485524,0.08124952018260956,0.3953571021556854,0.0,True
2,12,10,actor_stochastic,-0.15405666828155518,-0.1336764395236969,0.09584657638622204,0.08136636018753052,0.49995070695877075,0.0,True
2,12,11,actor_stochastic,0.16565939784049988,0.13784751296043396,0.1850396063772654,0.1022271066904068,0.4802500307559967,0.0,True
2,12,12,actor_stochastic,-0.18299070000648499,-0.17541924118995667,0.04037566891993183,0.06144772469997406,0.2500011622905731,0.0,True
2,12,13,actor_stochastic,0.14328786730766296,0.10295543074607849,0.020462070658607362,0.04086946323513985,0.2500018775463104,0.0,True
2,12,14,actor_stochastic,0.20687589049339294,0.19617804884910583,0.040330187643803375,0.061400726437568665,0.2500011622905731,0.0,True
2,12,15,actor_stochastic,0.018847733736038208,-0.02396383509039879,0.07426629803847172,0.060283347964286804,0.4466509222984314,0.0,True
2,12,16,random_baseline,-0.02132287621498108,0.03548154607415199,0.07607609198672724,0.06139048933982849,0.4433649182319641,0.0,True
2,12,17,random_baseline,-0.061800628900527954,-0.10596457123756409,0.10829143526832338,0.08265494555234909,0.3926982283592224,0.0,True
2,12,18,random_baseline,0.01196584478020668,0.026113126426935196,0.019129917782226037,0.03949284553527832,0.2500019073486328,0.0,True
2,12,19,random_baseline,-0.04753008484840393,-0.02263679727911949,0.4634815068191265,0.10302019119262695,0.687703549861908,0.0,True
2,12,20,random_baseline,0.03202614560723305,0.032036397606134415,0.03993301610720075,0.06099029630422592,0.2500011622905731,0.0,True
2,12,21,random_baseline,0.034894317388534546,0.08723649382591248,0.0975999669074237,0.060221776366233826,0.7497393488883972,0.0,True
2,12,22,random_baseline,-0.12235334515571594,-0.008294489234685898,0.0,0.019724423065781593,0.250003844499588,0.0,True
2,12,23,random_baseline,0.10245411098003387,0.16461172699928284,0.07646225716063668,0.06166113168001175,0.44257059693336487,0.0,True
2,12,24,random_baseline,-0.0678955614566803,-0.07475367188453674,0.019830390113220537,0.04021669924259186,0.2500018775463104,0.0,True
2,12,25,random_baseline,-0.4414105713367462,-0.5125404596328735,0.08086611271144904,0.1032896414399147,0.2500006854534149,0.0,True
2,12,26,random_baseline,0.35146915912628174,0.4133070409297943,0.07697916975595329,0.06201361119747162,0.44154155254364014,0.0,True
2,12,27,random_baseline,-0.07206395268440247,-0.08173361420631409,0.0,0.019724423065781593,0.250003844499588,0.0,True
2,12,28,random_baseline,0.0684986412525177,0.09194836020469666,0.0,0.019724423065781593,0.250003844499588,0.0,True
2,12,29,random_baseline,-0.1536370813846588,-0.235621839761734,0.07532594048065862,0.060982704162597656,0.44456860423088074,0.0,True
2,12,30,random_baseline,0.2583613991737366,0.37978407740592957,0.0,0.019724423065781593,0.250003844499588,0.0,True
2,12,31,random_baseline,0.28591594099998474,0.2573471963405609,0.18872281222680062,0.10311761498451233,0.48433661460876465,0.0,True
2,13,0,deterministic_actor,-0.006608974188566208,0.005006406456232071,0.11577868739343271,0.1463000625371933,0.3260691463947296,0.0,True
2,13,1,actor_stochastic,-0.23753800988197327,-0.2191089689731598,0.03079500914846711,0.08223289251327515,0.39348867535591125,0.0,True
2,13,2,actor_stochastic,-0.4336809813976288,-0.48051872849464417,0.32079932604707273,0.16498316824436188,0.7079005837440491,0.0,True
2,13,3,actor_stochastic,0.0216808058321476,0.035509202629327774,0.18909937725918058,0.14449849724769592,0.799426794052124,0.0,True
2,13,4,actor_stochastic,-0.3393472731113434,-0.4325770437717438,0.0,0.062014389783144,0.4415404498577118,0.0,True
2,13,5,actor_stochastic,0.06062886118888855,0.07278069853782654,0.12850532346494434,0.1246824637055397,0.6349987983703613,0.0,True
2,13,6,actor_stochastic,0.021388325840234756,-0.012218382209539413,0.0,0.062014389783144,0.4415404498577118,0.0,True
2,13,7,actor_stochastic,0.060811132192611694,0.060926053673028946,0.07354213220749238,0.10193894803524017,0.5574647784233093,0.0,True
2,13,8,actor_stochastic,0.18730029463768005,0.1610313355922699,0.0,0.062014389783144,0.4415404498577118,0.0,True
2,13,9,actor_stochastic,0.6240993738174438,0.7598806619644165,0.038188230182931104,0.08176910132169724,0.49941208958625793,0.0,True
2,13,10,actor_stochastic,0.27703985571861267,0.21765956282615662,0.0302373680507665,0.0818282961845398,0.3942527174949646,0.0,True
2,13,11,actor_stochastic,-0.06294384598731995,-0.04587426409125328,0.049871565509552934,0.08180055022239685,0.6511659026145935,0.0,True
2,13,12,actor_stochastic,-0.35521259903907776,-0.3500470221042633,0.11461008184522467,0.1453293263912201,0.3266288936138153,0.0,True
2,13,13,actor_stochastic,0.23612913489341736,0.29233798384666443,0.0,0.062014389783144,0.4415404498577118,0.0,True
2,13,14,actor_stochastic,-0.2894362509250641,-0.26927605271339417,0.09484487164028318,0.12348668277263641,0.4436022937297821,0.0,True
2,13,15,actor_stochastic,-0.12015751004219055,-0.13650789856910706,0.030190253297059846,0.08179417252540588,0.39431747794151306,0.0,True
2,13,16,random_baseline,-0.25423160195350647,-0.20926514267921448,0.10722957563411298,0.1033610850572586,0.6871246099472046,0.0,True
2,13,17,random_baseline,-0.10470619797706604,-0.10800877213478088,0.07447605916979474,0.10237161815166473,0.5587806701660156,0.0,True
2,13,18,random_baseline,-0.20260277390480042,-0.14518871903419495,0.06944348778925655,0.10349022597074509,0.47542399168014526,0.0,True
2,13,19,random_baseline,0.32015952467918396,0.27459678053855896,0.22016824307654112,0.16403889656066895,0.4207753837108612,0.0,True
2,13,20,random_baseline,-0.06348219513893127,-0.07135048508644104,0.03154240127715787,0.08277725428342819,0.39247167110443115,0.0,True
2,13,21,random_baseline,-0.1939966380596161,-0.2176208794116974,0.0,0.062014389783144,0.4415404498577118,0.0,True
2,13,22,random_baseline,0.060585588216781616,0.0871492326259613,0.0,0.062014389783144,0.4415404498577118,0.0,True
2,13,23,random_baseline,-0.39480164647102356,-0.37310972809791565,0.12442338527713748,0.12254936993122101,0.6359290480613708,0.0,True
2,13,24,random_baseline,-0.046833183616399765,-0.07292118668556213,0.030415938527598555,0.08195771276950836,0.3940075933933258,0.0,True
2,13,25,random_baseline,0.06464061141014099,0.03208122029900551,0.050620335019760904,0.08205243945121765,0.6526340246200562,0.0,True
2,13,26,random_baseline,-0.1311500370502472,-0.07025232911109924,0.0,0.062014389783144,0.4415404498577118,0.0,True
2,13,27,random_baseline,-0.020347025245428085,-0.039842989295721054,0.12656036616860838,0.1237948015332222,0.6344624161720276,0.0,True
2,13,28,random_baseline,-0.2683052122592926,-0.2533661425113678,0.03167978181726181,0.08287757635116577,0.39228564500808716,0.0,True
2,13,29,random_baseline,-0.15049567818641663,-0.20894232392311096,0.17807322364697353,0.14308439195156097,0.7103307843208313,0.0,True
2,13,30,random_baseline,-0.015155579894781113,-0.014559175819158554,0.0,0.062014389783144,0.4415404498577118,0.0,True
2,13,31,random_baseline,0.010108325630426407,0.05121097341179848,0.10763005450137711,0.1227581650018692,0.4999281167984009,0.0,True
2,14,0,deterministic_actor,-0.12136724591255188,-0.11778244376182556,0.0,0.062014389783144,0.44154098629951477,0.0,True
2,14,1,actor_stochastic,0.0979209840297699,0.15763434767723083,0.10490317594437969,0.10243746638298035,0.6882725358009338,0.0,True
2,14,2,actor_stochastic,-0.10444799065589905,-0.05841579660773277,0.0,0.062014389783144,0.44154098629951477,0.0,True
2,14,3,actor_stochastic,0.09773167967796326,0.056508634239435196,0.0,0.062014389783144,0.44154098629951477,0.0,True
2,14,4,actor_stochastic,-0.09262290596961975,-0.11206093430519104,0.0,0.062014389783144,0.44154098629951477,0.0,True
2,14,5,actor_stochastic,0.18335291743278503,0.1535223424434662,0.0,0.062014389783144,0.44154098629951477,0.0,True
2,14,6,actor_stochastic,0.027792785316705704,0.013487432152032852,0.0,0.062014389783144,0.44154098629951477,0.0,True
2,14,7,actor_stochastic,0.3399578034877777,0.3135906159877777,0.0,0.062014389783144,0.44154098629951477,0.0,True
2,14,8,actor_stochastic,0.18872055411338806,0.21325454115867615,0.1052273427998128,0.102508544921875,0.6881896257400513,0.0,True
2,14,9,actor_stochastic,-0.2113417088985443,-0.25084248185157776,0.052824140832947654,0.08279310166835785,0.6567710041999817,0.0,True
2,14,10,actor_stochastic,-0.040728479623794556,0.015301797538995743,0.10906187604250309,0.1039196327328682,0.6863602995872498,0.0,True
2,14,11,actor_stochastic,0.00201544351875782,0.06229839101433754,0.10966073014864902,0.10417724400758743,0.685990571975708,0.0,True
2,14,12,actor_stochastic,-0.3105733096599579,-0.3347455561161041,0.0,0.062014389783144,0.44154098629951477,0.0,True
2,14,13,actor_stochastic,-0.02487220987677574,-0.01635613664984703,0.0,0.062014389783144,0.44154098629951477,0.0,True
2,14,14,actor_stochastic,0.10736048221588135,0.13509127497673035,0.10880428031989656,0.10381440818309784,0.6865082383155823,0.0,True
2,14,15,actor_stochastic,0.004536006599664688,0.004292581230401993,0.05085514972879807,0.08213140070438385,0.6530880331993103,0.0,True
2,14,16,random_baseline,0.04927155748009682,0.049657437950372696,0.05032240993547805,0.08195222914218903,0.6520538926124573,0.0,True
2,14,17,random_baseline,0.029794786125421524,0.07036647200584412,0.10892980430452828,0.10386493802070618,0.6864374876022339,0.0,True
2,14,18,random_baseline,-0.13582077622413635,-0.14864864945411682,0.0,0.062014389783144,0.44154098629951477,0.0,True
2,14,19,random_baseline,-0.1662215292453766,-0.10372772812843323,0.10854672612638101,0.10371071100234985,0.6866522431373596,0.0,True
2,14,20,random_baseline,-0.32908251881599426,-0.375728040933609,0.0,0.062014389783144,0.44154098629951477,0.0,True
2,14,21,random_baseline,-0.10333207249641418,-0.11241236329078674,0.0,0.062014389783144,0.44154098629951477,0.0,True
2,14,22,random_baseline,-0.20147421956062317,-0.1600152552127838,0.0,0.062014389783144,0.44154098629951477,0.0,True
2,14,23,random_baseline,0.008969160728156567,0.055504415184259415,0.05065806650607982,0.08206512778997421,0.6527073383331299,0.0,True
2,14,24,random_baseline,0.05140659585595131,0.04522189870476723,0.0,0.062014389783144,0.44154098629951477,0.0,True
2,14,25,random_baseline,0.3540295660495758,0.43079814314842224,0.0,0.062014389783144,0.44154098629951477,0.0,True
2,14,26,random_baseline,-1.3983503580093384,-1.4648088216781616,0.0,0.062014389783144,0.44154098629951477,0.0,True
2,14,27,random_baseline,0.20402315258979797,0.25239524245262146,0.10941975529111779,0.10412247478961945,0.6860700845718384,0.0,True
2,14,28,random_baseline,-0.030724313110113144,-0.07681217789649963,0.0,0.062014389783144,0.44154098629951477,0.0,True
2,14,29,random_baseline,-0.27937212586402893,-0.20371857285499573,0.10971134949619928,0.10420194268226624,0.6859546303749084,0.0,True
2,14,30,random_baseline,-0.05590071901679039,-0.07453480362892151,0.0,0.062014389783144,0.44154098629951477,0.0,True
2,14,31,random_baseline,-0.06865289807319641,0.010440442711114883,0.0,0.062014389783144,0.44154098629951477,0.0,True
2,15,0,deterministic_actor,-0.10164062678813934,-0.10927554965019226,0.08183885091643557,0.10429485142230988,0.2500006854534149,0.0,True
2,15,1,actor_stochastic,0.21984371542930603,0.15257605910301208,0.1859632525823807,0.10225759446620941,0.4802166223526001,0.0,True
2,15,2,actor_stochastic,-0.2634195387363434,-0.2042936384677887,0.24917312922284263,0.08185476064682007,0.6561792492866516,0.0,True
2,15,3,actor_stochastic,-0.333631306886673,-0.2688092291355133,0.07627085419469457,0.06153976544737816,0.4429263472557068,0.0,True
2,15,4,actor_stochastic,-0.07946440577507019,-0.11813440918922424,0.054754914791131135,0.05979759991168976,0.4532991051673889,0.0,True
2,15,5,actor_stochastic,-0.02291896566748619,-0.04784145578742027,0.0,0.019724423065781593,0.250003844499588,0.0,True
2,15,6,actor_stochastic,-0.08517447113990784,-0.008412744849920273,0.0,0.019724423065781593,0.250003844499588,0.0,True
2,15,7,actor_stochastic,0.6757926940917969,0.7410619258880615,0.10729027270773889,0.08193199336528778,0.3940553665161133,0.0,True
2,15,8,actor_stochastic,0.16535049676895142,0.14301714301109314,0.019742355361877083,0.04012572765350342,0.2500019073486328,0.0,True
2,15,9,actor_stochastic,-0.3377090394496918,-0.2907503545284271,0.0766631195306333,0.06180120259523392,0.4421609044075012,0.0,True
2,15,10,actor_stochastic,0.8165045976638794,0.8627001047134399,0.10680256890640523,0.0815405547618866,0.3947995901107788,0.0,True
2,15,11,actor_stochastic,-0.08334389328956604,-0.057085420936346054,0.10627878324653292,0.08120134472846985,0.39544975757598877,0.0,True
2,15,12,actor_stochastic,0.18714949488639832,0.1119447648525238,0.020292302041889445,0.04069402813911438,0.2500018775463104,0.0,True
2,15,13,actor_stochastic,-0.19757747650146484,-0.13191786408424377,0.0746121315435331,0.060442276298999786,0.44617581367492676,0.0,True
2,15,14,actor_stochastic,0.1179097592830658,0.0944577157497406,0.04047160342724667,0.06154686212539673,0.2500011622905731,0.0,True
2,15,15,actor_stochastic,0.25057515501976013,0.2401958405971527,0.308471849140601,0.10288995504379272,0.6876482963562012,0.0,True
2,15,16,random_baseline,0.011229608207941055,0.044418904930353165,0.01919305238277477,0.039558086544275284,0.2500019371509552,0.0,True
2,15,17,random_baseline,-0.04965868219733238,-0.06784477829933167,0.0,0.019724423065781593,0.250003844499588,0.0,True
2,15,18,random_baseline,-0.16235464811325073,-0.15487948060035706,0.0,0.019724423065781593,0.250003844499588,0.0,True
2,15,19,random_baseline,-0.0913335382938385,-0.08450642228126526,0.10786137615242929,0.0823306143283844,0.39330440759658813,0.0,True
2,15,20,random_baseline,0.12325599789619446,0.09357842803001404,0.040392550495411565,0.06146517023444176,0.2500011622905731,0.0,True
2,15,21,random_baseline,-0.19606834650039673,-0.23113468289375305,0.019372181195163218,0.03974319249391556,0.2500019073486328,0.0,True
2,15,22,random_baseline,0.4193773567676544,0.47502002120018005,0.0,0.019724423065781593,0.250003844499588,0.0,True
2,15,23,random_baseline,-0.162759929895401,-0.22491994500160217,0.07398071401572243,0.06008339300751686,0.4472504258155823,0.0,True
2,15,24,random_baseline,-0.057017236948013306,-0.04002800211310387,0.019646077085975874,0.0400262326002121,0.2500019073486328,0.0,True
2,15,25,random_baseline,-0.032622963190078735,0.030419442802667618,0.7215014537042583,0.14393389225006104,0.8140361905097961,0.0,True
2,15,26,random_baseline,-0.2344665825366974,-0.2352084219455719,0.0,0.019724423065781593,0.250003844499588,0.0,True
2,15,27,random_baseline,-0.7370942831039429,-0.8089927434921265,0.0,0.019724423065781593,0.250003844499588,0.0,True
2,15,28,random_baseline,0.1328659951686859,0.1372567117214203,0.29026005534797694,0.12309317290782928,0.4486358165740967,0.0,True
2,15,29,random_baseline,0.25414690375328064,0.31354770064353943,0.6463059007262184,0.12290413677692413,0.8900965452194214,0.0,True
2,15,30,random_baseline,0.08595046401023865,0.10177430510520935,0.07883797379948394,0.10119380056858063,0.2500006854534149,0.0,True
2,15,31,random_baseline,0.10674461722373962,0.19831237196922302,0.05391382957245211,0.05955719202756882,0.4499933123588562,0.0,True
2,16,0,deterministic_actor,-0.09146760404109955,-0.08687618374824524,0.0,0.06049196794629097,0.4460287094116211,0.0,True
2,16,1,actor_stochastic,-0.036271240562200546,-0.035486605018377304,0.0,0.06049196794629097,0.4460287094116211,0.0,True
2,16,2,actor_stochastic,-0.22227326035499573,-0.22216835618019104,0.0,0.06049196794629097,0.4460287094116211,0.0,True
2,16,3,actor_stochastic,-0.02870490774512291,-0.06382599472999573,0.0,0.06049196794629097,0.4460287094116211,0.0,True
2,16,4,actor_stochastic,0.2893725335597992,0.3608451783657074,0.0,0.06049196794629097,0.4460287094116211,0.0,True
2,16,5,actor_stochastic,0.48712554574012756,0.5727604627609253,0.06138032407359108,0.10232291370630264,0.36295926570892334,0.0,True
2,16,6,actor_stochastic,-0.2903250753879547,-0.314627081155777,0.0,0.06049196794629097,0.4460287094116211,0.0,True
2,16,7,actor_stochastic,-0.24745377898216248,-0.23904505372047424,0.03921861076618546,0.08075762540102005,0.499955952167511,0.0,True
2,16,8,actor_stochastic,-0.1898578703403473,-0.19368210434913635,0.07773213370434934,0.10144469141960144,0.48145681619644165,0.0,True
2,16,9,actor_stochastic,-0.302685409784317,-0.30665722489356995,0.06117997389571642,0.10217328369617462,0.36314210295677185,0.0,True
2,16,10,actor_stochastic,-0.009530212730169296,0.01912221685051918,0.05262588556699532,0.08098167181015015,0.6635352969169617,0.0,True
2,16,11,actor_stochastic,-0.09405341744422913,-0.061201002448797226,0.10919610729320839,0.10221600532531738,0.6888378858566284,0.0,True
2,16,12,actor_stochastic,-0.08770039677619934,-0.11551466584205627,0.11063360447676708,0.10271946340799332,0.6879720687866211,0.0,True
2,16,13,actor_stochastic,0.08011612296104431,0.09995326399803162,0.0,0.06049196794629097,0.4460287094116211,0.0,True
2,16,14,actor_stochastic,0.11723098158836365,0.12864264845848083,0.05052310157476736,0.08027946949005127,0.6596283912658691,0.0,True
2,16,15,actor_stochastic,-0.548815131187439,-0.5443154573440552,0.0,0.06049196794629097,0.4460287094116211,0.0,True
2,16,16,random_baseline,-0.39786627888679504,-0.4230850040912628,0.0,0.06049196794629097,0.4460287094116211,0.0,True
2,16,17,random_baseline,0.01027509942650795,0.029973123222589493,0.11009797610445284,0.10252341628074646,0.688313901424408,0.0,True
2,16,18,random_baseline,0.1611461341381073,0.12740525603294373,0.10743800552735322,0.10157551616430283,0.6898818016052246,0.0,True
2,16,19,random_baseline,-0.1109752506017685,-0.1307462751865387,0.07530036778930733,0.10115300118923187,0.5623423457145691,0.0,True
2,16,20,random_baseline,0.4869707524776459,0.5562201738357544,0.09932183223423491,0.12233496457338333,0.49063360691070557,0.0,True
2,16,21,random_baseline,-0.12254384160041809,-0.10194960236549377,0.0,0.06049196794629097,0.4460287094116211,0.0,True
2,16,22,random_baseline,0.5317579507827759,0.5773082971572876,0.0,0.06049196794629097,0.4460287094116211,0.0,True
2,16,23,random_baseline,-0.340244323015213,-0.26094093918800354,0.27854452805433744,0.10100404918193817,0.888137698173523,0.0,True
2,16,24,random_baseline,0.15255042910575867,0.24577650427818298,0.10036174374386712,0.1219998449087143,0.500529408454895,0.0,True
2,16,25,random_baseline,-0.20544996857643127,-0.08177986741065979,0.0510547016252574,0.08045704662799835,0.6606404781341553,0.0,True
2,16,26,random_baseline,0.02026209607720375,0.022914502769708633,0.0,0.06049196794629097,0.4460287094116211,0.0,True
2,16,27,random_baseline,-0.24257197976112366,-0.2391904890537262,0.06952203775765657,0.10141175985336304,0.48033562302589417,0.0,True
2,16,28,random_baseline,-0.9182511568069458,-0.9670649766921997,0.0,0.06049196794629097,0.4460287094116211,0.0,True
2,16,29,random_baseline,-0.14687028527259827,-0.09592810273170471,0.4248433989152212,0.1637939214706421,0.719382107257843,0.0,True
2,16,30,random_baseline,0.0017302371561527252,-0.0016690753400325775,0.0,0.06049196794629097,0.4460287094116211,0.0,True
2,16,31,random_baseline,-0.9358594417572021,-1.004978060722351,0.0,0.06049196794629097,0.4460287094116211,0.0,True
2,17,0,deterministic_actor,-0.07513277232646942,-0.06330028176307678,0.0,0.06049196794629097,0.44602930545806885,0.0,True
2,17,1,actor_stochastic,-0.2144433557987213,-0.19956818222999573,0.0,0.06049196794629097,0.44602930545806885,0.0,True
2,17,2,actor_stochastic,0.032976239919662476,-0.0024675391614437103,0.0,0.06049196794629097,0.44602930545806885,0.0,True
2,17,3,actor_stochastic,0.3681055009365082,0.42093905806541443,0.0,0.06049196794629097,0.44602930545806885,0.0,True
2,17,4,actor_stochastic,0.023267868906259537,0.007889125496149063,0.10766005234808851,0.10168499499559402,0.6897082924842834,0.0,True
2,17,5,actor_stochastic,-0.060456663370132446,-0.022793199867010117,0.051717039868467735,0.08067820966243744,0.6618785262107849,0.0,True
2,17,6,actor_stochastic,-0.040660466998815536,-0.05559530481696129,0.05242850241195338,0.08091576397418976,0.6631796956062317,0.0,True
2,17,7,actor_stochastic,-0.38528481125831604,-0.3799051344394684,0.0,0.06049196794629097,0.44602930545806885,0.0,True
2,17,8,actor_stochastic,-0.10076078772544861,-0.2083686888217926,0.0,0.06049196794629097,0.44602930545806885,0.0,True
2,17,9,actor_stochastic,-0.0882662832736969,-0.06195583567023277,0.052530917764631424,0.08094995468854904,0.6633646488189697,0.0,True
2,17,10,actor_stochastic,0.17242330312728882,0.23545584082603455,0.05107225458770783,0.08046288788318634,0.6606738567352295,0.0,True
2,17,11,actor_stochastic,0.07939955592155457,0.10715064406394958,0.03246926829399517,0.08176149427890778,0.39437994360923767,0.0,True
2,17,12,actor_stochastic,0.2654202878475189,0.21435412764549255,0.0,0.06049196794629097,0.44602930545806885,0.0,True
2,17,13,actor_stochastic,0.16648969054222107,0.1562419831752777,0.0,0.06049196794629097,0.44602930545806885,0.0,True
2,17,14,actor_stochastic,0.4625374972820282,0.5261904001235962,0.0,0.06049196794629097,0.44602930545806885,0.0,True
2,17,15,actor_stochastic,-0.06084457039833069,0.05462035909295082,0.0,0.06049196794629097,0.44602930545806885,0.0,True
2,17,16,random_baseline,0.3001053035259247,0.3542364537715912,0.05356499674415393,0.08129517734050751,0.6651978492736816,0.0,True
2,17,17,random_baseline,-0.5479133129119873,-0.5947211980819702,0.0,0.06049196794629097,0.44602930545806885,0.0,True
2,17,18,random_baseline,-0.1842750608921051,-0.18809643387794495,0.0,0.06049196794629097,0.44602930545806885,0.0,True
2,17,19,random_baseline,0.2669770121574402,0.29790744185447693,0.05279181735714186,0.08103705197572708,0.66383296251297,0.0,True
2,17,20,random_baseline,-0.007300045341253281,0.0008932091295719147,0.0,0.06049196794629097,0.44602930545806885,0.0,True
2,17,21,random_baseline,-0.4243544638156891,-0.4334639608860016,0.0,0.06049196794629097,0.44602930545806885,0.0,True
2,17,22,random_baseline,-0.10465791821479797,-0.0901273787021637,0.0,0.06049196794629097,0.44602930545806885,0.0,True
2,17,23,random_baseline,-0.4597706198692322,-0.5659138560295105,0.0,0.06049196794629097,0.44602930545806885,0.0,True
2,17,24,random_baseline,-0.06840148568153381,-0.061713602393865585,0.0,0.06049196794629097,0.44602930545806885,0.0,True
2,17,25,random_baseline,0.033556971698999405,0.05088076367974281,0.0,0.06049196794629097,0.44602930545806885,0.0,True
2,17,26,random_baseline,-0.6695185899734497,-0.7641125917434692,0.0,0.06049196794629097,0.44602930545806885,0.0,True
2,17,27,random_baseline,0.0026501137763261795,-0.049906160682439804,0.055363607831079624,0.08189573884010315,0.668242871761322,0.0,True
2,17,28,random_baseline,-0.07504573464393616,-0.08731785416603088,0.0,0.06049196794629097,0.44602930545806885,0.0,True
2,17,29,random_baseline,-0.26935455203056335,-0.3464430868625641,0.0,0.06049196794629097,0.44602930545806885,0.0,True
2,17,30,random_baseline,0.17383679747581482,0.12237128615379333,0.0,0.06049196794629097,0.44602930545806885,0.0,True
2,17,31,random_baseline,-0.20187422633171082,-0.2553469240665436,0.0,0.06049196794629097,0.44602930545806885,0.0,True
2,18,0,deterministic_actor,-0.10164062678813934,-0.10927554965019226,0.08183885091643557,0.10429485142230988,0.2500006854534149,0.0,True
2,18,1,actor_stochastic,-0.2348213493824005,-0.2838706076145172,0.0800934178304983,0.10249114781618118,0.2500006854534149,0.0,True
2,18,2,actor_stochastic,0.23560747504234314,0.20225486159324646,0.21121701205086385,0.12439930438995361,0.34936943650245667,0.0,True
2,18,3,actor_stochastic,0.021456215530633926,0.03442487493157387,0.020043182868184458,0.04043659195303917,0.2500018775463104,0.0,True
2,18,4,actor_stochastic,-0.2154792845249176,-0.1944526731967926,0.075044760848724,0.060705818235874176,0.4453902840614319,0.0,True
2,18,5,actor_stochastic,-0.1618708074092865,-0.10601106286048889,0.0,0.019724423065781593,0.250003844499588,0.0,True
2,18,6,actor_stochastic,0.23489674925804138,0.20465430617332458,0.040472369408257915,0.04065442457795143,0.49956321716308594,0.0,True
2,18,7,actor_stochastic,0.030073676258325577,0.04347977414727211,0.07635295720754431,0.06158581003546715,0.44279131293296814,0.0,True
2,18,8,actor_stochastic,0.0028962232172489166,0.03664955869317055,0.13629578640474843,0.10263731330633163,0.36257630586624146,0.0,True
2,18,9,actor_stochastic,0.18371352553367615,0.19253310561180115,0.6464733898572763,0.12282824516296387,0.8887775540351868,0.0,True
2,18,10,actor_stochastic,0.02618524804711342,0.016786430031061172,0.020488736949354214,0.04089702293276787,0.2500018775463104,0.0,True
2,18,11,actor_stochastic,0.13463488221168518,0.19086799025535583,0.49866701530131535,0.14260201156139374,0.5764195919036865,0.0,True
2,18,12,actor_stochastic,0.13968929648399353,0.13351020216941833,0.020114402952028085,0.04051019251346588,0.25000184774398804,0.0,True
2,18,13,actor_stochastic,-0.04543605446815491,-0.14894738793373108,0.0,0.019724423065781593,0.250003844499588,0.0,True
2,18,14,actor_stochastic,0.00144181028008461,-0.0010618232190608978,0.04109631400686552,0.06219242513179779,0.2500011622905731,0.0,True
2,18,15,actor_stochastic,-0.10881845653057098,-0.06171497330069542,0.09788344909673552,0.08250654488801956,0.49973684549331665,0.0,True
2,18,16,random_baseline,-0.24820974469184875,-0.21267667412757874,0.0,0.019724423065781593,0.250003844499588,0.0,True
2,18,17,random_baseline,0.10487613081932068,0.09924277663230896,0.058852041090374785,0.08054079115390778,0.25000086426734924,0.0,True
2,18,18,random_baseline,0.05931094288825989,0.11722812056541443,0.0762765113797535,0.06152086704969406,0.4429818093776703,0.0,True
2,18,19,random_baseline,0.0278070867061615,-0.012195970863103867,0.0,0.019724423065781593,0.250003844499588,0.0,True
2,18,20,random_baseline,-0.04149940609931946,0.017840955406427383,0.07400159161262226,0.06011229008436203,0.44716379046440125,0.0,True
2,18,21,random_baseline,-0.11803260445594788,-0.05418052896857262,0.0,0.019724423065781593,0.250003844499588,0.0,True
2,18,22,random_baseline,-0.09186998009681702,-0.05559816583991051,0.0,0.019724423065781593,0.250003844499588,0.0,True
2,18,23,random_baseline,-0.016931381076574326,-0.020807649940252304,0.0,0.019724423065781593,0.250003844499588,0.0,True
2,18,24,random_baseline,-0.2253204882144928,-0.17549648880958557,0.07455839289981658,0.06043877452611923,0.44618627429008484,0.0,True
2,18,25,random_baseline,0.0019107777625322342,0.060552213340997696,0.1361504599652387,0.10252414643764496,0.36271369457244873,0.0,True
2,18,26,random_baseline,0.0033472515642642975,0.0430208183825016,0.3094527708836805,0.10286978632211685,0.6878334879875183,0.0,True
2,18,27,random_baseline,0.15140041708946228,0.15788564085960388,0.04037590655861906,0.06144796684384346,0.2500011622905731,0.0,True
2,18,28,random_baseline,0.021665427833795547,-0.012061502784490585,0.44583009042986366,0.16429729759693146,0.4730203151702881,0.0,True
2,18,29,random_baseline,0.07730397582054138,0.06991252303123474,0.09441846247005109,0.08029048144817352,0.49990442395210266,0.0,True
2,18,30,random_baseline,-0.1493276059627533,-0.13590922951698303,0.0,0.019724423065781593,0.250003844499588,0.0,True
2,18,31,random_baseline,0.5081716775894165,0.5392805337905884,0.0,0.019724423065781593,0.250003844499588,0.0,True
2,19,0,deterministic_actor,-0.10887300968170166,-0.12010970711708069,0.03855796367984633,0.13979746401309967,0.250000923871994,0.0,True
2,19,1,actor_stochastic,-0.1811167299747467,-0.1249784529209137,0.0936707450301477,0.18060411512851715,0.38178035616874695,0.0,True
2,19,2,actor_stochastic,0.05086991563439369,0.06709632277488708,0.04602332305249876,0.140805184841156,0.33226752281188965,0.0,True
2,19,3,actor_stochastic,0.11846575140953064,0.1700359284877777,0.0,0.09995253384113312,0.25000131130218506,0.0,True
2,19,4,actor_stochastic,-0.1403585970401764,-0.11227408051490784,0.07949791143051897,0.18210387229919434,0.2500006854534149,0.0,True
2,19,5,actor_stochastic,-0.2581876814365387,-0.21585169434547424,0.0,0.09995253384113312,0.25000131130218506,0.0,True
2,19,6,actor_stochastic,-0.008973982185125351,0.01999053731560707,0.062094116860514546,0.14129264652729034,0.4265916645526886,0.0,True
2,19,7,actor_stochastic,-0.32125189900398254,-0.2779456675052643,0.06383753809271145,0.1408395767211914,0.4580215513706207,0.0,True
2,19,8,actor_stochastic,-0.06388083100318909,-0.034760382026433945,0.027287346766466488,0.12024056166410446,0.34747347235679626,0.0,True
2,19,9,actor_stochastic,0.0085357166826725,0.055342767387628555,0.0,0.09995253384113312,0.25000131130218506,0.0,True
2,19,10,actor_stochastic,0.022909581661224365,-0.029155876487493515,0.07822889776902983,0.18079251050949097,0.2500007152557373,0.0,True
2,19,11,actor_stochastic,0.11924335360527039,0.1103874146938324,0.08446653493247692,0.1818820983171463,0.31395968794822693,0.0,True
2,19,12,actor_stochastic,0.12455961108207703,0.1190091073513031,0.25120278971455745,0.2228321135044098,0.3573232889175415,0.0,True
2,19,13,actor_stochastic,-0.3272012770175934,-0.2837757170200348,0.0,0.09995253384113312,0.25000131130218506,0.0,True
2,19,14,actor_stochastic,-0.33181455731391907,-0.2282487452030182,0.0,0.09995253384113312,0.25000131130218506,0.0,True
2,19,15,actor_stochastic,-0.4754350483417511,-0.4857976734638214,0.0,0.09995253384113312,0.25000131130218506,0.0,True
2,19,16,random_baseline,0.03886440396308899,0.09371194243431091,0.0,0.09995253384113312,0.25000131130218506,0.0,True
2,19,17,random_baseline,0.05605247616767883,0.13177165389060974,0.0,0.09995253384113312,0.25000131130218506,0.0,True
2,19,18,random_baseline,-0.05630698800086975,-0.02352466806769371,0.06260898299451498,0.14157834649085999,0.42745262384414673,0.0,True
2,19,19,random_baseline,0.1782723367214203,0.14721259474754333,0.0790064884683717,0.16179585456848145,0.40440064668655396,0.0,True
2,19,20,random_baseline,0.01791250891983509,0.07466790080070496,0.0,0.09995253384113312,0.25000131130218506,0.0,True
2,19,21,random_baseline,-0.08208766579627991,-0.07561436295509338,0.02059225513011471,0.12123209983110428,0.25000104308128357,0.0,True
2,19,22,random_baseline,0.01584586873650551,0.012920472770929337,0.020804747952754953,0.12145169079303741,0.25000104308128357,0.0,True
2,19,23,random_baseline,-0.5336881875991821,-0.5571466684341431,0.0,0.09995253384113312,0.25000131130218506,0.0,True
2,19,24,random_baseline,-0.26257601380348206,-0.26480427384376526,0.0,0.09995253384113312,0.25000131130218506,0.0,True
2,19,25,random_baseline,-0.1501869261264801,-0.12718334794044495,0.0,0.09995253384113312,0.25000131130218506,0.0,True
2,19,26,random_baseline,-0.006963518448174,-0.06344619393348694,0.0,0.09995253384113312,0.25000131130218506,0.0,True
2,19,27,random_baseline,-0.09705820679664612,-0.06855431199073792,0.0,0.09995253384113312,0.25000131130218506,0.0,True
2,19,28,random_baseline,-0.26634666323661804,-0.2737715542316437,0.0,0.09995253384113312,0.25000131130218506,0.0,True
2,19,29,random_baseline,-0.1471802294254303,-0.12019100785255432,0.0,0.09995253384113312,0.25000131130218506,0.0,True
2,19,30,random_baseline,-0.6440492868423462,-0.7157553434371948,0.019219417587612083,0.11981344223022461,0.25000107288360596,0.0,True
2,19,31,random_baseline,0.1110750138759613,0.09638175368309021,0.0455967616089331,0.14057214558124542,0.3309907913208008,0.0,True
