run_name,batch_id,q_target_mse,q_target_corr,bootstrap_target_abs_ratio,bootstrap_reward_abs_ratio,n_step_targets_nearly_constant,prefix_q_values_nearly_constant,batch_finite,scalar_reward_seq_mean,scalar_reward_seq_std,scalar_reward_seq_min,scalar_reward_seq_max,prefix_q_values_mean,prefix_q_values_std,prefix_q_values_min,prefix_q_values_max,n_step_targets_mean,n_step_targets_std,n_step_targets_min,n_step_targets_max,bootstrap_values_mean,bootstrap_values_std,bootstrap_values_min,bootstrap_values_max,discounted_reward_prefix_mean,discounted_reward_prefix_std,discounted_reward_prefix_min,discounted_reward_prefix_max,bootstrap_term_mean,bootstrap_term_std,bootstrap_term_min,bootstrap_term_max
top_erl_critic_warmup_multiseed__seed_0,0,0.011162006296217442,0.4111261195957942,1.2753752473857634,2.875001180923521,False,False,True,0.023217183799715713,0.05158678121906254,0.0,0.21402589976787567,-0.13016559882089496,0.08960158443067519,-0.2962942123413086,-0.005081169307231903,-0.13179636432323605,0.10382940802546016,-0.23906108736991882,0.13158535957336426,-0.2072596657089889,0.03078858784977478,-0.26974523067474365,-0.15259380638599396,0.07029134663753211,0.10127601187893158,0.0,0.3021586835384369,-0.2020877106115222,0.02970245036625858,-0.25911620259284973,-0.15106786787509918
top_erl_critic_warmup_multiseed__seed_0,1,0.01159302145242691,0.49916671640062166,1.5026780066934773,1.7251357160444618,False,False,True,0.038440041098510846,0.06402719845296004,0.0,0.21424084901809692,-0.11066468292847276,0.08593599444434123,-0.2962942123413086,-0.005081169307231903,-0.08326332061551511,0.11567888622511363,-0.23906108736991882,0.13158535957336426,-0.20316263777203858,0.026320931809295865,-0.26974523067474365,-0.15259380638599396,0.11482443907880224,0.11869494382353452,0.0,0.30673927068710327,-0.19808776024729013,0.02533559607737855,-0.26354560256004333,-0.15106786787509918
top_erl_critic_warmup_multiseed__seed_0,2,0.029513178393244743,-0.43814223030948096,1.1978919120493832,3.999187461903942,False,False,True,0.017530870682094246,0.040756525119151614,0.0,0.23183108866214752,-0.2082157472614199,0.10190490463341143,-0.4863889217376709,-0.05700468271970749,-0.14595846959855407,0.08667563646287664,-0.23906108736991882,0.3041437268257141,-0.19955673697404563,0.027396330597927298,-0.26974523067474365,-0.15259380638599396,0.04866599175147712,0.08468814612253683,0.0,0.49556148052215576,-0.19462446263059974,0.026849984735121343,-0.25911620259284973,-0.15106786787509918
top_erl_critic_warmup_multiseed__seed_0,3,0.02705485373735428,-0.06075986218924349,1.4949836169800856,2.0312946151276314,False,False,True,0.035894951230147853,0.05605010588436839,0.0,0.23183108866214752,-0.1454823927488178,0.1098392198641237,-0.4863889217376709,-0.005081169307231903,-0.10443571419455111,0.10886798193250014,-0.23906108736991882,0.3041437268257141,-0.210975946392864,0.028772343151753192,-0.26974523067474365,-0.17017978429794312,0.10126658665831201,0.10576582941201494,0.0,0.49556148052215576,-0.20570230041630566,0.027729169883690393,-0.26354560256004333,-0.16532279551029205
top_erl_critic_warmup_multiseed__seed_0,4,0.026694580912590027,0.09825412358026027,1.4391623609147237,1.885337095697448,False,False,True,0.03604020708007738,0.065943045750811,0.0,0.23183108866214752,-0.1406625157687813,0.11385894078628128,-0.4863889217376709,-0.005081169307231903,-0.0923276231624186,0.1185165583885772,-0.22172924876213074,0.3041437268257141,-0.201574302976951,0.02050661717255884,-0.251566618680954,-0.15762272477149963,0.10428524971939623,0.12590602904989842,0.0,0.49556148052215576,-0.19661287311464548,0.02029406708655365,-0.2465604543685913,-0.1514117568731308
top_erl_critic_warmup_multiseed__seed_0,5,0.00650764349848032,0.5533475870508405,1.3569050856217373,2.6942571766039545,False,False,True,0.02430461923358962,0.0518711675897561,0.0,0.21424084901809692,-0.10894823330454528,0.06198011623749698,-0.24998235702514648,-0.005081169307231903,-0.12418688565958291,0.0943810297546889,-0.23906108736991882,0.09923170506954193,-0.20249488693661988,0.027233986741103805,-0.26974523067474365,-0.15353944897651672,0.07329870873945765,0.09899717896580099,0.0,0.30673927068710327,-0.19748559454455972,0.02655490208834291,-0.26354560256004333,-0.1514117568731308
top_erl_critic_warmup_multiseed__seed_0,6,0.0067385416477918625,0.5237219649402195,1.3425416139840407,2.6414754291934526,False,False,True,0.023653029202250764,0.04578335286710128,0.0,0.21424084901809692,-0.1421486590988934,0.06630507274739958,-0.2962942123413086,-0.0335688516497612,-0.12030017387587577,0.09013912097763994,-0.2216608077287674,0.13158535957336426,-0.19851262541487813,0.02721069833637219,-0.2688966393470764,-0.15259380638599396,0.0732878150884062,0.09004924658585405,0.0,0.30673927068710327,-0.19358799024485052,0.026491665066431216,-0.26354560256004333,-0.15106786787509918
top_erl_critic_warmup_multiseed__seed_0,7,0.03012598119676113,0.000409091628674782,1.3798370327080676,1.9027622517765914,False,False,True,0.03750053595285863,0.06564206268443767,0.0,0.23183108866214752,-0.13867100491188467,0.11029673952245629,-0.4863889217376709,-0.005081169307231903,-0.09770138515159488,0.12764646151762146,-0.23906108736991882,0.3041437268257141,-0.2112065653782338,0.029038125560472278,-0.26974523067474365,-0.15353944897651672,0.10822491464205086,0.12538810503875003,0.0,0.49556148052215576,-0.20592630025930703,0.027980124772027437,-0.26354560256004333,-0.15159069001674652
top_erl_critic_warmup_multiseed__seed_0,8,0.00907699391245842,0.4858457720751181,1.339621131284211,2.437463498455757,False,False,True,0.027369047631509602,0.051092740199924144,0.0,0.21402589976787567,-0.1125159477815032,0.07625828030572694,-0.2962942123413086,-0.0062270089983940125,-0.11746224132366478,0.1049459190423176,-0.23906108736991882,0.13158535957336426,-0.2042797903995961,0.03117884722958856,-0.26974523067474365,-0.15259380638599396,0.08171492232941091,0.10114214907683614,0.0,0.3021586835384369,-0.1991771631874144,0.03008322132568092,-0.26354560256004333,-0.15106786787509918
top_erl_critic_warmup_multiseed__seed_0,9,0.07473427057266235,-0.2492420448780645,1.2300470208313443,1.8703946947269738,False,False,True,0.04333340883022174,0.07434165163164781,0.0,0.23183108866214752,-0.22201312647666782,0.15261329432594548,-0.4863889217376709,-0.0062270089983940125,-0.09844778734259307,0.1559260674925251,-0.23906108736991882,0.3041437268257141,-0.21695303241722286,0.0294756355597436,-0.26974523067474365,-0.15259380638599396,0.11310705938376486,0.15032181386452093,0.0,0.49556148052215576,-0.2115548464935273,0.028589317605644517,-0.25911620259284973,-0.15106786787509918
top_erl_critic_warmup_multiseed__seed_0,10,0.027637872844934464,0.10622835166307765,1.4960068406090412,1.806062156967737,False,False,True,0.040383756306255236,0.0687959488848189,0.0,0.23183108866214752,-0.11987083510030061,0.12049087575421766,-0.4863889217376709,-0.005081169307231903,-0.09453263774048537,0.12523452974637753,-0.22172924876213074,0.3041437268257141,-0.21724755549803376,0.022900552067689896,-0.2688966393470764,-0.15353944897651672,0.11727707897080109,0.12472151535431897,0.0,0.49556148052215576,-0.21180971758440137,0.021943317934352405,-0.26354560256004333,-0.15200406312942505
top_erl_critic_warmup_multiseed__seed_0,11,0.00666534248739481,0.7218620161849,1.4688990771021873,2.2055326974234433,False,False,True,0.031108110735658556,0.05045649628956946,0.0,0.21402589976787567,-0.15440334880258888,0.08263926727148985,-0.2962942123413086,-0.005081169307231903,-0.1085848102811724,0.0956454348213653,-0.21971778571605682,0.13158535957336426,-0.20369849633425474,0.027252568824062694,-0.25454676151275635,-0.15259380638599396,0.09007203596411273,0.09453136557218796,0.0,0.3021586835384369,-0.19865684723481536,0.02658736051407131,-0.24698646366596222,-0.15106786787509918
top_erl_critic_warmup_multiseed__seed_0,12,0.02655637264251709,-0.028769754204930165,1.3569247475659105,2.1857090907847168,False,False,True,0.03094744455302134,0.05737267494603052,0.0,0.23183108866214752,-0.14564637292642146,0.10999286888831096,-0.4863889217376709,-0.0062270089983940125,-0.10396057518664747,0.10966394338524746,-0.22172924876213074,0.3041437268257141,-0.19648014684207737,0.021932988315100925,-0.25454676151275635,-0.15353944897651672,0.08767797093605623,0.11627109900972231,0.0,0.49556148052215576,-0.19163854676298797,0.021654628402528093,-0.24698646366596222,-0.1514117568731308
top_erl_critic_warmup_multiseed__seed_0,13,0.008990745060145855,0.5396308293509628,1.3767877708709773,2.4582061241585413,False,False,True,0.027719451260054484,0.051079109903273974,0.0,0.21402589976787567,-0.14115061610937119,0.09001826954088578,-0.2962942123413086,-0.005081169307231903,-0.11877968336921185,0.10098547852818811,-0.23906108736991882,0.13158535957336426,-0.2053334042429924,0.027432074210950157,-0.26974523067474365,-0.15259380638599396,0.0814560100552626,0.0976060496832136,0.0,0.3021586835384369,-0.20023569418117404,0.026681645130532075,-0.25911620259284973,-0.15106786787509918
top_erl_critic_warmup_multiseed__seed_0,14,0.028496181592345238,0.01596489746694672,1.4004797296299945,2.038832394157129,False,False,True,0.03398605310940184,0.061559768667078164,0.0,0.23183108866214752,-0.14185892627574503,0.11771183793824588,-0.4863889217376709,-0.005081169307231903,-0.10172459634486586,0.11604085203991994,-0.23906108736991882,0.3041437268257141,-0.20474210171960294,0.025355738678691432,-0.26974523067474365,-0.15259380638599396,0.09792204326367937,0.11971298482370797,0.0,0.49556148052215576,-0.19964663963764906,0.024528802415785936,-0.26354560256004333,-0.15106786787509918
top_erl_critic_warmup_multiseed__seed_0,15,0.0053864638321101665,0.3678804829772211,1.2273388519404362,4.4595031276904855,False,False,True,0.014819622301729396,0.030165684029842266,0.0,0.21424084901809692,-0.12499736191239208,0.06030975774109191,-0.24998235702514648,-0.0479268953204155,-0.15048328158445656,0.06208562920991265,-0.2216608077287674,0.09923170506954193,-0.19890498416498303,0.028165888913858624,-0.2688966393470764,-0.15353944897651672,0.04349851145525463,0.061494734722238834,0.0,0.30673927068710327,-0.19398179510608315,0.027565211439002254,-0.26354560256004333,-0.1514117568731308
top_erl_critic_warmup_multiseed__seed_0,16,0.05069183558225632,-0.1827783500606067,1.4588669034524318,1.5359214876047074,False,False,True,0.049056775111239403,0.07137939892031425,0.0,0.23183108866214752,-0.15800896636210382,0.13331887265548195,-0.4863889217376709,-0.0335688516497612,-0.0718152318149805,0.13713248820496898,-0.22172924876213074,0.3041437268257141,-0.21107411780394614,0.023627245091154922,-0.2688966393470764,-0.15780898928642273,0.13400324858957902,0.13763355140366262,0.0,0.49556148052215576,-0.20581848081201315,0.02287235546433109,-0.26354560256004333,-0.15159069001674652
top_erl_critic_warmup_multiseed__seed_0,17,0.032655563205480576,0.04244370771239332,1.561777540623247,1.5062181957980638,False,False,True,0.047083349782042205,0.07081738477816914,0.0,0.23183108866214752,-0.12129059864673764,0.12140923242794331,-0.4863889217376709,-0.005081169307231903,-0.0688077489612624,0.12839048783397955,-0.23906108736991882,0.3041437268257141,-0.21002746233716607,0.026059199866237222,-0.26974523067474365,-0.15259380638599396,0.1359250620007515,0.1298302880477348,0.0,0.49556148052215576,-0.20473281131125987,0.024713499597551855,-0.25911620259284973,-0.15106786787509918
top_erl_critic_warmup_multiseed__seed_0,18,0.009428370743989944,0.6879580332733767,1.498005375908969,1.8299262241613685,False,False,True,0.03632953797932714,0.059710259275396166,0.0,0.21424084901809692,-0.14012888085562736,0.10075103951776779,-0.2962942123413086,-0.0062270089983940125,-0.08965863671619445,0.1084861252695814,-0.2216608077287674,0.09923170506954193,-0.20275692641735077,0.02562573418556414,-0.2688966393470764,-0.15259380638599396,0.10803204998956062,0.11397508847366053,0.0,0.30673927068710327,-0.1976906885392964,0.024708036320290484,-0.26354560256004333,-0.15106786787509918
top_erl_critic_warmup_multiseed__seed_0,19,0.0056947520934045315,0.49695971473426936,1.369378390550006,3.1153030013971312,False,False,True,0.021744562429375947,0.038688512386726964,0.0,0.2129102498292923,-0.13950368447694927,0.07522845434292691,-0.2962942123413086,-0.005081169307231903,-0.13684393791481853,0.07514837759890312,-0.23906108736991882,0.09475268423557281,-0.20667944848537445,0.02774545843765494,-0.26974523067474365,-0.15259380638599396,0.06469234920223244,0.07235358992615515,0.0,0.3021586835384369,-0.20153628755360842,0.026891863738874224,-0.26354560256004333,-0.15106786787509918
top_erl_critic_warmup_multiseed__seed_0,20,0.06888645887374878,-0.5939750230814148,1.1785338530527179,2.538364142024398,False,False,True,0.03248373864335008,0.06461296449494182,0.0,0.23183108866214752,-0.23585984879173338,0.13058775657527708,-0.4863889217376709,-0.0702042505145073,-0.12383017060346901,0.13527002419141798,-0.22172924876213074,0.3041437268257141,-0.2094620275311172,0.028826929406721973,-0.2688966393470764,-0.15259380638599396,0.08049469810794108,0.1355174480550542,0.0,0.49556148052215576,-0.20432486874051392,0.028477737962500308,-0.26354560256004333,-0.15106786787509918
top_erl_critic_warmup_multiseed__seed_0,21,0.00984085164964199,0.49267625475633214,1.3044894124091526,2.4043612178880096,False,False,True,0.028153764607850462,0.05677931561912955,0.0,0.21424084901809692,-0.11738825147040188,0.06507250797981805,-0.24998235702514648,-0.005081169307231903,-0.11702765035443008,0.11350974792448318,-0.23906108736991882,0.13158535957336426,-0.20543006900697947,0.028243219467806696,-0.26974523067474365,-0.15762272477149963,0.08333159144967794,0.11038338493423269,0.0,0.30673927068710327,-0.2003592411056161,0.027553947858381885,-0.25911620259284973,-0.1514117568731308
top_erl_critic_warmup_multiseed__seed_0,22,0.006959774997085333,0.563337819113953,1.446623100981805,2.2999029101765527,False,False,True,0.030493729806039482,0.05088715633540113,0.0,0.21424084901809692,-0.1238486577058211,0.07311492609981919,-0.24445390701293945,-0.005081169307231903,-0.11416636884678155,0.09790454254529306,-0.23906108736991882,0.09923170506954193,-0.20714950049296021,0.02741901372452465,-0.26974523067474365,-0.15353944897651672,0.087826831091661,0.09717185129089317,0.0,0.30673927068710327,-0.2019932004623115,0.026543273235816133,-0.25911620259284973,-0.15159069001674652
top_erl_critic_warmup_multiseed__seed_0,23,0.012021317146718502,0.510591965783905,1.727252975944879,1.331128627917345,False,False,True,0.049305656080832705,0.07317989303225737,0.0,0.21424084901809692,-0.0905888470588252,0.0756785973301432,-0.2962942123413086,-0.005081169307231903,-0.04907308809924871,0.11651017606566076,-0.21316175162792206,0.13158535957336426,-0.2023113223258406,0.022692387506171263,-0.2688966393470764,-0.15259380638599396,0.14819946678471752,0.1219624300968955,0.0,0.30673927068710327,-0.19727255566976964,0.021875836577995217,-0.26354560256004333,-0.15106786787509918
top_erl_critic_warmup_multiseed__seed_0,24,0.00753956101834774,0.4992712615049916,1.2661403044834294,3.3370498948093896,False,False,True,0.020229017885867506,0.04620133077087022,0.0,0.21424084901809692,-0.15820113255176693,0.08182948131578771,-0.2962942123413086,-0.005081169307231903,-0.1428145554382354,0.0885614041961346,-0.2216608077287674,0.09923170506954193,-0.20911817345768213,0.028090549267417816,-0.2688966393470764,-0.15259380638599396,0.06110889499541372,0.09116385317373568,0.0,0.30673927068710327,-0.2039234519470483,0.027323690930753625,-0.26354560256004333,-0.15106786787509918
top_erl_critic_warmup_multiseed__seed_0,25,0.00904055591672659,0.5751032620016278,1.4350765775056162,1.9524486845887796,False,False,True,0.03419751161709428,0.05567110968750226,0.0,0.21424084901809692,-0.12644745386205614,0.06359439946703124,-0.24998235702514648,-0.0062270089983940125,-0.09680224268231541,0.11043185770600027,-0.23906108736991882,0.13158535957336426,-0.2034956426359713,0.028550144825266983,-0.26974523067474365,-0.15762272477149963,0.10163510814891197,0.10525423593384128,0.0,0.30673927068710327,-0.19843735080212355,0.027664864670222684,-0.26354560256004333,-0.1514117568731308
top_erl_critic_warmup_multiseed__seed_0,26,0.028234411031007767,0.033177353671130706,1.5744838242394799,1.6087845159779859,False,False,True,0.04155467849341221,0.06870754670319595,0.0,0.23183108866214752,-0.12501532339956611,0.11318773561392605,-0.4863889217376709,-0.005081169307231903,-0.07398300163913518,0.11703700075548198,-0.22172924876213074,0.3041437268257141,-0.20045314100570977,0.019211867499785634,-0.23467674851417542,-0.15762272477149963,0.12152574519859627,0.12329448818041414,0.0,0.49556148052215576,-0.19550874666310847,0.01894314153925387,-0.23000669479370117,-0.1514117568731308
top_erl_critic_warmup_multiseed__seed_0,27,0.028398966416716576,0.05199229293093879,1.513080947041435,1.648653422548906,False,False,True,0.04280040954472497,0.06388943377320987,0.0,0.23183108866214752,-0.13256908755283803,0.11285501756474806,-0.4863889217376709,-0.0062270089983940125,-0.07841935532633215,0.11884964804839944,-0.22172924876213074,0.3041437268257141,-0.2044072246644646,0.022752309331649,-0.2688966393470764,-0.15353944897651672,0.12089559101150371,0.12213860668746232,0.0,0.49556148052215576,-0.19931494700722396,0.021991232539366683,-0.26354560256004333,-0.15159069001674652
top_erl_critic_warmup_multiseed__seed_0,28,0.05156766623258591,-0.30379497688817036,1.3118972901275117,2.1114495529473825,False,False,True,0.03416852478403598,0.0628297822083253,0.0,0.23183108866214752,-0.18954500986728817,0.13498847954016824,-0.4863889217376709,-0.005081169307231903,-0.10198609158396721,0.12440259696504018,-0.23906108736991882,0.3041437268257141,-0.19864848791621625,0.027993963610733065,-0.26974523067474365,-0.15259380638599396,0.09175951220095158,0.12531773665668924,0.0,0.49556148052215576,-0.19374560401774943,0.027434774287594277,-0.25911620259284973,-0.15106786787509918
top_erl_critic_warmup_multiseed__seed_0,29,0.029177676886320114,-0.008666081224405679,1.4600123538806211,1.8395737911382903,False,False,True,0.03880160397966392,0.06510486585127793,0.0,0.23183108866214752,-0.13535001268610358,0.11161512211228992,-0.4863889217376709,-0.005081169307231903,-0.09312135155778378,0.1212514594372221,-0.22172924876213074,0.3041437268257141,-0.20923820324242115,0.024085175827603923,-0.2688966393470764,-0.15353944897651672,0.11091500756447203,0.12110485012854903,0.0,0.49556148052215576,-0.2040363596752286,0.02337271561074363,-0.26354560256004333,-0.15200406312942505
top_erl_critic_warmup_multiseed__seed_0,30,0.05382055789232254,-0.14495825465134826,1.357741402795219,1.6710335664405003,False,False,True,0.04594149059266783,0.07219001056628896,0.0,0.23183108866214752,-0.1580076098907739,0.1446308151207174,-0.4863889217376709,-0.0062270089983940125,-0.08405552885960788,0.14598703329873944,-0.23906108736991882,0.3041437268257141,-0.214690012158826,0.02830903006008342,-0.26974523067474365,-0.15259380638599396,0.1252627458597999,0.1413716754142607,0.0,0.49556148052215576,-0.209318274166435,0.027231173265184903,-0.26354560256004333,-0.15106786787509918
top_erl_critic_warmup_multiseed__seed_0,31,0.025797614827752113,-0.20643763329086845,1.289211606980996,2.9137600606790923,False,False,True,0.023730011336738244,0.04734161342016458,0.0,0.23183108866214752,-0.18034013325814158,0.09964603400085376,-0.4863889217376709,-0.0335688516497612,-0.12864384707063437,0.09612947510294496,-0.22172924876213074,0.3041437268257141,-0.20081639871932566,0.02561922398972433,-0.2688966393470764,-0.15259380638599396,0.06722045069909655,0.09723745827274112,0.0,0.49556148052215576,-0.19586429838091135,0.02518446088841071,-0.26354560256004333,-0.15106786787509918
top_erl_critic_warmup_multiseed__seed_0,32,0.006450586952269077,0.514794062271102,1.351110750870526,3.0929038469663896,False,False,True,0.021523736679228023,0.04547103328824172,0.0,0.2129102498292923,-0.1331568359164521,0.08050171744256143,-0.2962942123413086,-0.005081169307231903,-0.13850063271820545,0.08217173787546692,-0.23906108736991882,0.08851519227027893,-0.20993941533379257,0.03369112604994466,-0.26974523067474365,-0.15259380638599396,0.06617628617095761,0.0840198071144696,0.0,0.30199718475341797,-0.20467691984958947,0.032463236512443296,-0.26354560256004333,-0.15106786787509918
top_erl_critic_warmup_multiseed__seed_0,33,0.006512671709060669,0.6775182889616298,1.3627343681056232,2.488760197728031,False,False,True,0.027395994868129492,0.05154401072993223,0.0,0.21424084901809692,-0.14871580596081913,0.08075411444752685,-0.2962942123413086,-0.005081169307231903,-0.12110207532532513,0.10185443123037984,-0.2216608077287674,0.13158535957336426,-0.20756870065815747,0.0249718978351209,-0.251566618680954,-0.15259380638599396,0.08134422352304682,0.09773115454036917,0.0,0.30673927068710327,-0.20244630007073283,0.02454941473761874,-0.2465604543685913,-0.15106786787509918
top_erl_critic_warmup_multiseed__seed_0,34,0.00902935117483139,0.6425741885112155,1.4193403597258925,2.341932682460144,False,False,True,0.02898368169553578,0.05083602895162393,0.0,0.21402589976787567,-0.16495338536333293,0.09357558014372437,-0.2962942123413086,-0.005081169307231903,-0.11414311244152486,0.09627901399246468,-0.2216608077287674,0.13158535957336426,-0.2042691179085523,0.02783763093805218,-0.25454676151275635,-0.15259380638599396,0.08505873166723177,0.0957259459166929,0.0,0.30199718475341797,-0.19920184556394815,0.027122151101913235,-0.24698646366596222,-0.15106786787509918
top_erl_critic_warmup_multiseed__seed_0,35,0.028511354699730873,-0.026950147867703098,1.3128717891003985,2.2035863776205047,False,False,True,0.03273926899419166,0.06195476131544434,0.0,0.23183108866214752,-0.12889044836629182,0.11169992643920115,-0.4863889217376709,-0.005081169307231903,-0.11056778253987432,0.1223205229168442,-0.22172924876213074,0.3041437268257141,-0.20756554300896823,0.02528729043630682,-0.2688966393470764,-0.15353944897651672,0.09186526201665401,0.12201753760277693,0.0,0.49556148052215576,-0.20243304478935897,0.024773477239994145,-0.26354560256004333,-0.15159069001674652
top_erl_critic_warmup_multiseed__seed_0,36,0.05120213329792023,-0.14759566253965495,1.3413817355340785,1.7705094637148053,False,False,True,0.0416092841187492,0.07011919104728048,0.0,0.23183108866214752,-0.1800121597480029,0.13513883922344852,-0.4863889217376709,-0.0062270089983940125,-0.08828399004414678,0.13792558325059018,-0.23906108736991882,0.3041437268257141,-0.20802207454107702,0.024414457271886007,-0.26974523067474365,-0.15259380638599396,0.11457869329024106,0.13917232325177506,0.0,0.49556148052215576,-0.20286268345080316,0.02377349653618657,-0.25911620259284973,-0.15106786787509918
top_erl_critic_warmup_multiseed__seed_0,37,0.030023746192455292,0.03762795806173236,1.5103074302908748,1.7208218124298473,False,False,True,0.041411455342313275,0.06433709168412752,0.0,0.23183108866214752,-0.13917262246832252,0.11727639518237798,-0.4863889217376709,-0.005081169307231903,-0.08394760184455663,0.11947661320381364,-0.23906108736991882,0.3041437268257141,-0.20552328671328723,0.024769000192169734,-0.26974523067474365,-0.15259380638599396,0.11646092921728268,0.12199619953265235,0.0,0.49556148052215576,-0.20040853112004697,0.02396497266441194,-0.25911620259284973,-0.15106786787509918
top_erl_critic_warmup_multiseed__seed_0,38,0.0086520966142416,0.534185394841486,1.4062093665911681,2.1093164369978226,False,False,True,0.032557730039115995,0.05577659643947812,0.0,0.21424084901809692,-0.1094078297028318,0.06073194126081481,-0.24998235702514648,-0.0335688516497612,-0.10628084931522608,0.1099433413261292,-0.23906108736991882,0.13158535957336426,-0.20724068908020854,0.025484457916984976,-0.26974523067474365,-0.15762272477149963,0.09580750062013976,0.10849497761417351,0.0,0.30673927068710327,-0.20208834973163903,0.024682370789941,-0.26354560256004333,-0.1514117568731308
top_erl_critic_warmup_multiseed__seed_0,39,0.0077005052007734776,0.5075186012227069,1.366199042311249,2.635441398176734,False,False,True,0.026563823776086792,0.05138808097529804,0.0,0.21424084901809692,-0.12172863190062344,0.06965833505937118,-0.24998235702514648,-0.005081169307231903,-0.13005205045919865,0.09882549178138134,-0.23906108736991882,0.13158535957336426,-0.2149572989437729,0.03187479649389785,-0.26974523067474365,-0.15353944897651672,0.07952106450102292,0.09433400413479155,0.0,0.30673927068710327,-0.20957311568781734,0.030702198907438367,-0.26354560256004333,-0.1514117568731308
top_erl_critic_warmup_multiseed__seed_0,40,0.03279305249452591,0.024810594963305586,1.378851465194569,1.6021424024499356,False,False,True,0.042596929299179465,0.06857652652221394,0.0,0.23183108866214752,-0.13771735248155892,0.107782674094087,-0.4863889217376709,-0.0062270089983940125,-0.07265758351422846,0.1328675665359754,-0.23906108736991882,0.3041437268257141,-0.1982059886213392,0.026118555225261277,-0.26974523067474365,-0.15353944897651672,0.12066508119460195,0.13187407113942978,0.0,0.49556148052215576,-0.1933226645924151,0.02561720244911309,-0.25911620259284973,-0.1514117568731308
top_erl_critic_warmup_multiseed__seed_0,41,0.012952586635947227,0.28609947912152645,1.2550375844236883,2.677281982593796,False,False,True,0.024320987227838486,0.051761051593074585,0.0,0.21424084901809692,-0.11067763180471957,0.06944695856679711,-0.2962942123413086,-0.0062270089983940125,-0.12473252310883254,0.1111207708989063,-0.23906108736991882,0.13158535957336426,-0.20420659147202969,0.03236407997235564,-0.26974523067474365,-0.15259380638599396,0.07436583208618686,0.10312293321763763,0.0,0.30673927068710327,-0.19909835420548916,0.031157925448153635,-0.25911620259284973,-0.15106786787509918
top_erl_critic_warmup_multiseed__seed_0,42,0.010530340485274792,0.47895321452655354,1.4435030919232708,2.1832512229075123,False,False,True,0.031098779203603044,0.05613841734522538,0.0,0.21424084901809692,-0.13434567244257778,0.08804962790202296,-0.2962942123413086,-0.005081169307231903,-0.11110969167202711,0.10554468847516262,-0.23906108736991882,0.13158535957336426,-0.21029927372001112,0.031446174931020664,-0.26974523067474365,-0.15259380638599396,0.09390202135546133,0.10163273983160655,0.0,0.30673927068710327,-0.2050117147155106,0.03020455482240977,-0.26354560256004333,-0.15106786787509918
top_erl_critic_warmup_multiseed__seed_0,43,0.010630138218402863,0.3413200768094962,1.3728362616280745,2.472449676215449,False,False,True,0.027076219324953854,0.0512735209362505,0.0,0.21424084901809692,-0.10480006656143814,0.061693427364582755,-0.24998235702514648,-0.005081169307231903,-0.12305983656551689,0.10432812483038169,-0.23906108736991882,0.13158535957336426,-0.2119965034071356,0.0329944091833254,-0.26974523067474365,-0.15353944897651672,0.08357486882596277,0.09623367574681736,0.0,0.30673927068710327,-0.20663470472209156,0.031438567838695905,-0.26354560256004333,-0.1514117568731308
top_erl_critic_warmup_multiseed__seed_0,44,0.00836502481251955,0.5738287711154638,1.5072204085812522,1.7666100135187022,False,False,True,0.03711423129425384,0.05974389924245268,0.0,0.21424084901809692,-0.10315434506628662,0.06630415505376094,-0.24998235702514648,-0.005081169307231903,-0.08363282459322363,0.10900697789947238,-0.2216608077287674,0.13158535957336426,-0.1975921883713454,0.021410774453714972,-0.251566618680954,-0.15353944897651672,0.10909434530185536,0.10999157920025827,0.0,0.30673927068710327,-0.1927271701861173,0.02116545672519634,-0.2465604543685913,-0.1514117568731308
top_erl_critic_warmup_multiseed__seed_0,45,0.03395756334066391,0.04799403907108917,1.4259746735514676,1.5263843588871175,False,False,True,0.04620346482261084,0.07135475075089506,0.0,0.23183108866214752,-0.12799205700866878,0.11667999889054648,-0.4863889217376709,-0.0062270089983940125,-0.06920391018502414,0.1356716653456781,-0.23906108736991882,0.3041437268257141,-0.20578963379375637,0.024124544164898478,-0.26974523067474365,-0.15259380638599396,0.13147028227103874,0.13478924719750954,0.0,0.49556148052215576,-0.2006741927471012,0.023393884431454553,-0.25911620259284973,-0.15106786787509918
top_erl_critic_warmup_multiseed__seed_0,46,0.050240132957696915,-0.21404335156543242,1.4295568378226504,1.7963562961536794,False,False,True,0.04237417780677788,0.06944389141151715,0.0,0.23183108866214752,-0.1634550205199048,0.13934392628078962,-0.4863889217376709,-0.005081169307231903,-0.09271709329914302,0.13360359265681923,-0.23906108736991882,0.3041437268257141,-0.2145074326545,0.026738349611329742,-0.26974523067474365,-0.15353944897651672,0.11642664737883024,0.13222083712277816,0.0,0.49556148052215576,-0.20914374105632305,0.025740318948145064,-0.26354560256004333,-0.15200406312942505
top_erl_critic_warmup_multiseed__seed_0,47,0.008765198290348053,0.5238993517606758,1.3193278070443746,2.4168943082401193,False,False,True,0.026465586735866964,0.05146933492980554,0.0,0.21402589976787567,-0.13457923009991646,0.07472477340260296,-0.2962942123413086,-0.0062270089983940125,-0.11302957066800445,0.10433725401157816,-0.23906108736991882,0.13158535957336426,-0.1976677025668323,0.02462519846813596,-0.26974523067474365,-0.15259380638599396,0.07977274910081178,0.10159811115174168,0.0,0.3021586835384369,-0.19280231976881623,0.02422478755871647,-0.25911620259284973,-0.15106786787509918
top_erl_critic_warmup_multiseed__seed_0,48,0.031663473695516586,0.15053115901164957,1.5557737100680866,1.5236526536150665,False,False,True,0.04548246887861751,0.07132564547461134,0.0,0.23183108866214752,-0.1402423467952758,0.1246286722661871,-0.4863889217376709,-0.005081169307231903,-0.06913536775391549,0.12565727182087352,-0.22172924876213074,0.3041437268257141,-0.20631623803637922,0.027423100821545764,-0.2688966393470764,-0.15259380638599396,0.13202520360937342,0.12892614720684334,0.0,0.49556148052215576,-0.20116057246923447,0.02644425949870867,-0.26354560256004333,-0.15106786787509918
top_erl_critic_warmup_multiseed__seed_0,49,0.00622492004185915,0.7148939775107473,1.4743246115303132,2.022072813351854,False,False,True,0.032907552988035604,0.055838123969226335,0.0,0.21424084901809692,-0.13109726121183485,0.07383616109729245,-0.24445390701293945,-0.005081169307231903,-0.10009971237741411,0.10376102313536399,-0.2216608077287674,0.13158535957336426,-0.2030535659287125,0.023822753174145207,-0.25454676151275635,-0.15780898928642273,0.09793793456628919,0.10436597372405493,0.0,0.30673927068710327,-0.19803764740936458,0.023330694483279322,-0.24698646366596222,-0.15159069001674652
top_erl_multiseed__seed_0,0,2.0258450508117676,-0.0463404747678093,1.2307139985500417,4.102016824582592,False,False,True,0.012579174479469657,0.0220589589453619,0.0,0.13195905089378357,0.1325689945369959,1.399676829620767,-2.4627459049224854,2.5471408367156982,-0.10232424968853593,0.060764784610154485,-0.1875806301832199,0.09874505549669266,-0.13881338911596686,0.0336634013583245,-0.19527524709701538,-0.052081767469644547,0.032986351900035515,0.04406649370298715,0.0,0.20622044801712036,-0.13531060109380633,0.03252316219445964,-0.1875806301832199,-0.050029538571834564
top_erl_multiseed__seed_0,1,1.685075283050537,0.28530460071183866,1.2588298616837876,2.297825727118754,False,False,True,0.021997213771101087,0.042529458403936564,0.0,0.21653354167938232,0.6567938709631562,1.0904832878910076,-2.4627459049224854,2.5471408367156982,-0.0813567794393748,0.09237182734989718,-0.1875806301832199,0.15463991463184357,-0.1478255809051916,0.028257868011863894,-0.19527524709701538,-0.07252179086208344,0.06268696510232985,0.08786287005022926,0.0,0.30791154503822327,-0.14404374442528933,0.026977679896469372,-0.1875806301832199,-0.07179657369852066
top_erl_multiseed__seed_0,2,1.6161019802093506,-0.03538857023532719,1.2602044675225432,2.7750349183317553,False,False,True,0.018219212506664917,0.04357109691948926,0.0,0.3121030628681183,0.7406427189707756,0.9525434156996984,-2.4627459049224854,1.9430721998214722,-0.0935778747079894,0.08450776087487066,-0.1875806301832199,0.17566503584384918,-0.15011623466853052,0.029935032105825092,-0.19527524709701538,-0.08072423934936523,0.05271887863636948,0.08066905670259311,0.0,0.3487652540206909,-0.14629675273317844,0.028691426647255658,-0.1875806301832199,-0.07991699874401093
top_erl_multiseed__seed_0,3,1.3819198608398438,0.32188505653753013,1.4481448152310574,2.3914965483012076,False,False,True,0.02036125515587628,0.04228004856807162,0.0,0.3121030628681183,0.649498195387423,0.9381664110429581,-2.4627459049224854,1.573147177696228,-0.08482359070330858,0.0701883949767425,-0.16397249698638916,0.17566503584384918,-0.14961987093556672,0.024783286166646233,-0.19078370928764343,-0.08302011340856552,0.06095851384452544,0.07699918082641187,0.0,0.3487652540206909,-0.14578210364561528,0.023384653342095215,-0.18698711693286896,-0.08218991011381149
top_erl_multiseed__seed_0,4,1.2699893712997437,0.13867304085407164,1.4093012220027137,1.6153621470914328,False,False,True,0.027581243368331343,0.05092763969854041,0.0,0.3121030628681183,0.7370498701930046,0.8138827250850653,-0.8448428511619568,2.5471408367156982,-0.05023227003403008,0.09029568496624195,-0.15661272406578064,0.17566503584384918,-0.1352986564161256,0.031168720050852534,-0.19448474049568176,-0.052081767469644547,0.08163037762278691,0.09146423513241783,0.0,0.3487652540206909,-0.13186264736577868,0.030011070101078126,-0.18698711693286896,-0.050029538571834564
top_erl_multiseed__seed_0,5,1.663745641708374,0.05733087897478344,1.3240868518090607,1.8949162156257207,False,False,True,0.023489009879995137,0.04129545679826631,0.0,0.21653354167938232,0.486887713894248,1.1698716428054083,-2.4627459049224854,2.6760408878326416,-0.05996735877124593,0.09143748883742474,-0.16397249698638916,0.15463991463184357,-0.1302932316903025,0.042800664308986866,-0.21708588302135468,-0.052081767469644547,0.06700888954219408,0.08534784238394451,0.0,0.30791154503822327,-0.12697624822612852,0.04135953975439579,-0.2094734162092209,-0.050029538571834564
top_erl_multiseed__seed_0,6,1.3497644662857056,-0.11276375500790746,1.3604586370311895,2.316448184732387,False,False,True,0.020396670821355656,0.03302267158613758,0.0,0.21653354167938232,0.6297627836465836,0.9121873243422359,-0.8448428511619568,2.6760408878326416,-0.07421637390507385,0.07789403268935521,-0.1875806301832199,0.15463991463184357,-0.13409733586013317,0.04463221542056442,-0.21708588302135468,-0.052081767469644547,0.05637620127527043,0.06716322558374405,0.0,0.30791154503822327,-0.13059257459826767,0.04294511766379118,-0.2094734162092209,-0.050029538571834564
top_erl_multiseed__seed_0,7,1.8685401678085327,0.15565676312613433,1.2739443830847232,1.6142544013615108,False,False,True,0.02930787275545299,0.05625517192936287,0.0,0.3121030628681183,0.7354672290384769,1.1284193937177647,-2.4627459049224854,2.6760408878326416,-0.05229370144661516,0.1015241320754567,-0.15585246682167053,0.17566503584384918,-0.1411107862368226,0.036167477927179746,-0.21708588302135468,-0.07252179086208344,0.08513359745847993,0.10343921921558581,0.0,0.3487652540206909,-0.13742729823570698,0.03460434506147418,-0.2094734162092209,-0.07179657369852066
top_erl_multiseed__seed_0,8,2.6573822498321533,0.07866707073987225,1.4997583997026982,2.3244893921659973,False,False,True,0.019859942112816498,0.028123084663248782,0.0,0.13195905089378357,0.7516793049871922,1.4065280316691313,-2.4627459049224854,2.5471408367156982,-0.0783486939035356,0.06209247161618955,-0.1875806301832199,0.09874505549669266,-0.14115086384117603,0.033425365946888046,-0.19527524709701538,-0.07252179086208344,0.05915387097047642,0.05464373294766304,0.0,0.20622044801712036,-0.13750256481580436,0.03195245381328469,-0.1875806301832199,-0.07179657369852066
top_erl_multiseed__seed_0,9,2.039090156555176,0.10171302217377154,1.25610841108664,1.8311521537618132,False,False,True,0.025484360492555425,0.06599467921100828,0.0,0.3121030628681183,0.36997103225439787,1.3669311169798668,-2.4627459049224854,2.5471408367156982,-0.06431099044857547,0.10271151602090044,-0.1875806301832199,0.17566503584384918,-0.1453508131671697,0.035822046495249185,-0.19527524709701538,-0.052081767469644547,0.07737567211734131,0.11324801638009756,0.0,0.3487652540206909,-0.14168666175100952,0.03456819742586418,-0.1875806301832199,-0.050029538571834564
top_erl_multiseed__seed_0,10,1.645727515220642,0.15689016912147177,1.267052374433386,3.140316688109434,False,False,True,0.0152578198176343,0.04118574965421009,0.0,0.3121030628681183,0.7783558471128345,0.9431558567882835,-0.31590336561203003,2.6760408878326416,-0.10029543965356424,0.0701764176069152,-0.16397249698638916,0.17566503584384918,-0.15102882112842053,0.03131135258086529,-0.21708588302135468,-0.08142435550689697,0.04686007901909761,0.07350819352969788,0.0,0.3487652540206909,-0.1471555179450661,0.029947595506974834,-0.2094734162092209,-0.08061011135578156
top_erl_multiseed__seed_0,11,1.860939383506775,0.03920149738900863,1.4225455546535652,2.550719935154724,False,False,True,0.018123342160834,0.027601520020236702,0.0,0.13195905089378357,1.031203368678689,0.783730962155083,-0.4485475420951843,2.5471408367156982,-0.08532385405851528,0.06259874291879094,-0.1875806301832199,0.09874505549669266,-0.14406193629838526,0.027521191230184733,-0.19527524709701538,-0.07252179086208344,0.05502207548124716,0.052264839886437695,0.0,0.20622044801712036,-0.14034592860843986,0.026123509115718334,-0.1875806301832199,-0.07179657369852066
top_erl_multiseed__seed_0,12,2.2532904148101807,-0.2152771000687454,1.5130931019170875,1.7860309613492966,False,False,True,0.025268416560720652,0.04471174159603205,0.0,0.3121030628681183,1.0394725427031517,1.0016513128217281,-0.8448428511619568,2.6760408878326416,-0.06006032187724486,0.08018822633239417,-0.15661272406578064,0.17566503584384918,-0.14007791294716299,0.03843923510337462,-0.21708588302135468,-0.052081767469644547,0.07640959991840646,0.07562972886037346,0.0,0.3487652540206909,-0.13646992156282067,0.03693339184516675,-0.2094734162092209,-0.050029538571834564
top_erl_multiseed__seed_0,13,1.8374651670455933,0.21543198474335865,1.3746826480720238,3.668924145053043,False,False,True,0.013177028886275366,0.020336238094032694,0.0,0.06073882803320885,0.6667348807677627,1.1224502340178064,-2.4627459049224854,2.5471408367156982,-0.10613157297484577,0.04503523885291471,-0.1875806301832199,-0.028741568326950073,-0.14968531939666718,0.025113964552943267,-0.19527524709701538,-0.07252179086208344,0.039765665598679334,0.042680001551420516,0.0,0.15056851506233215,-0.14589723804965615,0.023968514385293342,-0.1875806301832199,-0.07179657369852066
top_erl_multiseed__seed_0,14,1.9877055883407593,0.01812704850890908,1.3059355603632214,2.4872597242721497,False,False,True,0.01987822077353485,0.04319343415016522,0.0,0.3121030628681183,0.7314441688358784,1.1489829162964331,-2.4627459049224854,2.5471408367156982,-0.08362575329374522,0.08114944580291508,-0.1875806301832199,0.17566503584384918,-0.14355922036338598,0.03702532662847788,-0.19527524709701538,-0.052081767469644547,0.05622805148595944,0.07831923141716174,0.0,0.3487652540206909,-0.13985380402300507,0.03554948507777556,-0.1875806301832199,-0.050029538571834564
top_erl_multiseed__seed_0,15,3.14393949508667,-0.3563564973331876,1.3665838968727417,2.1811282205984486,False,False,True,0.022253265575272962,0.035950062726264186,0.0,0.21653354167938232,1.3212722735479474,1.055442644118348,-0.8448428511619568,2.6760408878326416,-0.07825240952661261,0.08515849418526751,-0.16397249698638916,0.15463991463184357,-0.14839612087234855,0.04785074882889123,-0.21708588302135468,-0.052081767469644547,0.0662522460334003,0.070589238135354,0.0,0.30791154503822327,-0.14450465515255928,0.045988366515939814,-0.2094734162092209,-0.050029538571834564
top_erl_multiseed__seed_0,16,1.2853920459747314,0.3958964047222656,1.2104183574673417,1.3911322311602368,False,False,True,0.03513051682966761,0.06916644053617818,0.0,0.3121030628681183,0.8782527204602957,0.7026781406650247,-0.31590336561203003,1.9430721998214722,-0.04021922772517428,0.11871027785009161,-0.16397249698638916,0.17566503584384918,-0.14683627698104829,0.02873432121577038,-0.19078370928764343,-0.08072423934936523,0.10282763707800768,0.12386431098389157,0.0,0.3487652540206909,-0.14304686442483217,0.02735047051376441,-0.18698711693286896,-0.07991699874401093
top_erl_multiseed__seed_0,17,2.4160361289978027,0.27136161380376206,1.218702056384919,2.1530533962382465,False,False,True,0.024424659641226754,0.05399487533687811,0.0,0.3121030628681183,0.6246484946459532,1.4095414477199042,-2.4627459049224854,2.6760408878326416,-0.07938635250320658,0.09988866948370442,-0.1875806301832199,0.17566503584384918,-0.15211413765791804,0.02718325527062858,-0.21708588302135468,-0.08142435550689697,0.06884880849975161,0.1022429768367292,0.0,0.3487652540206909,-0.14823516039177775,0.02590333636568843,-0.2094734162092209,-0.08061011135578156
top_erl_multiseed__seed_0,18,1.9227051734924316,0.2193823129631743,1.297694938936519,2.73887323951555,False,False,True,0.01842551355366595,0.034556587142070626,0.0,0.21653354167938232,0.9193277601152658,0.9617268616156338,-0.31590336561203003,2.5471408367156982,-0.09294977528043091,0.07833645613561406,-0.1875806301832199,0.15463991463184357,-0.1502282734727487,0.028006088367821477,-0.19527524709701538,-0.08072423934936523,0.05345401307567954,0.06924098744725801,0.0,0.30791154503822327,-0.1464037881232798,0.026752505124030806,-0.1875806301832199,-0.07991699874401093
top_erl_multiseed__seed_0,19,1.9589513540267944,0.11141450180153452,1.3529987758324968,3.248867481092315,False,False,True,0.01488518706173636,0.02353921861144946,0.0,0.13195905089378357,0.8454991355538368,1.038208564997901,-2.4627459049224854,2.5471408367156982,-0.09840545803308487,0.056525149514922164,-0.1875806301832199,0.09874505549669266,-0.14590986410621554,0.028827918235547735,-0.19527524709701538,-0.08072423934936523,0.0437577668344602,0.047245690630152166,0.0,0.20622044801712036,-0.14216322416905314,0.027490416617120858,-0.1875806301832199,-0.07991699874401093
top_erl_multiseed__seed_0,20,0.9238971471786499,-0.07025079816849161,1.3583444574548547,1.4671598842521445,False,False,True,0.030040952580748126,0.06642401001380027,0.0,0.3121030628681183,0.6024489086121321,0.6977766564455103,-0.8448428511619568,1.573147177696228,-0.042762530501931906,0.10300030675456429,-0.1875806301832199,0.17566503584384918,-0.13781627360731363,0.040324704135112945,-0.19527524709701538,-0.052081767469644547,0.0915372222661972,0.11205547269814375,0.0,0.3487652540206909,-0.13429975195322186,0.03888096004442469,-0.1875806301832199,-0.050029538571834564
top_erl_multiseed__seed_0,21,1.2471256256103516,0.15506718521367027,1.214815322723541,2.458118669065874,False,False,True,0.018928620673250407,0.035728774934082094,0.0,0.21653354167938232,0.0026253554970026016,1.1241112747249555,-2.4627459049224854,1.6649340391159058,-0.07335949986008927,0.08425310339263299,-0.16397249698638916,0.15463991463184357,-0.12687472195830196,0.0351433131593311,-0.17188984155654907,-0.052081767469644547,0.050311043800320476,0.07386165351877333,0.0,0.30791154503822327,-0.1236705434275791,0.03404603013024892,-0.16511669754981995,-0.050029538571834564
top_erl_multiseed__seed_0,22,2.6779839992523193,0.14937038905194805,1.4653019831926608,1.8312967666799624,False,False,True,0.026034811686258763,0.04255703731877367,0.0,0.21653354167938232,1.1601497353985906,1.0934370730976664,-2.4627459049224854,2.6760408878326416,-0.06569274864159524,0.08354397718569738,-0.16397249698638916,0.15463991463184357,-0.1485404905397445,0.027479652934402937,-0.21708588302135468,-0.08072423934936523,0.07902439136523753,0.08266720682165205,0.0,0.30791154503822327,-0.14471713919192553,0.026007163214213227,-0.2094734162092209,-0.07991699874401093
top_erl_multiseed__seed_0,23,1.3659535646438599,0.43071171274456366,1.279222652228034,1.8283226554566865,False,False,True,0.02596109194564633,0.048805772673741483,0.0,0.21653354167938232,0.7942089354619384,0.8313280150137842,-0.4485475420951843,2.5471408367156982,-0.06378120370209217,0.09939457911322908,-0.1875806301832199,0.15463991463184357,-0.1444974996848032,0.027557918397742687,-0.19527524709701538,-0.07252179086208344,0.07700041105272248,0.09852580999138297,0.0,0.30791154503822327,-0.14078161481302232,0.02625827390419639,-0.1875806301832199,-0.07179657369852066
top_erl_multiseed__seed_0,24,1.2511600255966187,0.1559211826357909,1.3228757910020374,2.25317473728649,False,False,True,0.019567801209632307,0.03930984815481904,0.0,0.21653354167938232,0.8599184779450297,0.6197309681169282,-0.8448428511619568,1.6649340391159058,-0.07617092505097389,0.08369340059791627,-0.1875806301832199,0.15463991463184357,-0.1405805111862719,0.033204799889620586,-0.19527524709701538,-0.052081767469644547,0.06078234902815893,0.07815427433195941,0.0,0.30791154503822327,-0.1369532730896026,0.031747150973749354,-0.1875806301832199,-0.050029538571834564
top_erl_multiseed__seed_0,25,1.8165873289108276,0.2106105710174964,1.481413524873271,1.7178260732893424,False,False,True,0.02650108144734986,0.04188011250917853,0.0,0.21653354167938232,0.6864903215318918,1.139450304171881,-2.4627459049224854,2.5471408367156982,-0.05528523988323286,0.07998068957536207,-0.14236868917942047,0.15463991463184357,-0.13584058277774602,0.03595282148021038,-0.19448474049568176,-0.052081767469644547,0.07701755379093811,0.0824559241605131,0.0,0.30791154503822327,-0.13230279297567904,0.03440133571970016,-0.18682126700878143,-0.050029538571834564
top_erl_multiseed__seed_0,26,1.2805949449539185,0.09697173555674327,1.361137070289488,2.0157789589314237,False,False,True,0.022296251700026914,0.047913849435348994,0.0,0.3121030628681183,0.6795572387054563,0.8539351611859491,-0.8448428511619568,2.5471408367156982,-0.06758986762724817,0.0870416556843151,-0.16397249698638916,0.17566503584384918,-0.13765044522006065,0.03744835075919839,-0.19448474049568176,-0.052081767469644547,0.06653991166967899,0.08960883597224613,0.0,0.3487652540206909,-0.1341297789476812,0.036084345648005965,-0.18698711693286896,-0.050029538571834564
top_erl_multiseed__seed_0,27,3.075273036956787,-0.14941816174108136,1.4335078476491527,1.5723231239728166,False,False,True,0.03045234555611387,0.05492441856949123,0.0,0.3121030628681183,1.546847203746438,0.6968652648263931,0.33834701776504517,2.6760408878326416,-0.053373191272839904,0.09534601034286809,-0.16397249698638916,0.17566503584384918,-0.15057217760477215,0.032720708304043465,-0.21708588302135468,-0.08072423934936523,0.09325704487855546,0.09654611072968575,0.0,0.3487652540206909,-0.14663023548200727,0.031037197759383926,-0.2094734162092209,-0.07991699874401093
top_erl_multiseed__seed_0,28,1.9204097986221313,-0.043463573037023154,1.3273140820023024,1.9188738971745476,False,False,True,0.024936688103480265,0.05668031310737672,0.0,0.3121030628681183,0.7340928921476007,1.121121092460738,-2.4627459049224854,2.6760408878326416,-0.06856522226007655,0.09828083097178829,-0.1875806301832199,0.17566503584384918,-0.14695229148492217,0.03836267364833194,-0.21708588302135468,-0.052081767469644547,0.07461872283602133,0.10102133733350681,0.0,0.3487652540206909,-0.14318394486326724,0.03688569765563059,-0.2094734162092209,-0.050029538571834564
top_erl_multiseed__seed_0,29,1.4233744144439697,0.2523957865632626,1.2843235526086167,2.3835498375708393,False,False,True,0.02037663455121219,0.04806478511159743,0.0,0.3121030628681183,0.8855460025370121,0.7104365857382534,-0.4485475420951843,2.6760408878326416,-0.08508153492584825,0.08609632658404022,-0.16397249698638916,0.17566503584384918,-0.1504896846599877,0.030086729538636614,-0.21708588302135468,-0.07252179086208344,0.06149507639929652,0.08933119646723349,0.0,0.3487652540206909,-0.14657661027740687,0.02856576662999655,-0.2094734162092209,-0.07179657369852066
top_erl_multiseed__seed_0,30,1.6697241067886353,0.230147310890364,1.2470855736083635,2.4163816643717837,False,False,True,0.021288716612616554,0.0554410237024908,0.0,0.3121030628681183,0.2872069487348199,1.2548013585372186,-2.4627459049224854,2.5471408367156982,-0.08610984717961401,0.09071984407909098,-0.1875806301832199,0.17566503584384918,-0.15074188611470163,0.028154939651679093,-0.19527524709701538,-0.07252179086208344,0.060795632627559826,0.09894995382658377,0.0,0.3487652540206909,-0.14690547913778573,0.02691763231541228,-0.1875806301832199,-0.07179657369852066
top_erl_multiseed__seed_0,31,1.1700855493545532,-0.06449550057751559,1.4724158199880713,2.0199708737480293,False,False,True,0.02237499548937194,0.04302017246639884,0.0,0.3121030628681183,0.7738654380664229,0.6699928534748059,-0.8448428511619568,1.9430721998214722,-0.06801212969003245,0.07638991230936559,-0.1875806301832199,0.17566503584384918,-0.13825498335063457,0.03465952237267975,-0.19527524709701538,-0.052081767469644547,0.0666804431239143,0.07537236467002234,0.0,0.3487652540206909,-0.13469257205724716,0.03323456934111425,-0.1875806301832199,-0.050029538571834564
top_erl_multiseed__seed_0,32,1.5258872509002686,-0.1987264426536247,1.295245405722405,3.4208758953460237,False,False,True,0.014148003596346825,0.021425961699181463,0.0,0.13195905089378357,0.45111078675836325,1.0939173051126685,-2.4627459049224854,2.6760408878326416,-0.09424970002146438,0.06380830534858405,-0.1875806301832199,0.09874505549669266,-0.13673853687942028,0.04407095030705986,-0.21708588302135468,-0.052081767469644547,0.03893205148051493,0.04411527608926557,0.0,0.20622044801712036,-0.13318175065796822,0.04239432253795153,-0.2094734162092209,-0.050029538571834564
top_erl_multiseed__seed_0,33,1.3019986152648926,0.21922822817562923,1.3832877849457612,2.371714170747654,False,False,True,0.019017768907360733,0.03487106824502201,0.0,0.21653354167938232,0.6687572952359915,0.8744359111744966,-0.4485475420951843,2.5471408367156982,-0.07949619134888053,0.07242687413358265,-0.1875806301832199,0.15463991463184357,-0.140980908065103,0.025516526671157228,-0.19527524709701538,-0.07252179086208344,0.057953882816946134,0.0692298275612639,0.0,0.30791154503822327,-0.13745007396209985,0.02463446190137107,-0.1875806301832199,-0.07179657369852066
top_erl_multiseed__seed_0,34,1.2141785621643066,-0.1299838088372907,1.2484679049563288,4.862676039440608,False,False,True,0.009884323022561148,0.016888067843439162,0.0,0.06033322215080261,0.6442283596843481,0.7911653323991623,-0.8448428511619568,1.9430721998214722,-0.11422529356786981,0.050653527232450944,-0.1875806301832199,0.028127558529376984,-0.14753863424994051,0.031514896463147424,-0.19527524709701538,-0.052081767469644547,0.029571530467364937,0.03420121239549092,0.0,0.15056851506233215,-0.14379682333674282,0.03028196427381636,-0.1875806301832199,-0.050029538571834564
top_erl_multiseed__seed_0,35,2.020594596862793,-0.022989197422590306,1.396039909886358,2.263077216485355,False,False,True,0.01957265884266235,0.043417106272795276,0.0,0.3121030628681183,1.0349801573902369,0.8773824447044133,-0.4485475420951843,2.6760408878326416,-0.07942688604816794,0.07625888441570318,-0.16397249698638916,0.17566503584384918,-0.14609841851051897,0.03345730354399498,-0.21708588302135468,-0.07252179086208344,0.06288361450424418,0.07618125029343163,0.0,0.3487652540206909,-0.14231050026137382,0.031948189544392304,-0.2094734162092209,-0.07179657369852066
top_erl_multiseed__seed_0,36,1.6933026313781738,0.21940686988800548,1.2418368362724062,1.3037236469227915,False,False,True,0.036411085311556235,0.06898289418919021,0.0,0.3121030628681183,0.6883502639830112,1.1031158384396564,-2.4627459049224854,2.5471408367156982,-0.03212388226529583,0.11580080519504508,-0.1875806301832199,0.17566503584384918,-0.14149095816537738,0.034864801576956005,-0.19527524709701538,-0.052081767469644547,0.10576675823540427,0.1227607985137305,0.0,0.3487652540206909,-0.13789063994772732,0.03358060819000481,-0.1875806301832199,-0.050029538571834564
top_erl_multiseed__seed_0,37,2.092217445373535,0.2299501969200308,1.294494589432507,1.7769361237648928,False,False,True,0.02770938866888173,0.055639171626444675,0.0,0.3121030628681183,0.9254930848255754,1.0741706025808386,-2.4627459049224854,2.5471408367156982,-0.0637908325297758,0.1031170810440926,-0.1875806301832199,0.17566503584384918,-0.1497080143308267,0.024314929389800927,-0.19527524709701538,-0.08072423934936523,0.08210561590385623,0.10429450766966258,0.0,0.3487652540206909,-0.14589644817169756,0.0230760535838792,-0.1875806301832199,-0.07991699874401093
top_erl_multiseed__seed_0,38,1.2709448337554932,0.2854419650719608,1.3095070635743624,2.926065098422454,False,False,True,0.015848150564124808,0.030463814162740528,0.0,0.21653354167938232,0.4027279205620289,1.0322619510520288,-2.4627459049224854,1.9430721998214722,-0.08839710400206968,0.068829099064914,-0.16397249698638916,0.15463991463184357,-0.13779249228537083,0.029404041388334627,-0.1821170598268509,-0.052081767469644547,0.04589516107807867,0.06137096067681454,0.0,0.30791154503822327,-0.13429226481821388,0.028261624325769685,-0.17494092881679535,-0.050029538571834564
top_erl_multiseed__seed_0,39,1.5791987180709839,0.06066959098846796,1.2596024058363051,2.7508107982179983,False,False,True,0.016026264027459547,0.032914929210701514,0.0,0.21653354167938232,0.5163470050320029,1.1058926228792867,-2.4627459049224854,2.6760408878326416,-0.08418020111275837,0.07539988095024944,-0.16397249698638916,0.15463991463184357,-0.13577487238217145,0.037631033724633334,-0.21708588302135468,-0.052081767469644547,0.04808068767306395,0.06622536232651378,0.0,0.30791154503822327,-0.13226088834926486,0.036135588525260665,-0.2094734162092209,-0.050029538571834564
top_erl_multiseed__seed_0,40,2.100001573562622,0.12182851669637737,1.43619149111735,1.4453910931544174,False,False,True,0.0311297029547859,0.05462744257654816,0.0,0.3121030628681183,0.5971041256561875,1.3094599179747597,-2.4627459049224854,2.6760408878326416,-0.04034708713879809,0.09303390047209009,-0.15585246682167053,0.17566503584384918,-0.13441972131840885,0.04313503243520054,-0.21708588302135468,-0.052081767469644547,0.0905879606725648,0.10036654185007603,0.0,0.3487652540206909,-0.1309350475203246,0.04152963642501669,-0.2094734162092209,-0.050029538571834564
top_erl_multiseed__seed_0,41,2.687343120574951,0.1476693577158238,1.3054971132465607,2.5347531231262637,False,False,True,0.018294720153789967,0.03376060655074433,0.0,0.21653354167938232,0.07115460187196732,1.6418565727875991,-2.4627459049224854,2.6760408878326416,-0.07854671374661848,0.07505260276973946,-0.1875806301832199,0.15463991463184357,-0.13308692001737654,0.035545797721309266,-0.21708588302135468,-0.052081767469644547,0.05117871152469888,0.06860084526572179,0.0,0.30791154503822327,-0.129725425504148,0.03436855596784893,-0.2094734162092209,-0.050029538571834564
top_erl_multiseed__seed_0,42,1.8932931423187256,0.2222723454687943,1.2445840952172271,2.630794453148825,False,False,True,0.018158565449994057,0.040001808570106545,0.0,0.21653354167938232,0.7156931087374687,1.1318008259812005,-2.4627459049224854,2.6760408878326416,-0.08914582582656294,0.08471233278976868,-0.1875806301832199,0.15463991463184357,-0.1476033995859325,0.03198395641161767,-0.21708588302135468,-0.07252179086208344,0.054664031573338434,0.08236884295904605,0.0,0.30791154503822327,-0.14380985707975924,0.03058277797216226,-0.2094734162092209,-0.07179657369852066
top_erl_multiseed__seed_0,43,2.8650782108306885,0.18154259681158053,1.3103640797188152,2.9050936360621726,False,False,True,0.016528256703168154,0.030585949822131114,0.0,0.21653354167938232,0.18324711080640554,1.6815510193834162,-2.4627459049224854,2.6760408878326416,-0.08645201422041282,0.06461085507553993,-0.15585246682167053,0.15463991463184357,-0.13529486069455743,0.0362994654249793,-0.21708588302135468,-0.052081767469644547,0.045379380288068205,0.06110566602098104,0.0,0.30791154503822327,-0.13183139404281974,0.03493813841104335,-0.2094734162092209,-0.050029538571834564
top_erl_multiseed__seed_0,44,2.2544209957122803,-0.03161473935177101,1.4895923744289665,2.275467699018845,False,False,True,0.019633183110272512,0.032071452698531816,0.0,0.21653354167938232,0.8863508943468332,1.1479147801028762,-0.8448428511619568,2.6760408878326416,-0.07643408747389913,0.06894566946193635,-0.16397249698638916,0.15463991463184357,-0.13994422159157693,0.04104569487376529,-0.21708588302135468,-0.052081767469644547,0.059926298999926075,0.06586251350644005,0.0,0.30791154503822327,-0.13636038650292903,0.03955758591941414,-0.2094734162092209,-0.050029538571834564
top_erl_multiseed__seed_0,45,1.8614932298660278,0.20191212837484573,1.1717480840071872,2.067254370374594,False,False,True,0.02481540438020602,0.055512988369204666,0.0,0.3121030628681183,0.5943952780216932,1.2057680269638575,-2.4627459049224854,2.6760408878326416,-0.07489914976758882,0.10585864739098005,-0.1875806301832199,0.17566503584384918,-0.1488889220636338,0.03216147189352429,-0.21708588302135468,-0.07252179086208344,0.07017926714615896,0.10597624996376263,0.0,0.3487652540206909,-0.14507841668091714,0.030875541738928192,-0.2094734162092209,-0.07179657369852066
top_erl_multiseed__seed_0,46,1.8466676473617554,0.22069769558065255,1.2922793636738454,1.8570506464625354,False,False,True,0.02501350492821075,0.06000206104611017,0.0,0.3121030628681183,0.7669921657070518,1.0907784918088972,-2.4627459049224854,2.6760408878326416,-0.06633537798188627,0.09794818291908573,-0.15661272406578064,0.17566503584384918,-0.1475098201772198,0.027742247269121778,-0.21708588302135468,-0.08302011340856552,0.07739958429010585,0.10543294144418967,0.0,0.3487652540206909,-0.14373496163170785,0.02641979298040695,-0.2094734162092209,-0.08218991011381149
top_erl_multiseed__seed_0,47,1.5140233039855957,-0.07709140990313863,1.387688636475127,2.8778911418555295,False,False,True,0.01526466870564036,0.022008762172402798,0.0,0.13195905089378357,0.3381574433296919,1.1502492546605623,-2.4627459049224854,2.5471408367156982,-0.0821542838239111,0.060158529309198315,-0.1875806301832199,0.09874505549669266,-0.12917172943707556,0.036563590317071536,-0.19527524709701538,-0.052081767469644547,0.043748142692493275,0.042655529215163156,0.0,0.20622044801712036,-0.1259024265455082,0.03537420631062899,-0.1875806301832199,-0.050029538571834564
top_erl_multiseed__seed_0,48,0.775310754776001,0.35105967723453013,1.2034012431665988,2.4041410409242157,False,False,True,0.021176663576625288,0.0500041579165673,0.0,0.3121030628681183,0.5106187416240573,0.676585730345216,-0.4485475420951843,1.6649340391159058,-0.08447157090995461,0.0967144937464387,-0.1875806301832199,0.17566503584384918,-0.1484381965128705,0.030116152144763098,-0.19527524709701538,-0.07252179086208344,0.060158882377436385,0.09562093077266053,0.0,0.3487652540206909,-0.14463045308366418,0.028812672931358977,-0.1875806301832199,-0.07179657369852066
top_erl_multiseed__seed_0,49,1.441902995109558,0.2031513556303592,1.4787698364929547,1.9249476786115185,False,False,True,0.0235771136067342,0.03689238562046306,0.0,0.21653354167938232,0.8551219692453742,0.7830075893559764,-0.4485475420951843,2.5471408367156982,-0.06514302437426522,0.07411364073551682,-0.15661272406578064,0.15463991463184357,-0.13913747912738472,0.026178101206793307,-0.19448474049568176,-0.07252179086208344,0.07042884937254712,0.07054717691974932,0.0,0.30791154503822327,-0.13557187316473573,0.02493824248360334,-0.18682126700878143,-0.07179657369852066
top_erl_multiseed__seed_1,0,2.1159253120422363,-0.2904810024992546,0.470315306559412,0.8879154669924482,False,False,True,0.03211467730579898,0.05718813219108099,0.0,0.2322680950164795,-0.8394093697424978,1.003047697031259,-2.034219741821289,1.474077582359314,0.17730096593732014,0.10990025117164802,0.03200738504528999,0.4246743321418762,0.08535306202247739,0.04479244506700939,0.011928930878639221,0.2121807336807251,0.09391360735753551,0.09873947238688077,0.0,0.32350507378578186,0.08338735684810672,0.043870599209660986,0.011458883993327618,0.20381997525691986
top_erl_multiseed__seed_1,1,1.9467308521270752,-0.24490483892978004,0.585763227482494,1.4140782913176522,False,False,True,0.022367400641087443,0.048011141806822435,0.0,0.2322680950164795,-0.8403521934524179,0.9478324323974221,-2.034219741821289,1.474077582359314,0.15576749516185373,0.09949438394232893,0.03200738504528999,0.4246743321418762,0.09351356024853885,0.03583479946655719,0.011928930878639221,0.17879047989845276,0.06452461489243433,0.09012036547836534,0.0,0.32350507378578186,0.09124287868326064,0.03502075100587421,0.011458883993327618,0.17523255944252014
top_erl_multiseed__seed_1,2,1.4533710479736328,-0.20182746768573187,0.5191218474717948,1.0795287673169367,False,False,True,0.025405097840121016,0.05131735892006211,0.0,0.21317826211452484,-0.6067219290416688,0.8989662438698774,-2.034219741821289,1.2208918333053589,0.1667195888585411,0.10129719375094268,0.03200738504528999,0.4246743321418762,0.08856643782928586,0.03900457297500818,0.011928930878639221,0.17879047989845276,0.08017180289607495,0.08955833499415478,0.0,0.30229079723358154,0.08654778402706143,0.03852220832783211,0.011458883993327618,0.17523255944252014
top_erl_multiseed__seed_1,3,1.761019229888916,-0.445519757677044,0.6679106711831568,2.0112379809455687,False,False,True,0.016680412198184058,0.0407173179085952,0.0,0.2322680950164795,-0.7517487676814198,0.9379264211614312,-1.9898959398269653,1.2208918333053589,0.14032736560329795,0.092159209370029,0.03200738504528999,0.4176710247993469,0.09619664750061929,0.044541730272179246,0.011928930878639221,0.2121807336807251,0.04660121048800647,0.07464056889787506,0.0,0.32350507378578186,0.09372615492611658,0.042967175727924814,0.011458883993327618,0.20381997525691986
top_erl_multiseed__seed_1,4,1.5944063663482666,-0.10488809051065717,0.49645881048224444,0.9859349420601063,False,False,True,0.031133477721596137,0.05870932482790777,0.0,0.2322680950164795,-0.7171191268134862,0.8761677079383915,-2.034219741821289,1.2208918333053589,0.17071387567557395,0.12474428689194281,0.05884223431348801,0.4246743321418762,0.08685889933258295,0.033049177655824075,0.04171106219291687,0.17879047989845276,0.08596145285991952,0.10971525682581947,0.0,0.32350507378578186,0.08475242066197097,0.03240328122084408,0.04006747901439667,0.17523255944252014
top_erl_multiseed__seed_1,5,1.3314839601516724,-0.45121767872266483,0.5379684277917689,1.1643542566162863,False,False,True,0.025718270131619647,0.05347678803884681,0.0,0.2322680950164795,-0.4928948702290654,0.9003794172053563,-2.034219741821289,1.1434606313705444,0.15151350590167567,0.11391718279291112,0.03200738504528999,0.4246743321418762,0.08357598446309566,0.03781047960884658,0.011928930878639221,0.17879047989845276,0.07000401779077947,0.10137239073276819,0.0,0.32350507378578186,0.08150948693219107,0.03674748983574616,0.011458883993327618,0.17523255944252014
top_erl_multiseed__seed_1,6,1.2120232582092285,-0.2945911493666765,0.6047194824080903,1.5298490479748037,False,False,True,0.018253314920002595,0.0381184283722782,0.0,0.21317826211452484,-0.4051736837718636,0.9280177446905971,-1.9898959398269653,1.474077582359314,0.13862155430251732,0.08693732128334906,0.05884223431348801,0.4246743321418762,0.0859415652230382,0.03753863483546588,0.04171106219291687,0.17879047989845276,0.05479439039481804,0.07250717343212545,0.0,0.30229079723358154,0.08382716280175373,0.036594034640434814,0.04006747901439667,0.17523255944252014
top_erl_multiseed__seed_1,7,1.4913904666900635,-0.34393809477482135,0.5276028545308548,1.1168627306433947,False,False,True,0.03082757638185285,0.05761135896554428,0.0,0.2322680950164795,-0.5626692320220172,0.918465436092811,-1.8483725786209106,1.474077582359314,0.1876400290057063,0.11379949570480312,0.060125455260276794,0.4246743321418762,0.10152570530772209,0.04298498331846699,0.011928930878639221,0.2121807336807251,0.08864061057101935,0.1052074793916517,0.0,0.32350507378578186,0.09899941667390522,0.041748631520456006,0.011458883993327618,0.20381997525691986
top_erl_multiseed__seed_1,8,1.696707844734192,-0.22248502347208948,0.5111877597617642,1.0457753758451773,False,False,True,0.030203409027308226,0.05263651281824739,0.0,0.21238988637924194,-0.7639718363061547,0.8730140845691057,-2.034219741821289,1.474077582359314,0.17512790160253644,0.1063872195045622,0.03200738504528999,0.4246743321418762,0.09168230555951595,0.03887826922475666,0.011928930878639221,0.17879047989845276,0.08560465357732028,0.09658207636108365,0.0,0.30229079723358154,0.08952324549318291,0.03814407318952742,0.011458883993327618,0.17523255944252014
top_erl_multiseed__seed_1,9,1.452520489692688,-0.5573898332386356,0.49080420584977735,0.9638811072052582,False,False,True,0.03255518892547116,0.0564371007255849,0.0,0.21317826211452484,-0.38094230741262436,1.005074773924732,-1.4464598894119263,1.474077582359314,0.19086151698138565,0.09493829362934494,0.07166559994220734,0.41054683923721313,0.09592498186975718,0.04715422675996257,0.011928930878639221,0.2121807336807251,0.09718587511451915,0.09141062917880319,0.0,0.25186148285865784,0.09367564084823243,0.04606391228017338,0.011458883993327618,0.20381997525691986
top_erl_multiseed__seed_1,10,2.082374095916748,-0.20689891433977012,0.4623350885372862,0.8598944782904036,False,False,True,0.037351142964325845,0.06373945837876373,0.0,0.2322680950164795,-0.8875041285064071,0.927193923867672,-2.034219741821289,1.2208918333053589,0.19128772401018068,0.1175098604183494,0.03200738504528999,0.4176710247993469,0.09064276702702045,0.03444324256117451,0.033320337533950806,0.16190728545188904,0.10284868901362643,0.10803174632955596,0.0,0.32350507378578186,0.08843903371598572,0.03368735278094829,0.03200738504528999,0.1586853414773941
top_erl_multiseed__seed_1,11,1.6799652576446533,-0.23481743762995685,0.5912825630311221,1.4466778041301394,False,False,True,0.02740076053305529,0.04736396555852502,0.0,0.2322680950164795,-0.8093881933018565,0.8033884974330997,-1.9898959398269653,1.474077582359314,0.181446609669365,0.10861673115677094,0.060125455260276794,0.4246743321418762,0.11010755016468465,0.045960982689719675,0.045572102069854736,0.2121807336807251,0.07416039594681934,0.09047046689232292,0.0,0.32350507378578186,0.10728621296584606,0.04442451464164595,0.04377638176083565,0.20381997525691986
top_erl_multiseed__seed_1,12,1.6029982566833496,-0.014034137239797078,0.6175255365216387,1.6145535297335911,False,False,True,0.02050820819567889,0.03974548450686041,0.0,0.21148176491260529,-0.8088419225532562,0.8251751033396657,-2.034219741821289,1.2208918333053589,0.1450030219857581,0.09976678524504834,0.05884223431348801,0.4246743321418762,0.09184011211618781,0.035185950941425036,0.04171106219291687,0.2121807336807251,0.055459947092458606,0.08084597973923295,0.0,0.30229079723358154,0.08954307402018458,0.03420336427387513,0.04006747901439667,0.20381997525691986
top_erl_multiseed__seed_1,13,1.9225709438323975,-0.21881415784807023,0.5262791536427995,1.1109478455291966,False,False,True,0.02730690740281716,0.053196361450367144,0.0,0.2322680950164795,-0.821016522590071,0.9448597624687831,-2.034219741821289,1.474077582359314,0.1678800024674274,0.10088680582993056,0.03200738504528999,0.4176710247993469,0.09049939177930355,0.03955598667284177,0.011928930878639221,0.2121807336807251,0.07952825364191085,0.09137221862005504,0.0,0.32350507378578186,0.08835174764681142,0.03871816832413579,0.011458883993327618,0.20381997525691986
top_erl_multiseed__seed_1,14,1.618091106414795,-0.3501112088818357,0.5184464950867522,1.0766124424328523,False,False,True,0.026403838157420978,0.047652374638646064,0.0,0.2322680950164795,-0.5935894933063537,0.9901417034900425,-2.034219741821289,1.2208918333053589,0.1533109165611677,0.10057994792926157,0.03200738504528999,0.4246743321418762,0.08142871176823974,0.03496313473200723,0.011928930878639221,0.17879047989845276,0.07382740284083411,0.08744816779777455,0.0,0.32350507378578186,0.07948351195955183,0.034278855071370455,0.011458883993327618,0.17523255944252014
top_erl_multiseed__seed_1,15,1.224456548690796,-0.27361369097337507,0.5975652604213301,1.4848749415792295,False,False,True,0.023753661866066977,0.045623067542289994,0.0,0.21317826211452484,-0.6044022992718965,0.760407777271433,-1.8483725786209106,1.1434606313705444,0.16430365527048707,0.1059736816592702,0.03200738504528999,0.4246743321418762,0.10073926043696702,0.04025446986236378,0.033320337533950806,0.2121807336807251,0.06612149259308353,0.08895981914707897,0.0,0.30229079723358154,0.09818216256098822,0.03899852032770932,0.03200738504528999,0.20381997525691986
top_erl_multiseed__seed_1,16,1.4589442014694214,-0.23285934217111295,0.6933935920936252,2.2615106452668265,False,False,True,0.013675399037310854,0.038581122162401116,0.0,0.21317826211452484,-0.4547835623379797,1.0312932241174517,-1.9898959398269653,1.2208918333053589,0.13310625415761024,0.0876253435060373,0.03200738504528999,0.4246743321418762,0.09468805906362832,0.03599242053562051,0.033320337533950806,0.17879047989845276,0.0408112209988758,0.07547517504589238,0.0,0.30229079723358154,0.09229503193637356,0.03486542935437604,0.03200738504528999,0.17523255944252014
top_erl_multiseed__seed_1,17,1.942050814628601,-0.2920568238703647,0.5879889838898954,1.4271192402142014,False,False,True,0.022803885454777628,0.04780013274713358,0.0,0.2322680950164795,-0.9531997772864997,0.8122034658444307,-1.9898959398269653,1.2208918333053589,0.1568050118512474,0.08918597835558709,0.05884223431348801,0.4176710247993469,0.09454004326835275,0.038757349228278136,0.011928930878639221,0.2121807336807251,0.06460539338877425,0.08571478101815455,0.0,0.32350507378578186,0.09219961808412336,0.03761937487506798,0.011458883993327618,0.20381997525691986
top_erl_multiseed__seed_1,18,1.84255051612854,0.34955383397320045,0.5708965776763971,1.330440513815951,False,False,True,0.025467781932093203,0.047101657090172847,0.0,0.21317826211452484,-1.0761311089154333,0.5581238062069234,-1.9898959398269653,-0.19965563714504242,0.1722023961483501,0.0912984472004389,0.05884223431348801,0.4246743321418762,0.10071468004025519,0.03281515848421943,0.04879105091094971,0.17879047989845276,0.07389262976357713,0.08499598281252967,0.0,0.30229079723358154,0.09830976504599676,0.03232495974380382,0.04686848819255829,0.17523255944252014
top_erl_multiseed__seed_1,19,1.4772089719772339,-0.37186465229314264,0.5288585254123096,1.1225046044968203,False,False,True,0.027235968154855072,0.053058768167082986,0.0,0.2322680950164795,-0.646435224218294,0.8582346412288381,-2.034219741821289,1.1434606313705444,0.16457312484271824,0.1106930436120732,0.03200738504528999,0.4246743321418762,0.08919111406430602,0.04235351179908532,0.011928930878639221,0.2121807336807251,0.07753721927292645,0.09623181623202179,0.0,0.32350507378578186,0.08703590410004836,0.041309264101772936,0.011458883993327618,0.20381997525691986
top_erl_multiseed__seed_1,20,1.3502171039581299,-0.3287810233896875,0.5884539529051502,1.4298619202366898,False,False,True,0.021526568132685497,0.04532408196004695,0.0,0.21317826211452484,-0.2951831454411149,1.033218442118404,-2.034219741821289,1.2208918333053589,0.15607010875828564,0.10125658007463348,0.03200738504528999,0.4246743321418762,0.09416213259100914,0.044884508237637795,0.033320337533950806,0.2121807336807251,0.06423002586234361,0.08407576925111396,0.0,0.30229079723358154,0.09184008173178881,0.043636824773837596,0.03200738504528999,0.20381997525691986
top_erl_multiseed__seed_1,21,1.5823564529418945,-0.43151140213029326,0.4889340515484643,0.9566947216340431,False,False,True,0.028761997557012364,0.05708346449123262,0.0,0.2322680950164795,-0.3225724862422794,1.102048344626923,-2.034219741821289,1.474077582359314,0.16295386920683086,0.1229971145800728,0.03200738504528999,0.4246743321418762,0.08161387359723449,0.04506651875233694,0.011928930878639221,0.2121807336807251,0.0832801679498516,0.1061591604816522,0.0,0.32350507378578186,0.0796736994816456,0.04396604944891123,0.011458883993327618,0.20381997525691986
top_erl_multiseed__seed_1,22,1.5352046489715576,-0.3244867941803694,0.6124793294897234,1.5805078682729006,False,False,True,0.024419630179181695,0.047878413482964934,0.0,0.2322680950164795,-0.832356617320329,0.6901676518767701,-2.034219741821289,1.1434606313705444,0.16898452589521185,0.10215234909438921,0.03200738504528999,0.4246743321418762,0.10622858069837093,0.0447657836562264,0.011928930878639221,0.2121807336807251,0.06548498111078516,0.09021693673426125,0.0,0.32350507378578186,0.10349954430421349,0.043182498669793706,0.011458883993327618,0.20381997525691986
top_erl_multiseed__seed_1,23,1.874696969985962,-0.3197609146725043,0.5612913457712597,1.279417080928168,False,False,True,0.02715719462139532,0.05570510840588001,0.0,0.2322680950164795,-0.7380776042118669,0.9847666200607385,-2.034219741821289,1.474077582359314,0.16730231750989333,0.11449863398142245,0.05884223431348801,0.4246743321418762,0.09633193188346922,0.032096235015791244,0.05377301573753357,0.17879047989845276,0.07339696492999792,0.10472745182564584,0.0,0.32350507378578186,0.0939053509500809,0.03116070307639695,0.0516541451215744,0.17523255944252014
top_erl_multiseed__seed_1,24,2.425717353820801,-0.029610340229634862,0.6393951727648838,1.7731182558881586,False,False,True,0.019390415342058986,0.0404709276374336,0.0,0.2322680950164795,-1.18046611151658,0.7942386766610761,-2.034219741821289,0.6045712232589722,0.15502593957353383,0.08564443295698061,0.060125455260276794,0.4176710247993469,0.1016872338950634,0.044277775698719754,0.04171106219291687,0.2121807336807251,0.05590310617117211,0.072435616792371,0.0,0.32350507378578186,0.09912283252924681,0.04286331730084042,0.04006747901439667,0.20381997525691986
top_erl_multiseed__seed_1,25,1.1214330196380615,-0.508502687378549,0.6284709934791634,1.6915801164699558,False,False,True,0.01880607582279481,0.039280151372027006,0.0,0.21238988637924194,-0.30669142468832433,0.9086136796477712,-1.8483725786209106,1.474077582359314,0.14546133420662954,0.09013242799163335,0.05884223431348801,0.4246743321418762,0.09378703939728439,0.04599566620373128,0.011928930878639221,0.2121807336807251,0.05404309037839994,0.07552481335140819,0.0,0.30229079723358154,0.09141824282414746,0.04452272331239071,0.011458883993327618,0.20381997525691986
top_erl_multiseed__seed_1,26,1.2110624313354492,-0.5412315280619779,0.5355933044544613,1.1532850615456771,False,False,True,0.02368500459124334,0.049898276204093206,0.0,0.2322680950164795,-0.23668439709581435,0.9747265945861289,-2.034219741821289,1.474077582359314,0.13359483989188448,0.10662043230114575,0.03200738504528999,0.4176710247993469,0.07337822671979666,0.025994708702292396,0.033320337533950806,0.1563166379928589,0.06204233068274334,0.09345776535084407,0.0,0.32350507378578186,0.07155250816140324,0.025245977508031293,0.03200738504528999,0.1501571387052536
top_erl_multiseed__seed_1,27,1.1254093647003174,-0.3915800586686925,0.6531102029810887,1.882760050280908,False,False,True,0.019370016612811014,0.033539800884976725,0.0,0.21148176491260529,-0.5373929436318576,0.7777137052094223,-1.8483725786209106,1.2208918333053589,0.14403242041589692,0.08143322829386393,0.03200738504528999,0.4246743321418762,0.0965277801733464,0.037670566651968024,0.033320337533950806,0.2121807336807251,0.049963365541771054,0.06710550780638853,0.0,0.30229079723358154,0.09406905405921862,0.03643269992304408,0.03200738504528999,0.20381997525691986
top_erl_multiseed__seed_1,28,1.2279196977615356,-0.5367056510980256,0.5748991439653041,1.3523827820939744,False,False,True,0.022611575812334195,0.046906671781517084,0.0,0.2322680950164795,-0.28181689069606364,0.960446258630571,-1.4524668455123901,1.474077582359314,0.15357337100431323,0.10227257244545025,0.03200738504528999,0.4246743321418762,0.09051224822178483,0.03849056816465949,0.011928930878639221,0.2121807336807251,0.0652841652627103,0.08774843997025773,0.0,0.32350507378578186,0.08828920467931312,0.0375118896579091,0.011458883993327618,0.20381997525691986
top_erl_multiseed__seed_1,29,2.1094045639038086,-0.4019034262611109,0.6367573790835536,1.7529811630777248,False,False,True,0.018788651417708024,0.04211517841655488,0.0,0.2322680950164795,-0.6984265062492341,1.1442787028318213,-2.034219741821289,1.474077582359314,0.1404228822211735,0.09496272893099378,0.03200738504528999,0.4176710247993469,0.09179482446052134,0.04136885131952882,0.033320337533950806,0.2121807336807251,0.05100756452884525,0.07726605043195983,0.0,0.32350507378578186,0.08941531728487462,0.03986391905886538,0.03200738504528999,0.20381997525691986
top_erl_multiseed__seed_1,30,2.2872467041015625,-0.2834065909580214,0.5708469629635247,1.3301710897947254,False,False,True,0.021654304466210306,0.04644887625007706,0.0,0.21317826211452484,-0.744751611026004,1.1899862928641467,-2.034219741821289,1.474077582359314,0.15268300782190636,0.0864575538122743,0.03200738504528999,0.41054683923721313,0.0892993533052504,0.040068835941235975,0.011928930878639221,0.2121807336807251,0.06552437238860875,0.08035225463114697,0.0,0.25186148285865784,0.08715863429824822,0.03909036405058643,0.011458883993327618,0.20381997525691986
top_erl_multiseed__seed_1,31,1.5923011302947998,-0.10339077608007123,0.6190840774286631,1.6252510145338819,False,False,True,0.017597126541659236,0.038554540021707204,0.0,0.21317826211452484,-0.6730708128307015,0.9532107606583382,-2.034219741821289,1.2208918333053589,0.13788898172788322,0.09051642597107293,0.05884223431348801,0.4246743321418762,0.08751357183791697,0.038631809496081186,0.04171106219291687,0.2121807336807251,0.05252410436514765,0.07318158492273662,0.0,0.30229079723358154,0.08536487602395937,0.037635628380903716,0.04006747901439667,0.20381997525691986
top_erl_multiseed__seed_1,32,2.09930419921875,-0.2682253445903104,0.5461164564015729,1.2032082129533044,False,False,True,0.029942850378574803,0.05291760284189718,0.0,0.2322680950164795,-0.984976033680141,0.8230524268267443,-1.9898959398269653,0.6045712232589722,0.18287787027657032,0.1059517001878681,0.060125455260276794,0.4246743321418762,0.10247259307652712,0.044764953030161335,0.011928930878639221,0.2121807336807251,0.08300525607774034,0.09507134471176197,0.0,0.32350507378578186,0.09987261331116315,0.0433283618275535,0.011458883993327618,0.20381997525691986
top_erl_multiseed__seed_1,33,1.144284963607788,-0.23873250716260602,0.45779253895243405,0.8443125036825591,False,False,True,0.035796365642454475,0.06615714203653286,0.0,0.2322680950164795,-0.5100579345598817,0.7662544912601467,-2.034219741821289,1.474077582359314,0.1950899822404608,0.12263313259623296,0.03200738504528999,0.4246743321418762,0.09141841647215188,0.03892792312223804,0.033320337533950806,0.17879047989845276,0.10577923920936882,0.11244034456768791,0.0,0.32350507378578186,0.0893107412266545,0.038375166275351986,0.03200738504528999,0.17523255944252014
top_erl_multiseed__seed_1,34,1.8441990613937378,-0.4041271703365952,0.6263272152321105,1.676137948417413,False,False,True,0.02029688356560655,0.040542202862337264,0.0,0.2322680950164795,-0.7735081864520907,0.9497564116073776,-1.9898959398269653,1.474077582359314,0.15534164605196565,0.09232825301383635,0.03200738504528999,0.4176710247993469,0.09978574933484197,0.04590213768005754,0.033320337533950806,0.2121807336807251,0.05804694548714906,0.07275220261040319,0.0,0.32350507378578186,0.09729470068123192,0.04453594327663011,0.03200738504528999,0.20381997525691986
top_erl_multiseed__seed_1,35,2.1418402194976807,-0.21067502388983797,0.55595129141264,1.2520050606561501,False,False,True,0.02480207520420663,0.04845128827874668,0.0,0.2322680950164795,-0.742947543039918,1.1307056238200037,-2.034219741821289,1.474077582359314,0.1527118479134515,0.10513107195903071,0.03200738504528999,0.4246743321418762,0.08703136490657926,0.034001435830559056,0.033320337533950806,0.17879047989845276,0.06781149649759755,0.09033534497364702,0.0,0.32350507378578186,0.08490034966962412,0.0331897302204248,0.03200738504528999,0.17523255944252014
top_erl_multiseed__seed_1,36,0.7339160442352295,-0.5003301726569316,0.5451023030325871,1.1982967158613163,False,False,True,0.023704585357336327,0.05185525535760134,0.0,0.21317826211452484,-0.16185170342214406,0.737976659725996,-1.3207346200942993,1.2208918333053589,0.15760447341017425,0.10361738058954922,0.03200738504528999,0.4246743321418762,0.0880034021101892,0.040316370222447856,0.011928930878639221,0.17879047989845276,0.07169389817863703,0.09570944817089608,0.0,0.30229079723358154,0.08591057370358612,0.03944819837049498,0.011458883993327618,0.17523255944252014
top_erl_multiseed__seed_1,37,1.3176623582839966,-0.42827284691357953,0.6047963441362604,1.5303411545017864,False,False,True,0.021738315612310544,0.04803775693305158,0.0,0.2322680950164795,-0.5597794046625495,0.850913811521858,-1.9898959398269653,1.2208918333053589,0.15234751853859052,0.10385830772216269,0.03200738504528999,0.4246743321418762,0.09448495274409652,0.03936567261087685,0.011928930878639221,0.2121807336807251,0.060208280745428056,0.09190163169389388,0.0,0.32350507378578186,0.09213923673087265,0.03823971512963466,0.011458883993327618,0.20381997525691986
top_erl_multiseed__seed_1,38,2.195714235305786,-0.39324015649014143,0.713665423665162,2.492417610065622,False,False,True,0.011035791336325929,0.02928079596854367,0.0,0.21238988637924194,-0.8173084217123687,1.1266973663191846,-2.034219741821289,1.474077582359314,0.1115479770815,0.06664064197428432,0.03200738504528999,0.39150938391685486,0.08163264999166131,0.03847583123562082,0.011928930878639221,0.2121807336807251,0.031940038956236094,0.05337717992446954,0.0,0.25108474493026733,0.0796079376450507,0.0372865767261326,0.011458883993327618,0.20381997525691986
top_erl_multiseed__seed_1,39,1.9432575702667236,-0.3562608515628329,0.544466140390445,1.1952266044485769,False,False,True,0.03053731212276034,0.058298032439607426,0.0,0.2322680950164795,-0.8118429929018021,0.9262882358452676,-1.8483725786209106,1.474077582359314,0.18613612657645717,0.11518012788762315,0.03200738504528999,0.4246743321418762,0.10398932243697345,0.04603239991634971,0.011928930878639221,0.2121807336807251,0.08479129493935034,0.1054043803001056,0.0,0.32350507378578186,0.10134483080764767,0.044519408811557526,0.011458883993327618,0.20381997525691986
top_erl_multiseed__seed_1,40,0.986425518989563,-0.5868971768015698,0.6042274629328039,1.5267036626379842,False,False,True,0.019424525613430887,0.038979936310760854,0.0,0.21238988637924194,0.006779780378565192,0.9307124022029126,-1.4464598894119263,1.474077582359314,0.1403939473675564,0.08678975689992086,0.06856492161750793,0.4246743321418762,0.08700148644857109,0.04044936116237213,0.011928930878639221,0.2121807336807251,0.05556406977120787,0.07491685483444128,0.0,0.30229079723358154,0.08482987659226637,0.03923978878240083,0.011458883993327618,0.20381997525691986
top_erl_multiseed__seed_1,41,1.492377519607544,-0.4539817268162057,0.47983512437726383,0.9224673692217493,False,False,True,0.028193794569233432,0.05675396573538938,0.0,0.21238988637924194,-0.5057727671228349,0.9691593639519265,-2.034219741821289,1.474077582359314,0.16237364715198055,0.10798925447748843,0.03200738504528999,0.4246743321418762,0.07971606706269085,0.0414344678761349,0.011928930878639221,0.17879047989845276,0.0844610613421537,0.1011029941484645,0.0,0.30229079723358154,0.07791258423822,0.040689666733973645,0.011458883993327618,0.17523255944252014
top_erl_multiseed__seed_1,42,1.7606388330459595,-0.3187515962314142,0.5467509503693648,1.2062924416463712,False,False,True,0.029661413747817278,0.05862917406754006,0.0,0.2322680950164795,-0.870876643108204,0.7598451601801475,-1.8483725786209106,1.474077582359314,0.18874913512263447,0.10294897009755051,0.060125455260276794,0.4176710247993469,0.10583139210939407,0.039663624224293044,0.011928930878639221,0.2121807336807251,0.0855503607308492,0.10163648272539964,0.0,0.32350507378578186,0.10319877367874142,0.03850454515644181,0.011458883993327618,0.20381997525691986
top_erl_multiseed__seed_1,43,1.5410646200180054,-0.5784152303681993,0.4899573702348983,0.9606205123969129,False,False,True,0.03011048908228986,0.05743548182639974,0.0,0.2322680950164795,-0.6783569522667676,0.8433629259916312,-1.8483725786209106,1.474077582359314,0.16994644311489537,0.10222623738191967,0.05884223431348801,0.4176710247993469,0.08531096577644348,0.045469162704195244,0.011928930878639221,0.2121807336807251,0.08667992131086066,0.09889835115545259,0.0,0.32350507378578186,0.08326652098912746,0.04423489440677917,0.011458883993327618,0.20381997525691986
top_erl_multiseed__seed_1,44,0.9052009582519531,-0.5952414802624071,0.5815055072185982,1.389517894986471,False,False,True,0.02068238495849073,0.041754037951038096,0.0,0.2322680950164795,-0.10355355427600443,0.8660890241301039,-1.4524668455123901,1.474077582359314,0.13029747578548267,0.08959414897429516,0.03200738504528999,0.4176710247993469,0.07767534698359668,0.030040057271357785,0.033320337533950806,0.16190728545188904,0.05452876363415271,0.07798252280365953,0.0,0.32350507378578186,0.07576871156925336,0.029291337199049923,0.03200738504528999,0.1586853414773941
top_erl_multiseed__seed_1,45,1.4708919525146484,-0.3937063427071739,0.5754493922243984,1.3554317946673509,False,False,True,0.020647004945203662,0.046420208310319164,0.0,0.21317826211452484,-0.2950542678590864,1.0875094374057053,-1.9898959398269653,1.474077582359314,0.1460602335864678,0.09810437658874128,0.03200738504528999,0.4246743321418762,0.08611271344125271,0.03780539510892484,0.011928930878639221,0.17879047989845276,0.062009957793634385,0.08702893520197245,0.0,0.30229079723358154,0.08405027467233595,0.036986530698320426,0.011458883993327618,0.17523255944252014
top_erl_multiseed__seed_1,46,2.0401389598846436,-0.24810585105892885,0.5817399535841148,1.390857096127412,False,False,True,0.02545440592803061,0.054040522081383185,0.0,0.2322680950164795,-0.9094587208237499,0.9061786908344265,-2.034219741821289,1.2208918333053589,0.16791427688440308,0.10501169925047274,0.05884223431348801,0.4176710247993469,0.10024341265670955,0.04064803626282298,0.011928930878639221,0.2121807336807251,0.07023182447301224,0.09699891981478545,0.0,0.32350507378578186,0.09768245204759296,0.03923767694062914,0.011458883993327618,0.20381997525691986
top_erl_multiseed__seed_1,47,1.321526050567627,-0.31341380901127724,0.5297557768593731,1.1265544372052458,False,False,True,0.022201818850589916,0.045899591333820156,0.0,0.21317826211452484,-0.3317212138790637,1.0136301291119378,-2.034219741821289,1.474077582359314,0.13825500785605982,0.09959914814878883,0.03200738504528999,0.4246743321418762,0.07497369404882193,0.03412634409904495,0.011928930878639221,0.17879047989845276,0.06501361273694783,0.08580656478056957,0.0,0.30229079723358154,0.07324139370757621,0.03364871122368149,0.011458883993327618,0.17523255944252014
top_erl_multiseed__seed_1,48,2.171612024307251,-0.16709951597875625,0.5637662750694538,1.2923493893364686,False,False,True,0.025711521244375035,0.05408905371658848,0.0,0.2322680950164795,-0.8789734123274684,1.0108305011312109,-1.9898959398269653,1.474077582359314,0.1704920475021936,0.1085550142406325,0.05884223431348801,0.4246743321418762,0.09855210687965155,0.03199990911313036,0.04879105091094971,0.17879047989845276,0.07437436387408525,0.0989295945076571,0.0,0.32350507378578186,0.09611768205650151,0.03126873741287985,0.04686848819255829,0.17523255944252014
top_erl_multiseed__seed_1,49,1.4978379011154175,-0.159563101425328,0.5564885084402416,1.2547330092466404,False,False,True,0.02717198632308282,0.05320207820397495,0.0,0.2322680950164795,-0.6963967685587704,0.8367259458648664,-2.034219741821289,1.474077582359314,0.17105281632393599,0.1176545029724484,0.05884223431348801,0.4246743321418762,0.09762260294519365,0.04271172268897253,0.045572102069854736,0.2121807336807251,0.07586388668278232,0.10101593985108079,0.0,0.32350507378578186,0.09518892818596214,0.04148256603910638,0.04377638176083565,0.20381997525691986
top_erl_multiseed__seed_2,0,0.5568140745162964,0.06706615664465237,0.8605965646625715,6.173424367767424,False,False,True,0.009929795749485493,0.014641638053680971,0.0,0.039827194064855576,0.03548363642767072,0.7235209603722443,-1.7859067916870117,1.5168266296386719,0.2242291159927845,0.040697003597204226,0.10537981986999512,0.29644906520843506,0.19781825109384954,0.04525522634162097,0.025397084653377533,0.25631365180015564,0.03125830157659948,0.029859836393384846,0.0,0.10623304545879364,0.19297081342665479,0.04429752043969379,0.024642765522003174,0.2462138682603836
top_erl_multiseed__seed_2,1,0.7107035517692566,0.12791670870611555,0.871981430040628,6.811371399502795,False,False,True,0.008560432208469138,0.01363469807402454,0.0,0.039791155606508255,-0.18796676333295181,0.7455885937115955,-1.7859067916870117,0.683509886264801,0.21287697018124163,0.03861459939452645,0.1119687408208847,0.29644906520843506,0.19024104648269713,0.045317532946766416,0.025397084653377533,0.2336954027414322,0.02725217747502029,0.02820326601573075,0.0,0.10623304545879364,0.1856247920077294,0.0445515831347182,0.024642765522003174,0.2279600203037262
top_erl_multiseed__seed_2,2,0.8612645864486694,-0.08261446986552114,0.8806547001340164,7.379052403421424,False,False,True,0.008409247355302796,0.013808529388198213,0.0,0.039827194064855576,-0.1394588508992456,0.8547539902166668,-1.7859067916870117,1.5168266296386719,0.2107740780338645,0.043330594868329325,0.10537981986999512,0.3024846613407135,0.19026734307408333,0.04100061203477858,0.03572564572095871,0.23580749332904816,0.02515487457276322,0.03127970296567775,0.0,0.10623304545879364,0.18561920279171318,0.040246192970385036,0.03466456010937691,0.2265157401561737
top_erl_multiseed__seed_2,3,0.7273205518722534,0.09741134794820831,0.8945445792362251,8.48267991116404,False,False,True,0.006380199978593737,0.011355352787935043,0.0,0.03932659700512886,-0.0993111779098399,0.7987412476577325,-1.7780632972717285,0.683509886264801,0.20695391949266195,0.03795145273894886,0.1119687408208847,0.24965563416481018,0.18971373862586915,0.0482678975409388,0.025397084653377533,0.23909150063991547,0.021824403200298548,0.02145267985824643,0.0,0.09459884464740753,0.18512951582670212,0.047453375789203,0.024642765522003174,0.22967034578323364
top_erl_multiseed__seed_2,4,0.8953226804733276,-0.05017564747093444,0.8629397628666796,6.29606364428249,False,False,True,0.009683192591182888,0.01394115297825454,0.0,0.039827194064855576,-0.1297757034189999,0.8757602427465895,-1.7859067916870117,1.5168266296386719,0.21999902999959886,0.045250309275350654,0.10537981986999512,0.3024846613407135,0.19459554832428694,0.046360719722284935,0.025397084653377533,0.25631365180015564,0.03015310419141315,0.03032160054516433,0.0,0.10623304545879364,0.18984592374181375,0.04543176987935151,0.024642765522003174,0.2462138682603836
top_erl_multiseed__seed_2,5,0.5159716606140137,0.291217966402694,0.8906010524416889,8.14085935557934,False,False,True,0.006859998917207122,0.011689055903207755,0.0,0.039791155606508255,0.0958954487578012,0.712945838551816,-1.7859067916870117,0.7793160080909729,0.2313401042483747,0.027506551020447977,0.14828519523143768,0.29644906520843506,0.21123880613595247,0.02426249460241633,0.1542372852563858,0.25631365180015564,0.025308344862423837,0.020692887343064417,0.0,0.10623304545879364,0.2060317585710436,0.023835343637601702,0.14815972745418549,0.2462138682603836
top_erl_multiseed__seed_2,6,0.8520212769508362,-0.2256261486667797,0.8580318468894287,6.04383326886808,False,False,True,0.00946128397481516,0.01487480179843953,0.0,0.039827194064855576,0.12595068255905062,0.9090140805174026,-1.7859067916870117,1.5168266296386719,0.2004531437996775,0.04436007396199725,0.10537981986999512,0.27537471055984497,0.17622918263077736,0.05654893949980869,0.025397084653377533,0.25631365180015564,0.02845795376924798,0.027259872811988033,0.0,0.09459884464740753,0.17199518909910694,0.055494510577160275,0.024642765522003174,0.2462138682603836
top_erl_multiseed__seed_2,7,0.9360122084617615,-0.2643155286211366,0.8782771805371838,7.215388486598167,False,False,True,0.008002002577995881,0.01321839484118452,0.0,0.039827194064855576,-0.07108444016193971,0.9141619781346493,-1.7859067916870117,1.5168266296386719,0.215404883492738,0.035189835737338526,0.10537981986999512,0.27537471055984497,0.19390887743793428,0.04367684789294623,0.03572564572095871,0.23909150063991547,0.026219673571176827,0.020736475583514803,0.0,0.07413749396800995,0.18918520829174668,0.04289533125200335,0.03466456010937691,0.22967034578323364
top_erl_multiseed__seed_2,8,1.324364423751831,0.06914690289307156,0.8898301225499143,8.076893136753899,False,False,True,0.0073625631630420685,0.01168135986686717,0.0,0.039791155606508255,-0.4607455142540857,0.9290098417998272,-1.7859067916870117,0.683509886264801,0.2206960218027234,0.03154032100868767,0.14828519523143768,0.3024846613407135,0.20130443503148854,0.017950530412543325,0.15436790883541107,0.23580749332904816,0.024314039997989312,0.022176342738349328,0.0,0.10623304545879364,0.19638198148459196,0.018265430056344203,0.14828519523143768,0.2265157401561737
top_erl_multiseed__seed_2,9,0.6411101818084717,0.5631637101025828,0.931201363573092,13.535157722489656,False,False,True,0.004236977867549285,0.009237204363493077,0.0,0.038708653301000595,-0.26494134799577296,0.6500944412859496,-1.5558478832244873,0.7793160080909729,0.22127810446545482,0.02535405937175157,0.18052728474140167,0.27537471055984497,0.21128452918492258,0.0163866067626292,0.1879325807094574,0.25631365180015564,0.015223638212773949,0.014102277510196834,0.0,0.0721881091594696,0.20605446584522724,0.01610376179759453,0.18052728474140167,0.2462138682603836
top_erl_multiseed__seed_2,10,0.7120212316513062,0.057589298739737164,0.8721676106572763,6.822743556165258,False,False,True,0.008265484357252717,0.013609775682842877,0.0,0.039827194064855576,-0.12981575349112973,0.7719206103015647,-1.5558478832244873,1.5168266296386719,0.21380693465471268,0.03674341639595881,0.10537981986999512,0.29644906520843506,0.19112175633199513,0.044188721200753615,0.025397084653377533,0.2336954027414322,0.027331441233400255,0.02735900787253697,0.0,0.10623304545879364,0.18647549155866727,0.04342542791880018,0.024642765522003174,0.2279600203037262
top_erl_multiseed__seed_2,11,1.0876446962356567,-0.04385205595971296,0.8681279358556765,6.583106387319103,False,False,True,0.010193829279160127,0.012555995480402015,0.0,0.039827194064855576,-0.34730036644032225,0.8677688530080879,-1.7859067916870117,1.5168266296386719,0.226909545250237,0.04165180723116682,0.10537981986999512,0.3024846613407135,0.20193378813564777,0.04699249106614123,0.025397084653377533,0.23909150063991547,0.02992302444181405,0.023375965038531184,0.0,0.09459884464740753,0.1969865199062042,0.045979460908354204,0.024642765522003174,0.22967034578323364
top_erl_multiseed__seed_2,12,0.7848126292228699,-0.06653121312398269,0.8406676637740089,5.276188778135234,False,False,True,0.011248338560108095,0.014374156229293425,0.0,0.039791155606508255,-0.20116536057321355,0.7754598607847089,-1.7859067916870117,0.7793160080909729,0.2191421128809452,0.04576292662646865,0.1119687408208847,0.3024846613407135,0.18880250421352684,0.04850783590992716,0.025397084653377533,0.25631365180015564,0.03491642128210515,0.031096938188069398,0.0,0.10623304545879364,0.18422569055110216,0.04760868313294355,0.024642765522003174,0.2462138682603836
top_erl_multiseed__seed_2,13,0.8568477034568787,0.421668611337985,0.8702649027718102,6.70801355188699,False,False,True,0.009348526218673214,0.013884392598876099,0.0,0.039791155606508255,-0.35151689988560975,0.7418847360066346,-1.7780632972717285,0.5769720673561096,0.22230545175261796,0.038886292897989706,0.1119687408208847,0.3024846613407135,0.19832613074686378,0.03467406914313238,0.025397084653377533,0.23909150063991547,0.028840812476119027,0.031049800780023062,0.0,0.10623304545879364,0.19346463913097978,0.03407506047001146,0.024642765522003174,0.22967034578323364
top_erl_multiseed__seed_2,14,0.9183465242385864,-0.277567343079057,0.8491761254519644,5.630253966908887,False,False,True,0.010636334889568388,0.01440425381773505,0.0,0.039827194064855576,0.049138354777824134,0.9299501744984647,-1.7859067916870117,1.5168266296386719,0.21238869917578995,0.04768075245750688,0.10537981986999512,0.3024846613407135,0.18482315656729043,0.05842506513324102,0.025397084653377533,0.25631365180015564,0.0320332607079763,0.027266125904720693,0.0,0.10623304545879364,0.18035543692531064,0.0572519799228564,0.024642765522003174,0.2462138682603836
top_erl_multiseed__seed_2,15,0.8511679172515869,0.38043197045214977,0.8495922317575547,5.648590933573516,False,False,True,0.009773307829163969,0.014107509828997885,0.0,0.03951897844672203,-0.25671969208633527,0.7928346135616199,-1.7859067916870117,0.7793160080909729,0.2289530944544822,0.02291275133971557,0.18357396125793457,0.3024846613407135,0.19939145748503506,0.025254336898835134,0.1542372852563858,0.25631365180015564,0.034436326212016866,0.024682572097003554,0.0,0.0759689211845398,0.19451676774770021,0.025080959283004075,0.14815972745418549,0.2462138682603836
top_erl_multiseed__seed_2,16,0.5006299018859863,-0.1664643471230582,0.8651326909832087,6.414699359453753,False,False,True,0.0096109502192121,0.012646107323025853,0.0,0.039827194064855576,-0.006396752083674073,0.6629409857867756,-1.7859067916870117,1.5168266296386719,0.2173296599648893,0.042169722587245655,0.10537981986999512,0.3024846613407135,0.19269252417143434,0.05447106224961568,0.025397084653377533,0.23580749332904816,0.029310641111806035,0.024086973862829226,0.0,0.09459884464740753,0.18801901856204495,0.05339528356613883,0.024642765522003174,0.2265157401561737
top_erl_multiseed__seed_2,17,0.34566962718963623,-0.14042671142483948,0.8476455591274251,5.563641954069279,False,False,True,0.010490106942597777,0.01426132635092346,0.0,0.039827194064855576,0.03592510020826012,0.5528909013944947,-1.5558478832244873,1.5168266296386719,0.21173894358798862,0.04523675775982912,0.10537981986999512,0.3024846613407135,0.18391302111558616,0.061210870725155714,0.025397084653377533,0.23909150063991547,0.03225935823866166,0.028341855988231978,0.0,0.09459884464740753,0.17947958450531587,0.059976238861638595,0.024642765522003174,0.22967034578323364
top_erl_multiseed__seed_2,18,0.8879367113113403,-0.17210560097339142,0.8795694919956357,7.3035427024742825,False,False,True,0.008416041120653972,0.012625658794188527,0.0,0.03932659700512886,-0.4519285730784759,0.669152626220785,-1.7859067916870117,0.683509886264801,0.2028842899017036,0.041852784749073224,0.1119687408208847,0.3024846613407135,0.1828594027319923,0.05251568274329523,0.025397084653377533,0.23580749332904816,0.024433453392703086,0.02940371168462615,0.0,0.09459884464740753,0.17845083610154688,0.05158679368016698,0.024642765522003174,0.2265157401561737
top_erl_multiseed__seed_2,19,0.9711291790008545,-0.17518356907879698,0.8728641074516031,6.865597565831404,False,False,True,0.009165664407191798,0.012812286480854293,0.0,0.039827194064855576,-0.11101676995167509,0.9200294150089219,-1.7859067916870117,1.5168266296386719,0.2195003144443035,0.04232180324565721,0.10537981986999512,0.3024846613407135,0.19638943229801953,0.04392074320018501,0.03572564572095871,0.23909150063991547,0.027906366158276796,0.02510909471127427,0.0,0.10623304545879364,0.1915939477039501,0.04308476225600083,0.03466456010937691,0.22967034578323364
top_erl_multiseed__seed_2,20,0.6745166778564453,0.3911946599024044,0.9158837308229849,10.888304457161727,False,False,True,0.005073201056802645,0.010100339544385311,0.0,0.039791155606508255,-0.10270457773003727,0.765708181296942,-1.7859067916870117,0.7793160080909729,0.22259581787511706,0.031004080587448753,0.14828519523143768,0.29644906520843506,0.20902710710652173,0.022053253703671963,0.15436790883541107,0.25631365180015564,0.018723922839853913,0.01965587114027448,0.0,0.10623304545879364,0.20387189416214824,0.021702534388274637,0.14828519523143768,0.2462138682603836
top_erl_multiseed__seed_2,21,0.6108776926994324,0.012503714990838861,0.8628360368802922,6.290544668261476,False,False,True,0.010015719308285043,0.014365461581910988,0.0,0.039827194064855576,0.06830448942491785,0.764379365031775,-1.7859067916870117,1.5168266296386719,0.22926294431090355,0.03758619905462209,0.10537981986999512,0.29644906520843506,0.20279941335320473,0.046530881472249104,0.025397084653377533,0.25631365180015564,0.031446603941731155,0.025420724512345925,0.0,0.10623304545879364,0.19781633949605748,0.04547375405435909,0.024642765522003174,0.2462138682603836
top_erl_multiseed__seed_2,22,0.9439720511436462,0.5159927561212022,0.8737528984680979,6.920976513839918,False,False,True,0.008938889804994687,0.01196823009174684,0.0,0.039791155606508255,-0.30460500268964097,0.8193841164166111,-1.7859067916870117,0.5769720673561096,0.23713662335649133,0.02548730074596198,0.18561428785324097,0.3024846613407135,0.21243452792987227,0.02014176413298769,0.1542372852563858,0.23909150063991547,0.029937792394775897,0.02199949780089065,0.019113847985863686,0.10623304545879364,0.2071988305542618,0.019923686442221995,0.14815972745418549,0.22967034578323364
top_erl_multiseed__seed_2,23,0.6991519927978516,0.15260695421489093,0.8769110178391794,7.124206909121772,False,False,True,0.00853524191188626,0.013556001805794611,0.0,0.039791155606508255,-0.16894777305424213,0.7439354736642948,-1.7859067916870117,0.683509886264801,0.22159059601835907,0.03555045923948654,0.1119687408208847,0.29644906520843506,0.19919068098533899,0.03594883331666198,0.025397084653377533,0.2336954027414322,0.027275341388303787,0.025931486218829555,0.0,0.10623304545879364,0.19431525329127908,0.035341742629280755,0.024642765522003174,0.2279600203037262
top_erl_multiseed__seed_2,24,0.21438637375831604,0.08743234826318291,0.8544053791217372,5.868386272843008,False,False,True,0.010343995207222179,0.0150993720780258,0.0,0.039827194064855576,0.28621600673068315,0.46124214950665626,-1.0720194578170776,1.5168266296386719,0.22905943146906793,0.04154768839937771,0.10537981986999512,0.29644906520843506,0.2006455814698711,0.03444679443713149,0.03572564572095871,0.25631365180015564,0.03334980824729428,0.03390999196109628,0.0,0.10623304545879364,0.19570962170837447,0.03374569767199232,0.03466456010937691,0.2462138682603836
top_erl_multiseed__seed_2,25,1.073005199432373,-0.17299137818402116,0.8833315141238368,7.5712915432642065,False,False,True,0.008007078227819875,0.01319699455831807,0.0,0.039827194064855576,-0.07887685380410403,0.985761850511543,-1.7859067916870117,1.5168266296386719,0.21495496621355414,0.03928469186358273,0.10537981986999512,0.27537471055984497,0.19462297670543194,0.04502289570557065,0.03572564572095871,0.25631365180015564,0.02507847233209759,0.019902679343740078,0.0,0.07355291396379471,0.18987649341579527,0.04415717801174911,0.03466456010937691,0.2462138682603836
top_erl_multiseed__seed_2,26,0.6146272420883179,-0.2010031059326725,0.8799454129313985,7.329547927762731,False,False,True,0.008263181371148676,0.01355473234573303,0.0,0.039827194064855576,0.20107318018563092,0.7739350827520652,-1.7780632972717285,1.5168266296386719,0.21871964843012393,0.04328414393828224,0.10537981986999512,0.29644906520843506,0.19729163916781545,0.04650133147976723,0.03572564572095871,0.25631365180015564,0.026258276775479317,0.024472375257183286,0.0,0.10623304545879364,0.19246137014124542,0.04549830944819829,0.03466456010937691,0.2462138682603836
top_erl_multiseed__seed_2,27,1.0544122457504272,-0.3301289214689503,0.8619323005767999,6.242823285141098,False,False,True,0.010162954597035423,0.01252889194112769,0.0,0.039827194064855576,-0.2010719800600782,0.9202167188722504,-1.7859067916870117,1.5168266296386719,0.22495187795720994,0.04031100716972118,0.10537981986999512,0.3024846613407135,0.19874416152015328,0.04515676021760022,0.03572564572095871,0.23909150063991547,0.03105858087656088,0.021258851224018875,0.0,0.0759689211845398,0.19389329652767628,0.044287816102332796,0.03466456010937691,0.22967034578323364
top_erl_multiseed__seed_2,28,0.7719691395759583,0.2213159169584875,0.9006520006859065,9.065630998558019,False,False,True,0.0065959357598330826,0.011230772628724925,0.0,0.03951897844672203,-0.22189655201509595,0.7632016122693956,-1.7859067916870117,0.7793160080909729,0.22399702295660973,0.030339516459132965,0.14828519523143768,0.3024846613407135,0.20683446573093534,0.022712282794142023,0.1542372852563858,0.25631365180015564,0.022253642353462055,0.01963997847779292,0.0,0.0759689211845398,0.20174338039942086,0.02241893933295229,0.14815972745418549,0.2462138682603836
top_erl_multiseed__seed_2,29,0.42482101917266846,-0.1692680409546663,0.8281151028965367,4.8178463394327,False,False,True,0.0122643711802084,0.015810105708671467,0.0,0.039827194064855576,0.23297646967694163,0.6426147626271239,-1.7780632972717285,1.5168266296386719,0.22272574505768716,0.044829335926618606,0.10537981986999512,0.29644906520843506,0.18903670611325651,0.05277807189597106,0.025397084653377533,0.23909150063991547,0.03828318684827536,0.029650254398945017,0.0,0.10623304545879364,0.1844425565795973,0.05170626970345774,0.024642765522003174,0.22967034578323364
top_erl_multiseed__seed_2,30,0.5422285795211792,0.2905680255555111,0.8534850464519658,5.82524051914016,False,False,True,0.010064501751912758,0.014478511113992332,0.0,0.039791155606508255,-0.16155703546246514,0.6437973326064471,-1.7780632972717285,0.6791706681251526,0.21445083944126964,0.04089689852861784,0.1119687408208847,0.29644906520843506,0.18756846350152045,0.05373280692170486,0.025397084653377533,0.23909150063991547,0.03142025729175657,0.029778747844304645,0.0,0.10623304545879364,0.1830305818002671,0.052716445889519216,0.024642765522003174,0.22967034578323364
top_erl_multiseed__seed_2,31,0.7921305894851685,-0.13811549777303125,0.8540586169984048,5.852067147828469,False,False,True,0.01023197267204523,0.014660912576129876,0.0,0.039827194064855576,0.05170079477829859,0.8676635025627357,-1.7859067916870117,1.5168266296386719,0.20965671725571156,0.0495779200045457,0.10537981986999512,0.3024846613407135,0.1835006036562845,0.05178763713616684,0.025397084653377533,0.25631365180015564,0.03059757748269476,0.032201143159260114,0.0,0.10623304545879364,0.1790591386379674,0.050800103544805485,0.024642765522003174,0.2462138682603836
top_erl_multiseed__seed_2,32,0.6079775094985962,0.028981333509863698,0.8801394104867097,7.343024298561633,False,False,True,0.007537288794992492,0.01246349015549645,0.0,0.039827194064855576,0.09078010654775426,0.7696688137190905,-1.7859067916870117,1.5168266296386719,0.2168147589545697,0.036458037409162425,0.10537981986999512,0.2667463421821594,0.195584675995633,0.04815117635527172,0.025397084653377533,0.25631365180015564,0.025987540371716022,0.02070433349681448,0.0,0.09459884464740753,0.19082721712766215,0.047219933825830146,0.024642765522003174,0.2462138682603836
top_erl_multiseed__seed_2,33,1.0952867269515991,0.29572000353412725,0.9149808326957546,10.762052470580224,False,False,True,0.005857473239302635,0.011285461947498037,0.0,0.039791155606508255,-0.522779373335652,0.7513355557340401,-1.7859067916870117,0.683509886264801,0.21517132595181465,0.03356750614320867,0.14828519523143768,0.3024846613407135,0.20184884849004447,0.016229313830328544,0.15436790883541107,0.23580749332904816,0.01829368030303158,0.02514646172003473,0.0,0.10623304545879364,0.19687764532864094,0.016240162358656156,0.14828519523143768,0.2279600203037262
top_erl_multiseed__seed_2,34,0.4032190442085266,0.2363902368670063,0.8933990878287343,8.380778664364819,False,False,True,0.007521339633967727,0.012450965603440108,0.0,0.03932659700512886,-0.08365164964925498,0.569132945168132,-1.7780632972717285,0.7793160080909729,0.21408475586213171,0.040942073387390976,0.1119687408208847,0.3024846613407135,0.19605653127655387,0.04831151112615864,0.025397084653377533,0.25631365180015564,0.022821630554972216,0.02603602703620298,0.0,0.09459884464740753,0.19126312504522502,0.04727683111473478,0.024642765522003174,0.2462138682603836
top_erl_multiseed__seed_2,35,0.7494065165519714,0.2908863667577246,0.8453017004704175,5.464196288491695,False,False,True,0.011275989294517785,0.01471591640357093,0.0,0.039791155606508255,-0.16450360364979133,0.7769434769782383,-1.7859067916870117,0.6791706681251526,0.2344384454190731,0.03186922644327788,0.18357396125793457,0.3024846613407135,0.20316280284896493,0.01738326721913907,0.1542372852563858,0.23580749332904816,0.03626721233013086,0.03065429218594724,0.0,0.10623304545879364,0.19817123212851584,0.017475903152126836,0.14815972745418549,0.2279600203037262
top_erl_multiseed__seed_2,36,0.7768240571022034,-0.19103313668442315,0.9139630215833461,10.622909339717499,False,False,True,0.005402400274761021,0.010890089456923921,0.0,0.039827194064855576,-0.019801986345555633,0.843061182583095,-1.7859067916870117,1.5168266296386719,0.21047133300453424,0.03639132443903218,0.10537981986999512,0.2667463421821594,0.1971885859966278,0.04436970360733663,0.03572564572095871,0.25631365180015564,0.01810830703470856,0.017323865050150915,0.0,0.07355291396379471,0.1923630250385031,0.04346824810185609,0.03466456010937691,0.2462138682603836
top_erl_multiseed__seed_2,37,0.7416293025016785,0.0827285826719837,0.8948386669511268,8.509197245141875,False,False,True,0.007274202274857089,0.010535377085623748,0.0,0.03932659700512886,-0.22869352396810427,0.7346151172335079,-1.7859067916870117,0.683509886264801,0.2240604911930859,0.03475113918318478,0.1119687408208847,0.3024846613407135,0.20553680846933275,0.0371172821327568,0.025397084653377533,0.23909150063991547,0.023562494723591954,0.019574150769788256,0.0,0.09459884464740753,0.20049799629487097,0.03643491979039506,0.024642765522003174,0.22967034578323364
top_erl_multiseed__seed_2,38,0.10170404613018036,0.1276471863264146,0.8316666722007611,4.940593262828979,False,False,True,0.012340341636445373,0.0151901420218649,0.0,0.039791155606508255,0.22024136339314282,0.321443296564787,-0.5117616057395935,0.7793160080909729,0.2204654300585389,0.0488907914761091,0.1119687408208847,0.3024846613407135,0.18790844350587577,0.05571157557940557,0.025397084653377533,0.25631365180015564,0.03711167743313126,0.03298388498009347,0.0,0.10623304545879364,0.18335375259630382,0.05457575259942293,0.024642765522003174,0.2462138682603836
top_erl_multiseed__seed_2,39,0.39394500851631165,0.0899856950217472,0.8926171394752226,8.3124749806722,False,False,True,0.007205955538665876,0.011385426508207102,0.0,0.03951897844672203,0.054764504078775644,0.6044717433684672,-1.7859067916870117,0.7793160080909729,0.22995975078083575,0.025684094432183807,0.18357396125793457,0.3024846613407135,0.21045113960281014,0.022037866966508682,0.1542372852563858,0.25631365180015564,0.02469372146879323,0.017856144910865842,0.0,0.0759689211845398,0.20526602864265442,0.021734950645718724,0.14815972745418549,0.2462138682603836
top_erl_multiseed__seed_2,40,0.9953508377075195,0.11612430178477272,0.871958105192272,6.809949868573857,False,False,True,0.00916383825824596,0.014025928917433763,0.0,0.039827194064855576,-0.2030210032244213,0.9030174309860821,-1.7859067916870117,1.5168266296386719,0.22780941636301577,0.032118974195192516,0.10537981986999512,0.27537471055984497,0.2036483014235273,0.03603717670655571,0.03572564572095871,0.25631365180015564,0.02916911680949852,0.02123684390242256,0.0,0.07413749396800995,0.19864029943710193,0.03528915800012258,0.03466456010937691,0.2462138682603836
top_erl_multiseed__seed_2,41,0.48085761070251465,0.053641078441090374,0.8847419713895981,7.676190687098278,False,False,True,0.007888777006883174,0.013422037683283846,0.0,0.039791155606508255,0.008562052971683443,0.6596190438034175,-1.7859067916870117,0.7793160080909729,0.22536336653865874,0.03230878533044112,0.14828519523143768,0.29644906520843506,0.20442458824254572,0.021277693767965396,0.1542372852563858,0.25631365180015564,0.025974910706281662,0.025764635382521425,0.0,0.10623304545879364,0.19938845606520772,0.021010850609423013,0.14815972745418549,0.2462138682603836
top_erl_multiseed__seed_2,42,0.45643046498298645,0.29534422765046725,0.9049912326589192,9.525351185005906,False,False,True,0.006284514180151746,0.011132088762328492,0.0,0.03951897844672203,-0.12090321618597955,0.5904749421717818,-1.7780632972717285,0.6791706681251526,0.22111620847135782,0.02877203210950613,0.18052728474140167,0.3024846613407135,0.20515632489696145,0.02049202458393003,0.1542372852563858,0.23909150063991547,0.021007956034736708,0.020365331351938427,0.0,0.0759689211845398,0.2001082522328943,0.02032189387930071,0.14815972745418549,0.22967034578323364
top_erl_multiseed__seed_2,43,0.41209161281585693,-0.4667551787104746,0.8731056794403745,6.88056832710212,False,False,True,0.008934123878134415,0.01332226231865475,0.0,0.039827194064855576,0.24508783500641584,0.6217053262043767,-1.5558478832244873,1.5168266296386719,0.22148422338068485,0.04030607704754727,0.10537981986999512,0.3024846613407135,0.19822983955964446,0.04631194292758971,0.03572564572095871,0.25631365180015564,0.02810510076233186,0.02187743862365602,0.0,0.0759689211845398,0.19337912241462618,0.04533216291347597,0.03466456010937691,0.2462138682603836
top_erl_multiseed__seed_2,44,0.9611328840255737,0.3185307877392509,0.8892895782422395,8.032568541240854,False,False,True,0.007746954885078594,0.012326584663469742,0.0,0.03951897844672203,-0.3045887956977822,0.8329156067112097,-1.7780632972717285,0.7793160080909729,0.22701964736916125,0.0304348547414924,0.14828519523143768,0.3024846613407135,0.20698348293080926,0.02291473959572143,0.1542372852563858,0.25631365180015564,0.02513344559702091,0.020882491736048097,0.0,0.0759689211845398,0.2018862022086978,0.022586258490427776,0.14815972745418549,0.2462138682603836
top_erl_multiseed__seed_2,45,0.6324800252914429,-0.05034182673761373,0.8562228040862235,5.9552066128203185,False,False,True,0.01004743023077026,0.014857194507653142,0.0,0.039827194064855576,-0.12582744978135452,0.7161175872534059,-1.7859067916870117,1.5168266296386719,0.21374303405173123,0.039097644773642644,0.10537981986999512,0.27537471055984497,0.18756380176637322,0.05223588453176633,0.025397084653377533,0.22821873426437378,0.030731361242942512,0.027599975237511315,0.0,0.09459884464740753,0.1830116724013351,0.05121571259720906,0.024642765522003174,0.22593654692173004
top_erl_multiseed__seed_2,46,0.1764380782842636,0.003217009826998966,0.8677860953717065,6.563498591830231,False,False,True,0.009528380003757775,0.012893638090535417,0.0,0.039791155606508255,0.07040351920295507,0.3867713219184573,-1.0720194578170776,0.683509886264801,0.23029009392485023,0.03707504891353405,0.1119687408208847,0.3024846613407135,0.20487476408015937,0.038562537381552124,0.025397084653377533,0.23909150063991547,0.030447554832790047,0.02679047131455619,0.0,0.10623304545879364,0.19984253821894526,0.03776002006481002,0.024642765522003174,0.22967034578323364
top_erl_multiseed__seed_2,47,0.678021252155304,-0.08686082302387572,0.869590273067384,6.668140983998598,False,False,True,0.009685697179520503,0.014350256311557718,0.0,0.039827194064855576,-0.02571994997560978,0.781596053111896,-1.7859067916870117,1.5168266296386719,0.216881598578766,0.04561052473267803,0.10537981986999512,0.3024846613407135,0.19332659523934126,0.0462423527407569,0.025397084653377533,0.25631365180015564,0.028283457417273894,0.029736634015592487,0.0,0.10623304545879364,0.18859814101597294,0.04526262310174659,0.024642765522003174,0.2462138682603836
top_erl_multiseed__seed_2,48,0.6193989515304565,0.06116991843742753,0.8766215990313531,7.105147963976424,False,False,True,0.008084182249149308,0.01338192256593713,0.0,0.03932659700512886,-0.1928900750936009,0.6813623290233697,-1.7859067916870117,0.683509886264801,0.2031788039021194,0.03837791910857492,0.1119687408208847,0.27537471055984497,0.18250465963501483,0.052794470477834074,0.025397084653377533,0.2336954027414322,0.02506786066805944,0.027453972501406493,0.0,0.09459884464740753,0.17811094201169908,0.05187700119876692,0.024642765522003174,0.2279600203037262
top_erl_multiseed__seed_2,49,1.1142699718475342,-0.08974312077126471,0.8708585566833967,6.743446702707715,False,False,True,0.00914155738428235,0.013624538294114905,0.0,0.039827194064855576,-0.27813417522702366,0.9281476222984577,-1.7859067916870117,1.5168266296386719,0.2155092537868768,0.04345744804180601,0.10537981986999512,0.3024846613407135,0.19236303842626512,0.04559621891030212,0.025397084653377533,0.23909150063991547,0.027831171493744478,0.027747787080244227,0.0,0.10623304545879364,0.1876780809252523,0.04473662551859406,0.024642765522003174,0.22967034578323364
